Bangla,Chatgaya
আমি আগে আরো অনেকবার আপনার দোকান থেকে বাজার করেছি,আঁই আগে আরো বতবার অঁনোর দোয়ানত্তুন বাজার গইজ্জি
সময়মতো খাবার না খেলে শরীর দুর্বল হয়ে যাবে,সময়মতো হানা ন হাইলি শরীল দুর্বল অই যাইবু
সময়মতো খাবার না খেলে শরীর দুর্বল হয়ে যাবে,সময়মতো হানা ন হাইলি শরীর দুর্বল অই যাইবু
"এবার বর্ষা আসার আগে ঘরটা ঠিক করে ফেলতে হবে, না হলে বর্ষাকালে বেশি কষ্ট হবে","এবার বর্ষা আইবের আগে ঘর ইয়েন ঠিক গরি ফেলন ফরিবু, নইলি বর্ষাহালে হষ্ট অইবু"
আর কত বাটপারি করবি বন্ধু? এবার ভাল হয়ে যা,আর হত বাটফারি গরিবি বন্ধু? এবার ভালা অই যা
আর কত বাটপারি করবি বন্ধু? এবার ভাল হয়ে যা,আর হত বাটফারি গরিবি বন্ধু? এবার গম অই যা
"আমি ঠিকমতো নাস্তা করতে পারিনি, সেজন্য জলদি খিদে লেগেছে","আঁই ঠিকগরি নাস্তা গরিত ন ফারি, এতেল্লে হারা ভুক লেইজ্ঞি"
"আমি ঠিকমতো নাস্তা করতে পারিনি, সেজন্য জলদি খিদে লেগেছে","আঁই ঠিকগরি নাস্তা গরিত ন ফারি, এতেল্লে তারাতারি ভুক লেইজ্ঞি"
"আমি ঠিকমতো নাস্তা করতে পারিনি, সেজন্য জলদি খিদে লেগেছে","আঁই ঠিকগরি নাস্তা গরিত ন ফারি, এতেল্লে জলদি ভুক লেইজ্ঞি"
ফুলকপি কত করে? ভিতরে পোকা হবে না তো?,ফুলহপ্পি হত গরি? ভিতুরে ফুক অইবু না হনো?
ফুলকপি কত করে? ভিতরে পোকা হবে না তো?,ফুলহপ্পি হত গরি? ভিতুরে ফুগ অইবু না হনো?
তাড়াতাড়ি কলসি নিয়ে এক কলসি পানি নিয়ে এসো,তারাতারি গরা লই এক গরা পানি লই আইয়্যো
"আজকে বাসায় যাব না, আমি আমার বন্ধুর বাসায় থেকে যাচ্ছি","আজিয়ে বাসাত ন যাইয়্যুম, আঁই আঁর বন্ধুর বাসাত থাহি যাইর"
"আজকে বাসায় যাব না, আমি আমার বন্ধুর বাসায় থেকে যাচ্ছি","আজিইয়্যে বাসাত ন যাইয়্যুম, আঁই আঁর বন্ধুর বাসাত থাহি যাইর"
এই জামাটা একটু বড় সাইজে পাওয়া যাবে?,হুত্তা ইবে এক্কানা বরো সাইজুর পন যাইবু?
এই জামাটা একটু বড় সাইজে পাওয়া যাবে?,হুত্তা ইবে ইক্কিনি বরো সাইজুর পন যাইবু?
আমরা যেখানে যাচ্ছি সেখানে নেটওয়ার্কে অনেক সমস্যা হয়,আঁরা যেনডে যাইর এনডে নেটওয়ার্ক উত বত সমস্যা অয়
ঘরে ঢোকার পূর্বে পাপোশে একবার পাগুলো মুছে তারপর ঢুকিও,ঘরোত ঢোকিবের আগে ফাফোসুত একবার টেং এগিন মুছি তারপর ঢুইক্কো
"বন্ধু, যদি পারিস তাহলে আমাকে একটা চাকরি খুঁজে দে","বন্ধু, যরি পারুস তইলি আঁরে এক্কান চঅরি থোওয়াই দে"
এই মেয়েটা তোকে পছন্দ করে মনে হয়,এই মেইফুওয়া ইবে তোরে পছন্দ গরে মনে অয়
আমাদের এখানে অনেক বড় একটা মার্কেট খুলেছে,আঁরার এনডে বত বরো উজ্ঞো মার্কেট খুইল্লি
"মাথা ঠান্ডা করো, আমি কি বলি মনোযোগ দিয়ে শোনো","মাথা ঠান্ডা গরো, আঁই কি হইর মন দি উনো"
ঘরে ছোট ছোট বাচ্চা থাকলে মন খারাপ করে থাকা যায় না,ঘরুত গুরো গুরো বাইচ্চে থাহিলি মন হারাপ গরি থাহন ন যায়
প্রশ্ন দেখে আমার মাথা ঘুরে গেছে,প্রশ্ন দেহি রে আঁর মাথা ঘুরি গেইয়্যি
আমাকে এই বিপদ থেকে উদ্ধার করো,আঁরে এই বিপদ উত্তুন উদ্ধার গরো
"দোয়া করিস বন্ধু, সামনে অনেক কাজ","দোয়া গরিস বন্ধু, সামনে বত হাম"
"দোয়া করিস বন্ধু, সামনে অনেক কাজ","দোয়া গরিস বন্ধু, সামনে বত হাজ"
"এত বকবক না করে কাজে মন দাও, সব কাজ পড়ে আছে","এত বকবক ন গরি হাজুত মন দও, বিয়াক হাজ পরি আছে"
"এত বকবক না করে কাজে মন দাও, সব কাজ পড়ে আছে","এত বকবক ন গরি হাজুত মন দও, বিয়াক হাম পরি আছে"
দাঁতের মাজনটা কোথায় আম্মু?,দাতোর মাজন ইবে হনডে আম্মু?
দাঁতের মাজনটা কোথায় আম্মু?,দাতোর মাজন ইবে হডে আম্মু?
বাইরে কোথাও থেকে ঘুরে আসলে মন ভাল হয়ে যাবে,বাইরে হনোমিক্কেত্তুন ঘুরি আইলি মন ভালা অই যাইবো
বাইরে কোথাও থেকে ঘুরে আসলে মন ভাল হয়ে যাবে,বাইরে হনোমিক্কেত্তুন ঘুরি আইলি মন গম অই যাইবো
বাইরে কোথাও থেকে ঘুরে আসলে মন ভাল হয়ে যাবে,বাদ্দি হনোমিক্কেত্তুন ঘুরি আইলি মন ভালা অই যাইবো
"সকালে বের হওয়ার সময় মনে হয়েছিল বৃষ্টি আসবে না, কিন্তু বের হওয়ার কিছুক্ষণের মধ্যেই বৃষ্টি চলে আসে","বেইন্নে বাইর অইবের সমত মনে অইয়্যিল ঝর নো আইবু, কিন্তু বাইর অইবের কিছুক্ষনুর মধ্যেই ঝর চলি আইসসি"
"সকালে বের হওয়ার সময় মনে হয়েছিল বৃষ্টি আসবে না, কিন্তু বের হওয়ার কিছুক্ষণের মধ্যেই বৃষ্টি চলে আসে","ফজোরত বাইর অইবের সমত মনে অইয়্যিল ঝর নো আইবু, কিন্তু বাইর অইবের কিছুক্ষনুর মধ্যেই ঝর চলি আইসসি"
আমি ওখানে যাওয়ার জন্য লাফাচ্ছি না,আঁই অনডে যাইবের লাই ন ফালাইর
"যারা সাগরের আশপাশে আছে, তাদের জন্য অনেক বিপজ্জনক",যারা সগরুর আশে পাশে আছে ইতারার লাই বত বিপজ্জনক
"যারা সাগরের আশপাশে আছে, তাদের জন্য অনেক বিপজ্জনক",যারা সগরুর আশে ডাহে আছে ইতারার লাই বত বিপজ্জনক
"কাল কোন শব্দ নেই, আজকে থেকেই শুরু করতে হবে","হালিয়ে হনো শব্দ নেই, আজিয়েত্তুন শুরু গরন ফরিবু"
বর্ষাকাল আসলে আমাদের বেড়িবাঁধ ভেঙে যায়,বর্ষাহাল আইলি আঁরার হাডি ভাঙি যায়
"আমাদের এখানে ঘুরার জন্য অনেক জায়গা আছে, আশা করি তোমার ভালো লাগবে","আঁরার এনডে ঘুরিবের লাই বত জাগা আছে, আশা গরি তোঁয়ার ভালা লাগিবু"
"আমাদের এখানে ঘুরার জন্য অনেক জায়গা আছে, আশা করি তোমার ভালো লাগবে","আঁরার এনডে ঘুরিবের লাই বত জাগা আছে, আশা গরি তোঁয়ার গম লাগিবু"
মাংস বিক্রেতাগুলো বেশি খারাপ,গোস্ত বিয়ারি এগুন বেশি হারাফ
শীতকালে অনেক রকমের পিঠা পাওয়া যায়,শীতহালে বত রহমুর পিডে পন যায়
গোসল করে আসার সময় তোর বাবার লুঙ্গিটাও ধুয়ে আনিস,গোসল গরি আইবের সমত তুর বাফুর লুঙ্গি ইয়েন অ ধুয় আনিস
"বারবার বলেছি, শহরে গেলে মোবাইল সাবধানে রাখতে",বারবার হইলাম শরুত গেলি মোবাইল সাবধানে রাখতো
"কুতুবদিয়া যেতে চাইলে নৌকা নিয়ে যেতে হবে, যেটা অনেক ঝুঁকিপূর্ণ","কুতুবদিয়ে যেতু চাইলি নৌকো লই যন ফরিবু, যিয়েন বত রিস্ক"
"আমি আগেও বলেছি এবং এখনও বলছি, এই কাজ করা আমার পক্ষে সম্ভব না","আঁই আগেও হই আর এহনও হইর, হাম ইয়েন গরন আঁর পক্ষে সম্ভব ন"
"আমি আগেও বলেছি এবং এখনও বলছি, এই কাজ করা আমার পক্ষে সম্ভব না","আঁই আগেও হই আর এহনও হইর, হাজ ইয়েন গরন আঁর পক্ষে সম্ভব ন"
তারা দুজন অনেক ভাল বন্ধু,ইতারা দুনুজন বত ভালা বন্ধু
তারা দুজন অনেক ভাল বন্ধু,ইতারা দুনুজন বত গম বন্ধু
আমি আর আমার স্ত্রী মিলে সবকিছু রেডি করেছি,আঁই আর আঁর বউ মিলি বিয়াক কিছু রেডি গইজ্জি
"আজকের মধ্যে সবকিছু গুছিয়ে ফেলতে হবে, যেন আগামীকাল সকালে বের হয়ে যেতে পারি","আজিয়ের মধ্যে বিয়াক কিছু গুছায় ফেলন ফরিবু, যেন হালিয়ে বেইন্নে বাইর অই যাইত পারি"
"আজকের মধ্যে সবকিছু গুছিয়ে ফেলতে হবে, যেন আগামীকাল সকালে বের হয়ে যেতে পারি","আজিয়ের মধ্যে বিয়াক কিছু গুছায় ফেলন ফরিবু, যেন হালিয়ে ফজোরত বাইর অই যাইত পারি"
"আপনি তো দাম আপনারটা ধরে বসে আছেন, আমাকে কিছু বলার সুযোগ দিচ্ছেন না","অঁনে তো দাম অঁনোরগান ধরি বই থেইক্কুন, আঁরে কিছু হইবের সুযোগ নইদ্দে লেইজ্ঞুন"
এমনভাবে মাথা ঘুরাচ্ছে যেন মনে হচ্ছে দুনিয়াটা ঘুরতাছে,এন গরি মাথা ঘুরাদ্দে যেন মনে অর দুনিয়ে ইয়েন ঘুরের
"আমার গত তিন মাস ধরে বুকে ব্যথা, মেডিকেলে গিয়ে টেস্ট করে দেখতে হবে","আঁর গত তিন মাস ধরি বুকুত ব্যথা, মেডিকেলুত যাই টেস্ট গরি চন ফরিবু"
"কাপড়টা বেশি ময়লা হয়ে গেছে, ধুয়ে ফেলতে হবে আজকে","হর ইবে বেশি হাচারা অই গেইয়্যি, আজিয়ে ধুই ফেলন ফরিবু"
"কাপড়টা বেশি ময়লা হয়ে গেছে, ধুয়ে ফেলতে হবে আজকে","হর ইবে বেশি হাচারা অই গেইয়্যি, আজিইয়্যে ধুই ফেলন ফরিবু"
"কাপড়টা বেশি ময়লা হয়ে গেছে, ধুয়ে ফেলতে হবে আজকে","হর ইবে বেশি ময়লা অই গেইয়্যি, আজিয়ে ধুই ফেলন ফরিবু"
"আমার একটু খারাপ লাগছে, আমি যেতে পারব না","আত্তুন এক্কানা হারাপ লার, আঁই যাইত ফাইত্তাম নো"
"আমার একটু খারাপ লাগছে, আমি যেতে পারব না","আত্তুন ইক্কিনি হারাপ লার, আঁই যাইত ফাইত্তাম নো"
অনেকদিন হয়ে গেল আমার ভালোবাসার মানুষটাকে দেখি না,বতদিন অই গেইয়্যি আঁর ভালোবাসার মানুষ ইবেরে ন দেহির
"লুকিয়ে থেকে লাভ নাই, আমি তোমাকে দেখে ফেলেছি","গুজি থাহি লাভ নাই, আঁই তোঁয়ারে দেহি ফেলাই"
বাতাসের কারণে আমার গাছের সব আম পড়ে গেছে,বাতাসুর হারনে আঁর গাছুর বিয়াক আম পরি গেইয়্যি
"আমার এখন কোন কিছু মনে থাকে না, সব ভুলে যাই","আঁর এহন হনো কিছু মনোত ন থাহে, বিয়াক ভুলি যাই"
"ভাই, দাম আমি একটা বলব?","বদ্দা, দাম আঁই এক্কান হইয়্যুম?"
"বাইক এক্সিডেন্ট করে এক সপ্তাহ ধরে হাসপাতালের বেডে শুয়ে আছি, আমার কোনো বন্ধুই দেখতে আসল না","বাইক এক্সিডেন্ট গরি এক সপ্তাহ ধরি হাসপাতালুর বেডুত শুই আছি, আঁর হনো বন্ধুই সাইতু ন আইয়্যি"
"তুমি এখন ভাত খেও না, আমি একটু পর আলু ভর্তা করে দিচ্ছি","তুঁই এহন ভাত ন হাইয়্যু, আঁই এক্কানা ফর আলু ভত্তা গরি দির"
"তুমি এখন ভাত খেও না, আমি একটু পর আলু ভর্তা করে দিচ্ছি","তুঁই এহন ভাত ন হাইয়্যু, আঁই ইক্কিনি ফর আলু ভত্তা গরি দির"
"তুমি এখন ভাত খেও না, আমি একটু পর আলু ভর্তা করে দিচ্ছি","তুঁই এহন ভাত ন হাইয়্যু, আঁই এক্কানা ফর আলু চান্নি গরি দির"
"তানিয়ার মা নাকি অসুস্থ, তাই সে যেতে পারবে না","তানিয়ের মা বলে অসুস্থ, এতেল্লে ইতি যাইত ন ফারিবু"
"ভাই, তোর জন্য কিছু মিষ্টি এনেছি, নিয়ে যা, তোর অনেক পছন্দের জিনিস!","বদ্দা, তুর লাই কিছু মিষ্টি আইন্নি, লই যা, তুর বত পছন্দের জিনিস!"
"বন্ধুর সঙ্গে বাইক নিয়ে বের হয়েছিলাম, রাস্তায় হঠাৎ বৃষ্টি চলে আসে","বন্ধুর লগে বাইক লই বাইর অইলাম, রাস্তাত হঠাৎ ঝর চলি আইসসি"
আসসালামু আলাইকুম ভাই,আসসালামু আলাইকুম বদ্দা
"ভাই, বৃষ্টি চলে আসছে, একটু বাসের জানালাগুলো বন্ধ করে দেন","বদ্দা, বৃষ্টি চলি আইসসি, এক্কানা বাসুর জানালা এগিন বন্ধ গরি দন"
"ভাই, বৃষ্টি চলে আসছে, একটু বাসের জানালাগুলো বন্ধ করে দেন","বদ্দা, বৃষ্টি চলি আইসসি, ইক্কিনি বাসুর জানালা এগিন বন্ধ গরি দন"
"শীতকালে ভোরে অনেক কুয়াশা থাকে, বাইরে অনেক দূর পর্যন্ত কোনো কিছু দেখা যায় না","শীতহালে ফোওয়াত্তে বত বেশি হুয়া থাহে, বাদ্দি বত দুর পর্যন্ত হনো কিছু দেহা ন যায়"
"শীতকালে ভোরে অনেক কুয়াশা থাকে, বাইরে অনেক দূর পর্যন্ত কোনো কিছু দেখা যায় না","শীতহালে ফোওয়াত্তে বত বেশি হুয়া থাহে, বাইরে বত দুর পর্যন্ত হনো কিছু দেহা ন যায়"
"এটা করা একদম ঠিক হবে না, তুমি আরেকবার চিন্তা করে দেখো","ইয়েন গরন একদম ঠিক ন অইবু, তুঁই আরেকবার চিন্তে গরি সো"
কতদিনের মধ্যে কাজ হবে ভাই?,হতদিনোর মধ্যে হাম অইবু বদ্দা?
কতদিনের মধ্যে কাজ হবে ভাই?,হতদিনোর মধ্যে হাজ অইবু বদ্দা?
"আচ্ছা, তুই যে এত খাস, সেই খাবারগুলো যায় কোথায়?","আইচ্ছে, তুই যে এত হস, এই হানা এগিন যায় হনডে?"
রিয়াল মাদ্রিদ হেরে যাওয়াতে মনটা খারাপ হয়ে গেল,রিয়াল মাদ্রিদ অডি যনে মন ইয়েন হারাপ অই গেল
"কারেন্ট এখনো আসেনি, এখন বসে বসে অপেক্ষা করা ছাড়া আর কী করার আছে?","কারোন এহনো ন আইয়্যি, এহন বই বই অপেক্ষা গরন ছারা আর কি গরিবের আছে?"
"কারেন্ট এখনো আসেনি, এখন বসে বসে অপেক্ষা করা ছাড়া আর কী করার আছে?","কারোন এইজু ন আইয়্যি, এহন বই বই অপেক্ষা গরন ছারা আর কি গরিবের আছে?"
"জলদি যাও, সূর্য ডোবার আগে কাজ শেষ কর","হারা যও, সূর্য ডুবিবের আগে হাম শেষ গরো"
"জলদি যাও, সূর্য ডোবার আগে কাজ শেষ কর","হারা যও, সূর্য ডুবিবের আগে হাজ শেষ গরো"
"জলদি যাও, সূর্য ডোবার আগে কাজ শেষ কর","তারাতারি যও, সূর্য ডুবিবের আগে হাম শেষ গরো"
"জলদি যাও, সূর্য ডোবার আগে কাজ শেষ কর","জলদি যও, সূর্য ডুবিবের আগে হাম শেষ গরো"
তুমি আমার কথায় কান না দিয়ে ওই দিকে কি দেখো?,তুঁই আঁর হতাত হান ন দি উইক্কে কি চায় থেইক্কো?
ওর সাহস কত! আমার নাম ধরে ডাকে,ইতের সাহস হতো! আঁর নাম ধরি ডাহে
আপনার কাছে কি সুতির পাঞ্জাবি আছে?,অঁনোর হাছে কি সুতোর পাঞ্জাবি আছে?
কি কিনব বাজার থেকে! সবকিছুর যে দাম!,কি কিননুম বাজারোত্তুন! বিয়াক কিছুর যে দাম!
মারুফ প্রথম বলেই আউট হয়ে গেছে,মারুফ পইল্লের বলেই আউট অই গেইয়্যি
"আমি এখন চলে যাচ্ছি, তুমি পরে আসিও","আঁই এহন চলি যাইর, তুঁই পরে আইস্যো"
মেয়েটা হাত মোজা পড়েছিল,মেইফুওয়া ইবে আত মৌজো ফইজ্জিল
সকালে আমি রুটি খাব,বেইন্নে আঁই রুটি হাইয়্যুম
সকালে আমি রুটি খাব,ফজোরত আঁই রুটি হাইয়্যুম
"দেখে দেখে নেন, বেছে বেছে নেন, একদাম ২০০ টাকা","সাই সাই লন, বাছি বাছি লন, একদাম ২০০ টিয়া"
আমি কি বলেছি সেটা তুমি একটু ভাল করে চিন্তা করে দেখ,আঁই কি হইয়্যি ইয়েন তুঁই এক্কানা ভালা গরি চিন্তে গরি স
আমি কি বলেছি সেটা তুমি একটু ভাল করে চিন্তা করে দেখ,আঁই কি হইয়্যি ইয়েন তুঁই এক্কানা গম গরি চিন্তে গরি স
আমি কি বলেছি সেটা তুমি একটু ভাল করে চিন্তা করে দেখ,আঁই কি হইয়্যি ইয়েন তুঁই ইক্কিনি ভালা গরি চিন্তে গরি স
এগুলো কি আমি কিছু বুঝতে পারছিনা,এগুন কি আঁই কিছু বুঝিত ন ফারির
তোমার ছোট ছেলেটা বেশি বাহানা করে,তোঁয়ার ছোডো ফুওয়া ইবে বেশি তাল গরে
"তুমি একটু অপেক্ষা করো, আমরা একসাথে যাব","তুঁই এক্কানা অপেক্ষা গরো, আঁরা একলগে যাইয়্যুম"
"তুমি একটু অপেক্ষা করো, আমরা একসাথে যাব","তুঁই ইক্কিনি অপেক্ষা গরো, আঁরা একলগে যাইয়্যুম"
"তুমি একটু অপেক্ষা করো, আমরা একসাথে যাব","তুঁই এক্কানা অপেক্ষা গরো, আঁরা এক্কোত্তরে যাইয়্যুম"
"তুমি একটু অপেক্ষা করো, আমরা একসাথে যাব","তুঁই এক্কানা অপেক্ষা গরো, আঁরা এক্কোওয়ারে যাইয়্যুম"
"তুমি একটু অপেক্ষা করো, আমরা একসাথে যাব","তুঁই এক্কানা অপেক্ষা গরো, আঁরা এক্কোফুয়ারে যাইয়্যুম"
"লাইটটা একটু জ্বালিয়ে দাও, ঘরে অন্ধকার হয়ে গেছে","লাইট ইবে এক্কানা জালাই দও, ঘরুত আধার অই গেইয়্যি"
"লাইটটা একটু জ্বালিয়ে দাও, ঘরে অন্ধকার হয়ে গেছে","লাইট ইবে ইক্কিনি জালাই দও, ঘরুত আধার অই গেইয়্যি"
দুপুরের পর ঘুমালে আমার মাথা ব্যথা করে,দুইরগের পর ঘুম যাইলি আত্তুন মাথা ব্যথা গরে
"বন্ধু, এবার ঈদে আমাকে এক জোড়া জুতা গিফট কর","বন্ধু, এবার ঈদুত আঁরে এক জোরা জুতা গিফট গর"
"এবার ধান ক্ষেতে পোকা হয়েছে বেশি, সেজন্য বিষ দিতে হবে","এবার ধান ক্ষেতিত ফুক অইয়্যি বেশি, এতেল্লে বিষ দন ফরিবু"
"এবার ধান ক্ষেতে পোকা হয়েছে বেশি, সেজন্য বিষ দিতে হবে","এবার ধান ক্ষেতিত ফুগ অইয়্যি বেশি, এতেল্লে বিষ দন ফরিবু"
একটানা তিনটা ছক্কা মারার পর আউট হয়ে গেছি,এক লগে তিন্নো ছক্কা মারিবের পরে আউট অই গেই
১০টা খারাপ বন্ধুর চেয়ে একটা ভালো বন্ধু হলেই যথেষ্ট,দশশো হারাপ বন্ধুর চাইতে উজ্ঞো ভালা বন্ধু অইলিই যথেষ্ট
১০টা খারাপ বন্ধুর চেয়ে একটা ভালো বন্ধু হলেই যথেষ্ট,দশশো হারাপ বন্ধুর চাইতে উজ্ঞো গম বন্ধু অইলিই যথেষ্ট
তুমি আমার কথা শুনবে নাকি শুনবে না?,তুঁই কি আঁর হথা উনিবে নাকি নো উনিবে?
তুমি আমার কথা শুনবে নাকি শুনবে না?,তুঁই কি আঁর হতা উনিবে নাকি নো উনিবে?
"আগে আমি কিছুক্ষণ বিশ্রাম নিই, তারপর তোমার সঙ্গে কথা বলব","আগে আঁই হতক্ষন জিরেই, তারপর তোঁয়ার লগে হথা হইয়্যুম"
"আগে আমি কিছুক্ষণ বিশ্রাম নিই, তারপর তোমার সঙ্গে কথা বলব","আগে আঁই হতক্ষন জিরেই, তারপর তোঁয়ার লগে হতা হইয়্যুম"
"আজকে আমি নিজে তোমার জন্য রান্না করেছি, খেয়ে কেমন হয়েছে জানাবে","আজিয়ে আঁই নিজে তোঁয়ার লাই রান্না গইজ্জি, হাইয়্যিরে কেন অইয়্যি হইয়্যু"
"আজকে আমি নিজে তোমার জন্য রান্না করেছি, খেয়ে কেমন হয়েছে জানাবে","আজিইয়্যে আঁই নিজে তোঁয়ার লাই রান্না গইজ্জি, হাইয়্যিরে কেন অইয়্যি হইয়্যু"
মানুষটা সারাদিন ক্ষেতে কাজ করে,মানুষ ইবে ফুরোদিন ক্ষেতিত হাজ গরে
মানুষটা সারাদিন ক্ষেতে কাজ করে,মানুষ ইবে ফুরোদিন ক্ষেতিত হাম গরে
মানুষটা সারাদিন ক্ষেতে কাজ করে,মানুষ ইবে আরাদিন ক্ষেতিত হাজ গরে
"আজকে সকাল থেকে টিপটিপ বৃষ্টি পড়ছে, থামার কোনো লক্ষণ দেখা যাচ্ছে না","আজিয়ে বেইন্নেত্তুন ফেডের ফেডের ঝর ফরের, থামিবের হনো লক্ষন দেহা ন যার"
"আজকে সকাল থেকে টিপটিপ বৃষ্টি পড়ছে, থামার কোনো লক্ষণ দেখা যাচ্ছে না","আজিইয়্যে বেইন্নেত্তুন ফেডের ফেডের ঝর ফরের, থামিবের হনো লক্ষন দেহা ন যার"
শীতের সকালে কুয়াশার মধ্যে হাঁটতে বের হলে মনটা অনেক ভালো থাকে,শীতুর সকালে হুয়ার মধ্যে আডিতু বাইর অইলি মন ইয়েন বত ভালা থাহে
শীতের সকালে কুয়াশার মধ্যে হাঁটতে বের হলে মনটা অনেক ভালো থাকে,শীতুর সকালে হুয়ার মধ্যে আডিতু বাইর অইলি মন ইয়েন বত গম থাহে
"তুই যা শুরু করলি শাকিল, একদিন তো আমার মান সম্মান খেয়ে ফেলবি","তুই যা শুরু গইজ্জুস শাকিল, একদিন তো আঁর মান সম্মান হাই ফেলাইবি"
"তোমাকে কতক্ষণ ধরে কল দিচ্ছি, ফোন উঠাচ্ছ না কেন?","তোঁয়ারে হতক্ষণ ধরি কল দির, ফোন ন উডার কা?"
মার্কেটের সব দোকানের চেয়ে আমরা সবচেয়ে সস্তায় দিচ্ছি,মার্কেটর বিয়াক দোয়ানুত্তুন বর আঁরা বিয়াজ্ঞুনুত্তুন অস্তা দির
"বাইরে কেন দাঁড়ায় আছিস, ভিতরে আই","বাদ্দি কা থিয়েই থেইক্কুস, ভিতুরে আই"
"বাইরে কেন দাঁড়ায় আছিস, ভিতরে আই","বাইরে কা থিয়েই থেইক্কুস, ভিতুরে আই"
সবার জন্য মন থেকে দোয়া আর ভালোবাসা থাকবে,বিয়াগুনুর লাই মনত্তুন দোয়া আর ভালোবাসা থাহিবু
বৃষ্টি পড়ে বাইরের সব কাপড় ভিজে গেছে,ঝর পরি বাইরোর বিয়াক হর ভিজি গেইয়্যি
কিছু কিছু মানুষের থেকে কুকুর অনেক বিশ্বস্ত,কিছু কিছু মানুষ উত্তুন কুত্তো বত বিশ্বস্ত
"সারাদিন একটানা বসে থাকিও না, কিছুক্ষণ পর পর উঠে একটু হাঁটিও","আরাদিন একটানা বই ন থাইক্কো, হতক্ষন পর পর উডি এক্কানা আইট্টো"
"সারাদিন একটানা বসে থাকিও না, কিছুক্ষণ পর পর উঠে একটু হাঁটিও","আরাদিন একটানা বই ন থাইক্কো, হতক্ষন পর পর উডি ইক্কিনি আইট্টো"
"সারাদিন একটানা বসে থাকিও না, কিছুক্ষণ পর পর উঠে একটু হাঁটিও","ফুরোদিন একটানা বই ন থাইক্কো, হতক্ষন পর পর উডি এক্কানা আইট্টো"
ঘরে চোর ঢুকে সব জিনিস নিয়ে গেছে,ঘরোত চোর ঢুকি বিয়াক জিনিস লই গেইয়্যি
আসার সময় তোর মামাতো বোনকে দেখলাম গাড়িতে করে কোথায় যাচ্ছে,আইবের সমত তুর মঅতু বইনুরে দেহিলাম গারিত গরি হনডে যার
আসার সময় তোর মামাতো বোনকে দেখলাম গাড়িতে করে কোথায় যাচ্ছে,আইবের সমত তুর মঅতু বইনুরে দেহিলাম গারিত গরি হডে যার
এই বৃষ্টির মধ্যে বাইক নিয়ে কোথায় যাচ্ছিস?,এই বৃষ্টির মধ্যে বাইক লই হনডে যর?
এই বৃষ্টির মধ্যে বাইক নিয়ে কোথায় যাচ্ছিস?,এই বৃষ্টির মধ্যে বাইক লই হডে যর?
কাঁঠাল এটা তো কাঁচা,হাট্টল ইবে তো কেঁচা
"আমি ড্রাইভারকে দিয়ে গাড়ি পাঠিয়ে দিচ্ছি, তুমি একটু অপেক্ষা করো","আঁই ড্রাইভার উরে দি গারি পাঠাই দি, তুঁই এক্কানা অপেক্ষা গরো"
"আমি ড্রাইভারকে দিয়ে গাড়ি পাঠিয়ে দিচ্ছি, তুমি একটু অপেক্ষা করো","আঁই ড্রাইভার উরে দি গারি পাঠাই দি, তুঁই ইক্কিনি অপেক্ষা গরো"
কিছু লাগলে আমাকে জানাবেন,কিছু লাগিলি আঁরে জানাইয়্যুন
সবার ব্যাগ আর মোবাইল ফোন সামনে এনে রাখো,বিয়াজ্ঞুনুর ব্যাগ আর মোবাইল ফোন সাম্মুদ্দি আনি রাহো
গরমকালে মাটির ঘরে গরম কম লাগে,গরমহালে মেডির ঘরোত গরম হম লাগে
একটা ভালো কোয়ালিটির প্যান্ট দেখান,উজ্ঞো ভালা কোয়ালিটির ফেন দেহন
একটা ভালো কোয়ালিটির প্যান্ট দেখান,উজ্ঞো গম কোয়ালিটির ফেন দেহন
"গতকাল রাতে বাতাস অনেক বেশি ছিল, গাছ ভেঙে রাস্তা বন্ধ হয়ে গেছে","হালিয়ে রাতিয়ে বাতাস বত বেশি আছিল, গাছ ভাঙি রাস্তা বন্ধ অই গেইয়্যি"
তোর এত সাহস কীভাবে হলো! আমার কথার অবাধ্য হোস!,তোর এল্লেত সাহস কেনে অইয়্যি দে! আঁর হতার অবাধ্য অস!
তোর এত সাহস কীভাবে হলো! আমার কথার অবাধ্য হোস!,তোর এতো সাহস কেনে অইয়্যি দে! আঁর হতার অবাধ্য অস!
একটানা টিভি দেখতে দেখতে ঘাড়ে ব্যথা হয়ে গেছে,একটানা টিভি চাইতে চাইতে ঘেডি ব্যথা অই গেইয়্যি
শেষ কবে রোদ দেখেছি  মনে নেই আমার,শেষ হত্তে রইদ দেইক্কি মনত নেই আত্তুন
রাগ করলে কিন্তু আমার ভাল লাগেনা,গুসসা অইলি কিন্তু আত্তুন গম ন লাগে
রাগ করলে কিন্তু আমার ভাল লাগেনা,গুসসা অইলি কিন্তু আত্তুন ভালা ন লাগে
বেশি দুষ্টামি করলে ঘাড়ের মধ্যে একটা দেব,বেশি জারগই গরিলি ঘেডি বেরাই উজ্ঞো দিয়্যুম
আমার ইচ্ছা একদিন পুরো পৃথিবী ঘুরে দেখব,আঁর ইচ্ছে একদিন পুরো পৃথিবী ঘুরি চাইয়্যুম
এবার ঢাকা থেকে আসার সময় আমার জন্য একটা পাঞ্জাবি আনিস,এবার ঢাহাত্তুন আইবের সমোত আঁর লাই ওজ্ঞো পাঞ্জাবি আনিস
আমাকে আরো কিছু গরম গরম ভাপা পিঠা দাও,আঁরে আরো কিছু গরম গরম ধু পিডে দও
"তুই আমার কাছ থেকে আর কোনো টাকা পাবি না, তোর সব টাকা আমি দিয়ে দিছি","তুই আত্তুন আর হনো টিয়া ন পাবি, তুর বিয়াক টিয়া আঁই দি দিই"
"রাগ আমারও আসে, কিন্তু আমি নিয়ন্ত্রণ করতে পারি","গুসসা আত্তুনও আইয়্যি, কিন্তু আঁই নিয়ন্ত্রন গরিত পারি"
বিড়ালের কামড় খেলে সঙ্গে সঙ্গে ডাক্তারের কাছে যাওয়া উচিত,বিলের হঅর হাইলি সাথে সাথে ডাক্তারুর হাছে যন উচিত
তুমি কি সবসময় এভাবে ছোট করে কথা বলো?,তুঁই কি সবসময় এল্লেত ছোডো গরি হতা হও
তুমি কি সবসময় এভাবে ছোট করে কথা বলো?,তুঁই কি সবসময় এন গরি ছোডো গরি হতা হও
তুমি কি সবসময় এভাবে ছোট করে কথা বলো?,তুঁই কি সবসময় এইল্লেত ছোডো গরি হতা হও
তুমি কি সবসময় এভাবে ছোট করে কথা বলো?,তুঁই কি সবসময় ইল্লেত ছোডো গরি হতা হও
তুমি কি সবসময় এভাবে ছোট করে কথা বলো?,তুঁই কি সবসময় এল্লেত ছোডো গরি হথা হও
"আর অল্প বাকি, বেশিক্ষণ লাগবে না","আর এক্কানা বাকি, বেশিক্ষন ন লাগিবু"
আজকে আমি অনেক বড় একটা ছক্কা মেরেছি,আজিয়ে বত বরো উজ্ঞো ছক্কা মেইজ্জি
আজকে আমি অনেক বড় একটা ছক্কা মেরেছি,আজিইয়্যে বত বরো উজ্ঞো ছক্কা মেইজ্জি
"চাকরি একটা চলে গেছে তো কী হয়েছে, আল্লাহ চাইলে আরও ভালো চাকরি আসবে","চঅরি এক্কান চলি গেইয়্যি তো কী অইয়্যি, আল্লাহ চাইলি আরো ভালা চঅরি আইবু"
"চাকরি একটা চলে গেছে তো কী হয়েছে, আল্লাহ চাইলে আরও ভালো চাকরি আসবে","চঅরি এক্কান চলি গেইয়্যি তো কী অইয়্যি, আল্লাহ চাইলি আরো গম চঅরি আইবু"
"এই পাঞ্জাবিটা আমি পরে দেখতে চাই, ট্রায়াল রুম কোনদিকে?","এই পাঞ্জাবি ইবে আঁই পরি চাইতাম চাইর, ট্রায়াল রুম হুনদি?"
"স্যার, আমি পরীক্ষায় ভালো করতে চাই, কোন বিষয়গুলো বেশি পড়া দরকার?","স্যার, আঁই পরীক্ষেত ভালা গইত্তাম চাই, হোন বিষয়গুন বেশি ফরন উর দরহার?"
"স্যার, আমি পরীক্ষায় ভালো করতে চাই, কোন বিষয়গুলো বেশি পড়া দরকার?","স্যার, আঁই পরীক্ষেত গম গইত্তাম চাই, হোন বিষয়গুন বেশি ফরন উর দরহার?"
তোর বড় ভাই নাকি বিদেশ চলে গেছে?,তুর বদ্দা বলে বিদেশ চলি গেইয়্যি
"ভাই, আরেকটু সাইড করুন আপনার গাড়িটা, রাস্তায় জ্যাম লেগে গেছে","বদ্দা, আরেক্কানা সাইড গরন অঁনোর গারি ইয়েন, রাস্তাত জ্যাম লাগি গেইয়্যি"
এরা দুই ভাই অনেক দুষ্টু,ইতারা দুনু ভাই বত জারগো
"আমার ছোট চাচাটা বেশি শয়তান, সবসময় আব্বুর সাথে ঝগড়া করে","আঁর গুরো চাচা ইবে বেশি শতান, সবসময় আব্বুর লগে হইজ্জে গরে"
"আমার ছোট চাচাটা বেশি শয়তান, সবসময় আব্বুর সাথে ঝগড়া করে","আঁর গুরো চাচা ইবে বেশি শতান, সবসময় আব্বুর ওয়ারে হইজ্জে গরে"
"আমার ছোট চাচাটা বেশি শয়তান, সবসময় আব্বুর সাথে ঝগড়া করে","আঁর গুরো চাচা ইবে বেশি শতান, সবসময় আব্বুর ফুয়ারে হইজ্জে গরে"
"নিজে কী বলছে সেটার ঠিক নাই, আবার আমাকে বলছে পাগল","নিজে কি হর ইয়েনুর ঠিক নেই, আবার আঁরে হর ফঅল"
বৃষ্টির দিনে ঘর থেকে বের হতে ইচ্ছা করে না,ঝরোর দিনোত ঘরোত্তুন বাইর অইতু ইচ্ছে ন গরের
"এখন যাব না, আর কিছুদিন পর যাব","এহন ন যাইয়্যুম, আর কিছুদিন পর যাইয়্যুম"
এটা কী শার্ট পরেছিস! তোকে দেখে তো গ্রামের চাচাতো ভাইয়ের মতো লাগছে,ইবে কি শার্ট ফইজ্জুস দে! তুরে দেহি তো গ্রামোর চাচতো ভাইয়্যুর মতন লাগের
এটা কী শার্ট পরেছিস! তোকে দেখে তো গ্রামের চাচাতো ভাইয়ের মতো লাগছে,ইবে কি শার্ট ফইজ্জুস দে! তুরে দেহি তো গ্রামোর চাচতো ভাইয়্যুর মতন লার
"ভাই, আসেন আমাদের বাসে উঠেন, আমাদের বাসে নামাজ পড়ার সুবিধা আছে","বদ্দা, আইয়্যুন আঁরার বাসুত উডোন, আঁরার বাসুত নামাজ ফরিবের সুবিধে আছে"
"আপনি যে দামটা বলছেন, ওটা আমাদের কেনা রেট থেকেও কম","অঁনে যে দাম হইয়্যুন, ইয়েন আঁরার কিনা রেট উত্তুনও হম"
লিজার কি খবর? ও নাকি বিদেশে চলে গেছে?,লিজার কি হবর? ইতে বলে বিদেশুত চলি গেইয়্যি?
ধন্যবাদ তোমাকে,ধইন্যবাদ তোঁয়ারে
আজকে অনেকদিন পর ঘরের সবাই একসাথে হলাম,আজিয়ে বতদিন ফর ঘরোর বিয়াক একলগে আইলাম
আজকে অনেকদিন পর ঘরের সবাই একসাথে হলাম,আজিইয়্যে বতদিন ফর ঘরোর বিয়াক একলগে আইলাম
আজকে অনেকদিন পর ঘরের সবাই একসাথে হলাম,আজিয়ে বতদিন ফর ঘরোর বিয়াক এক্কোত্তরে আইলাম
আজকে অনেকদিন পর ঘরের সবাই একসাথে হলাম,আজিয়ে বতদিন ফর ঘরোর বিয়াক এক্কোওয়ারে আইলাম
আজকে অনেকদিন পর ঘরের সবাই একসাথে হলাম,আজিয়ে বতদিন ফর ঘরোর বিয়াক এক্কোফুয়ারে আইলাম
কাপড় এটার দাম কত ভাই?,হর ইবের দাম হত বদ্দা?
আগুন নিভে গেছে মনে হয়,অইন নিফি গেইয়্যি মনে অয়
আমার মতো ছাতা দেখি তোরও একটা আছে,আঁর মতন ছাতি দেহি তোত্তুনও এক্কান আছে
"তোর আপুর জন্য একটা শাড়ি কিনেছি, পছন্দ হয় কিনা দেখ","তুর আফার লাই এক্কান শারি কিন্নি, পছন্দ অয় না চা"
"সবাই টেবিলে চলে আসো, আজকে সবাই একসাথে নাস্তা করি","বিয়াজ্ঞুন টেবিলুত চলি আইয়্যু, আজিয়ে বিয়াজ্ঞুন এক্কোওয়ারে নাস্তা গরি"
"সবাই টেবিলে চলে আসো, আজকে সবাই একসাথে নাস্তা করি","বেজ্ঞুন টেবিলুত চলি আইয়্যু, আজিয়ে বিয়াজ্ঞুন এক্কোওয়ারে নাস্তা গরি"
"সবাই টেবিলে চলে আসো, আজকে সবাই একসাথে নাস্তা করি","বিয়াজ্ঞুন টেবিলুত চলি আইয়্যু, আজিইয়্যে বিয়াজ্ঞুন এক্কোওয়ারে নাস্তা গরি"
"সবাই টেবিলে চলে আসো, আজকে সবাই একসাথে নাস্তা করি","বিয়াজ্ঞুন টেবিলুত চলি আইয়্যু, আজিয়ে বিয়াজ্ঞুন এক্কোত্তরে নাস্তা গরি"
"সবাই টেবিলে চলে আসো, আজকে সবাই একসাথে নাস্তা করি","বিয়াজ্ঞুন টেবিলুত চলি আইয়্যু, আজিয়ে বিয়াজ্ঞুন একলগে নাস্তা গরি"
"সবাই টেবিলে চলে আসো, আজকে সবাই একসাথে নাস্তা করি","বিয়াজ্ঞুন টেবিলুত চলি আইয়্যু, আজিয়ে বিয়াজ্ঞুন এক্কোফুয়ারে নাস্তা গরি"
"ধোঁয়া উঠছে রান্নাঘর থেকে, মা মনে হয় ভাত বসিয়েছেন","ধুওয়ো উডের বসহানাত্তুন, আম্মু মনে অয় ভাত বুওয়াইয়্যি"
"ভালো থাকিস, আবার দেখা হবে, আল্লাহ হাফেজ","ভালা থাহিস, আবার দেহা অইবু, আল্লাহ হাফেজ"
"ভালো থাকিস, আবার দেখা হবে, আল্লাহ হাফেজ","গম থাহিস, আবার দেহা অইবু, আল্লাহ হাফেজ"
"ভাই, বাস তো ভরে গেছে, এবার ছেড়ে দেন","বদ্দা, বাস তো ভরি গেইয়্যি, এবার ছারি দন"
"আর একশ টাকা ফেরত দেন, আমার গাড়িভাড়া নেই","আর একশ টিয়া ফেরত দন, আত্তুন গারিভারা নেই"
"আমাদের সিট একসাথে পড়েছে, যেতে যেতে আমরা অনেক গল্প করব","আঁরার সিট একলগে ফইজ্জি, যাইতে যাইতে আঁরা বত গল্প গইজ্জুম"
"আমাদের সিট একসাথে পড়েছে, যেতে যেতে আমরা অনেক গল্প করব","আঁরার সিট এক্কোত্তরে ফইজ্জি, যাইতে যাইতে আঁরা বত গল্প গইজ্জুম"
"আমাদের সিট একসাথে পড়েছে, যেতে যেতে আমরা অনেক গল্প করব","আঁরার সিট এক্কোওয়ারে ফইজ্জি, যাইতে যাইতে আঁরা বত গল্প গইজ্জুম"
"আমাদের সিট একসাথে পড়েছে, যেতে যেতে আমরা অনেক গল্প করব","আঁরার সিট এক্কোফুয়ারে ফইজ্জি, যাইতে যাইতে আঁরা বত গল্প গইজ্জুম"
বৃষ্টির কারণে ঘন ঘন লোডশেডিং হচ্ছে,বৃষ্টির হারনে ঘন ঘন লোডশেডিং অর
"দরজায় দাঁড়িয়ে কাস্টমার ডাক, না হলে আসবে না","দরজাত থিয়েই কাস্টোমার ডাক, নইলি ন আইবু"
"এই কাপড়গুলো ধুতে হবে না, এগুলো আজকে পরব","হর এগুন ধুঅন ফইত্তো ন, এগুন আজিয়ে ফইজ্জুম"
"এই কাপড়গুলো ধুতে হবে না, এগুলো আজকে পরব","হর এগুন ধুঅন ফইত্তো ন, এগুন আজিইয়্যে ফইজ্জুম"
সারারাত না ঘুমিয়ে কী করেছিস? কার সঙ্গে কথা বলেছিস?,আঁরারাইত নো ঘুমাই কি গইজ্জুস? হার লগে হতা হইয়্যুস?
সারারাত না ঘুমিয়ে কী করেছিস? কার সঙ্গে কথা বলেছিস?,আঁরারাইত নো ঘুমাই কি গইজ্জুস? হার লগে হথা হইয়্যুস?
বাংলাদেশ অনেক আর্জেন্টিনার সাপোর্টার আছে,বাংলাদেশুত বত আর্জেন্টিনার সাপোর্টার আছে
পিঠা বানানোর জন্য আগামীকাল ভোরে উঠতে হবে,পিডে বানাইবের লাই হালিয়ে ফোওয়াত্তে উডন ফরিবু
এটা কি বাসার দারোয়ান?,ইবে কি বাসার দারোওয়ান?
আমি এখন চলে  যাচ্ছি,আঁই এহন  চলি যাইর
কোথায় যাস সেলিম?,হনডে যর সেলিম?
কোথায় যাস সেলিম?,হডে যর সেলিম?
"আমার বাজেট বেশি নেই, সেজন্য এটা নিতে পারব না","আঁর বাজেট বেশি নেই, এতেল্লে ইবে লইত পাইত্তাম ন"
"তোমাকে দেখে অসুস্থ মনে হচ্ছে, তুমি না হয় এখন চলে যাও","তোঁয়ারে দেহি রে অসুস্থ মনে অর, তুঁই নয়তো এহন চলি যো"
"তোমাকে দেখে অসুস্থ মনে হচ্ছে, তুমি না হয় এখন চলে যাও","তোঁয়ারে দেহি রে অসুস্থ মনে অর, তুঁই নইলি এহন চলি যো"
"তোমরা বিকাল ৫টা পর্যন্ত যত ইচ্ছা ঘোরাঘুরি কর সমস্যা নেই, কিন্তু ৫টায় সবাই বাসে চলে আসবে","তোঁয়ারা বিকেল ৫টা পর্যন্ত যত ইচ্ছে ঘোরাঘুরি গরো সমস্যা নেই, কিন্তু ৫টায় বিয়াজ্ঞুন বাসুত চলি আইবে"
"তোমরা বিকাল ৫টা পর্যন্ত যত ইচ্ছা ঘোরাঘুরি কর সমস্যা নেই, কিন্তু ৫টায় সবাই বাসে চলে আসবে","তোঁয়ারা বিকেল ৫টা পর্যন্ত যত ইচ্ছে ঘোরাঘুরি গরো সমস্যা নেই, কিন্তু ৫টায় বেজ্ঞুন বাসুত চলি আইবে"
"স্যার, আমি ওর দিকে তাকাইনি","স্যার, আঁই ইতের মিক্কে নো চাই"
মার খেতে না চাইলে রাতে জলদি ঘুমিয়ে যাস,মাইর হাইতু ন চাইলি রাতিয়ে হারা ঘুমাই যাইস
মার খেতে না চাইলে রাতে জলদি ঘুমিয়ে যাস,মাইর হাইতু ন চাইলি রাতিয়ে তারাতারি ঘুমাই যাইস
মার খেতে না চাইলে রাতে জলদি ঘুমিয়ে যাস,মাইর হাইতু ন চাইলি রাতিয়ে জলদি ঘুমাই যাইস
"ওরা যদি যেতে না চায়, তাহলে আমাদের কিছু করার নাই","ইতারা যদি যাইতো ন চায়, তইলি আরাত্তুন কিছু গরার নাই"
আমি তোমার বড় হিসেবে এই উপদেশটা দিলাম,আঁই তোঁয়ার বরো হিসেবে এই উপদেশ ইয়েন দিলাম
"রান্নাঘরটা বেশি ময়লা হয়ে গেছে, আজকে পরিষ্কার করতে হবে","বসহানা ইয়েন বেশি হাচারা অই গেইয়্যি, আজিয়ে সাফ গরি ফেলন ফরিবু"
"রান্নাঘরটা বেশি ময়লা হয়ে গেছে, আজকে পরিষ্কার করতে হবে","বসহানা ইয়েন বেশি হাচারা অই গেইয়্যি, আজিইয়্যে সাফ গরি ফেলন ফরিবু"
"রান্নাঘরটা বেশি ময়লা হয়ে গেছে, আজকে পরিষ্কার করতে হবে","বসহানা ইয়েন বেশি ময়লা অই গেইয়্যি, আজিয়ে সাফ গরি ফেলন ফরিবু"
"রান্নাঘরটা বেশি ময়লা হয়ে গেছে, আজকে পরিষ্কার করতে হবে","পাকঘর ইয়েন বেশি হাচারা অই গেইয়্যি, আজিয়ে সাফ গরি ফেলন ফরিবু"
"রান্নাঘরটা বেশি ময়লা হয়ে গেছে, আজকে পরিষ্কার করতে হবে","রান্নাঘর ইয়েন বেশি হাচারা অই গেইয়্যি, আজিয়ে সাফ গরি ফেলন ফরিবু"
"রান্নাঘরটা বেশি ময়লা হয়ে গেছে, আজকে পরিষ্কার করতে হবে","বসহানা ইয়েন বেশি হাচারা অই গেইয়্যি, আজিয়ে পরিষ্কার গরি ফেলন ফরিবু"
"আগুনের তাপ অনেক বেড়ে গেছে, বেশি করে পানি ঢালো","অইনুর তাপ বত বারি গেইয়্যি, বেশি গরি পানি"
"যদি যাদু না করত, তাহলে তুই এরকম পাগল হয়ে যেতি না","যদি যাদু ন গইত্তো, তইলি তুই এল্লেত ফঅল অই ন যাইতি"
আমাদের পেয়ারা গাছে সবসময় পেয়ারা ধরে,আঁরো গুয়াছি গাছোত সবসময় গুয়াসি ধরে
গতকাল ফুফাতো ভাইয়ের সাথে অনেক জায়গায় বাসা খুঁজেছি,গত হালিয়ে ফোতু ভাইয়ুর লগে বত জাগাত বাসা তোওয়াই
গতকাল ফুফাতো ভাইয়ের সাথে অনেক জায়গায় বাসা খুঁজেছি,গত হালিয়ে ফোতু ভাইয়ুর ওয়ারে বত জাগাত বাসা তোওয়াই
গতকাল ফুফাতো ভাইয়ের সাথে অনেক জায়গায় বাসা খুঁজেছি,গত হালিয়ে ফোতু ভাইয়ুর ফুয়ারে বত জাগাত বাসা তোওয়াই
"চলো, আমরা দুজন মিলে কোথাও ঘুরে আসি","চলো, আঁরা দুনুজন মিলি হনোমিক্কে ঘুরি আয়"
"ওকে দেখলে আমার মন চায়, একটা ঘাড়ে দিই",ইতেরে দেহিলি আত্তুন মন চায় উজ্ঞো ঘেডি বেরাই দি
সকাল সকাল খিচুড়ি খেয়ে আমার পেটের অবস্থা খারাপ,বেইন্নে ফজোরত খিচুড়ি হাইয়্যি রে আঁর পেডোর অবস্থা হারাফ
"আমি মানিব্যাগ আনতে ভুলে গেছি, টাকা কি বিকাশে দিয়ে দেব?","আঁই মানিব্যাগ আনিবের লাই ভুলি গেই, টিয়া কি বিকাশুত দি দিয়্যুম?"
"এই শোন, তুমি একটু বোঝার চেষ্টা করো","এই উনো না, তুঁই এক্কানা বুঝিবের চেষ্টা গরো"
"এই শোন, তুমি একটু বোঝার চেষ্টা করো","এই উনো না, তুঁই ইক্কিনি বুঝিবের চেষ্টা গরো"
এবার রাজশাহী গেলে বেশি করে রাজশাহীর আম আর লিচু নিয়ে আসব,এবার রাজশাহীত গেলি বেশি গরি রাজশাহীর আম আর লেচু লই আইসসুম
"আজকে অফিসে একটা গুরুত্বপূর্ণ মিটিং আছে, একটু দোয়া করিও","আজিয়ে অফিসুত এক্কান গুরুত্বপুর্ণ মিটিং আছে, এক্কানা দোয়া গইজ্জো"
"আজকে অফিসে একটা গুরুত্বপূর্ণ মিটিং আছে, একটু দোয়া করিও","আজিইয়্যে অফিসুত এক্কান গুরুত্বপুর্ণ মিটিং আছে, এক্কানা দোয়া গইজ্জো"
"আজকে অফিসে একটা গুরুত্বপূর্ণ মিটিং আছে, একটু দোয়া করিও","আজিয়ে অফিসুত এক্কান গুরুত্বপুর্ণ মিটিং আছে, ইক্কিনি দোয়া গইজ্জো"
"বাইরে অনেক ঠান্ডা, এই কম্বলটা মানুষটাকে দিয়ে আয়","বাইরে বত ঠান্ডা, এই হম্বল ইয়েন মানুষ ইবেরে দি আয়"
"বাইরে অনেক ঠান্ডা, এই কম্বলটা মানুষটাকে দিয়ে আয়","বাদ্দি বত ঠান্ডা, এই হম্বল ইয়েন মানুষ ইবেরে দি আয়"
"তুমি যখন আমার মাথায় হাত বুলিয়ে দাও, তখন আমার মন থেকে সব দুঃখ চলে যায়","তুঁই যহন আঁর মাথাত আত বুলাই দও, তহন আঁর মনোত্তুন বিয়াক দুখ চলি যায়"
আজকে দুপুরে একটা বিয়ের দাওয়াত ছিল,আজিয়ে দুইজ্জে এক্কান বিয়ের দঅত আছিল
আজকে দুপুরে একটা বিয়ের দাওয়াত ছিল,আজিইয়্যে দুইজ্জে এক্কান বিয়ের দঅত আছিল
আজকে দুপুরে একটা বিয়ের দাওয়াত ছিল,আজিয়ে দুইরগে এক্কান বিয়ের দঅত আছিল
ঈদের দিন রান্না করার জন্য পোলাওয়ের চাল নিয়ে আসেন,ঈদুর দিন রান্না গরিবের লাই পোলও উর চইল লই আইয়্যুন
"কতক্ষণ ধরে বরশি নিয়ে বসে আছি, একটা মাছও ধরতে পারিনি","হতক্ষন ধরি বরকি লই বই থেইক্কি, উজ্ঞো মাছও ধরিত ন পারি"
"চট্টগ্রাম থেকে সিলেট অনেক দূরে, আমরা কাছে কোথাও যাই","চট্টগ্রাম উত্তুন সিলেট বত দূরে, আঁরা হাছে হনোমিক্কে যাই"
আমি অনেকক্ষণ ধরে তোমার জন্য অপেক্ষা করছি,আঁই বত হতক্ষন ধরি তোঁয়ার লাই অপেক্ষা গরির
"তুমি ঘরের বড় ছেলে হওয়ার পরও যদি না বোঝো, তাহলে কেমনে হবে","তুঁই ঘরুর বরো ফুওয়া অইবের পরও যদি নো বুঝো, তইলি কেনে অইবু"
রাতে না খেয়ে ঘুমালে সকালে উঠে দুর্বল লাগবে,রাতিয়ে ন হায় ঘুমাইলি বেইন্নে উডি দুর্বল লাগিবু
রাতে না খেয়ে ঘুমালে সকালে উঠে দুর্বল লাগবে,রাতিয়ে ন হায় ঘুমাইলি ফজোরত উডি দুর্বল লাগিবু
"আমার কেন জানি মনে হচ্ছে, তুমি ওখানে ছিলে",আত্তুন কেনে জানি মনে অদ্দে তুঁই এনডেই আছিলে
"আমার কেন জানি মনে হচ্ছে, তুমি ওখানে ছিলে",আত্তুন কেনে হইত পারি মনে অদ্দে তুঁই এনডেই আছিলে
"আমরা যদি রাগটা নিয়ন্ত্রণ করতে পারি, তাহলে আমরা অনেক ভালো থাকব","আঁরা যদি গুসসা ইয়েন নিয়ন্ত্রন গরিত পারি, তইলি আঁরা বত ভালা থাইক্কুম"
"আমরা যদি রাগটা নিয়ন্ত্রণ করতে পারি, তাহলে আমরা অনেক ভালো থাকব","আঁরা যদি গুসসা ইয়েন নিয়ন্ত্রন গরিত পারি, তইলি আঁরা বত গম থাইক্কুম"
"আমাদের বাড়িতে এত এত মেহমান আসে, তাদের খাওয়াতে খাওয়াতে সব চাওল শেষ হয়ে যায়","আঁরো বারিত এত এত মেমান আইয়্যি, ইতারারে হাবাইতে হাবাইতে বিয়াক চইল শেষ অই যায়"
"আমাদের বাড়িতে এত এত মেহমান আসে, তাদের খাওয়াতে খাওয়াতে সব চাওল শেষ হয়ে যায়","আঁরো বারিত এত এত গরবা আইয়্যি, ইতারারে হাবাইতে হাবাইতে বিয়াক চইল শেষ অই যায়"
আপনার দোকানের জিনিস ভাল বলে এখানে আসলাম,অঁনোর দোয়ানুর জিনিস ভালা বলি এনডে আইস্যি
আপনার দোকানের জিনিস ভাল বলে এখানে আসলাম,অঁনোর দোয়ানুর জিনিস গম বলি এনডে আইস্যি
এবার গাছে অনেক আম ধরেছে,এবার গাছোত বত আম ধইজ্জি
গরম বেশি পড়ার কারণে স্কুল-কলেজ বন্ধ করে দিয়েছে,গরম বেশি ফরিবের হারনে স্কুল-কলেজ বন্ধ গরি দিইয়্যি
স্কুলের বেতন না দিলে স্কুলে ঢুকতে দেবে না বলল,স্কুলুর বেতন ন দিলি স্কুতুত ঢুইকতো ন দিবু হইয়্যি
"আমার রান্না এখনো শেষ হয় নায়, আরেকটু অপেক্ষা কর","আঁর রান্না এহনো শেষ ন অয়, আরেক্কানা অপেক্ষা গরো"
"আমার রান্না এখনো শেষ হয় নায়, আরেকটু অপেক্ষা কর","আঁর রান্না এইজু শেষ ন অয়, আরেক্কানা অপেক্ষা গরো"
"এখন সকাল দশটা বাজে, এখনো কেন ঘুম থেকে উঠছিস না!","এহন বেইন্নে দশটা বাজের, এহনো কিল্লে ঘুমুত্তুন নো উডর দে!"
"এখন সকাল দশটা বাজে, এখনো কেন ঘুম থেকে উঠছিস না!","এহন বেইন্নে দশটা বাজের, এইজু কিল্লে ঘুমুত্তুন নো উডর দে!"
আমাদের পাশে ভারত নামে একটা দেশ আছে,আঁরার পাশে ভারত নামে এক্কান দেশ আছে
আমাদের পাশে ভারত নামে একটা দেশ আছে,আঁরার ডাহে ভারত নামে এক্কান দেশ আছে
"ভাইয়া, তোমাকে আম্মু ডাকছে","ভাইয়ে, তোঁয়ারে আম্মু ডাহের"
আপনি কার মাধ্যমে এখানে এসেছেন?,অঁনে হার মাইধ্যমে এনডে আইস্যুন?
শীতের সকালে ভোরবেলা উঠে নামাজ পড়তে যাওয়া সত্যিই অনেক কঠিন কাজ,শীতুর সকালে ফুওয়াত্তে উডি নামাজ ফইত্তো যন সত্যিই বত কঠিন হাজ
শীতের সকালে ভোরবেলা উঠে নামাজ পড়তে যাওয়া সত্যিই অনেক কঠিন কাজ,শীতুর সকালে ফুওয়াত্তে উডি নামাজ ফইত্তো যন সত্যিই বত কঠিন হাম
"তোদের থেকে দূরে থাকলেই ভালো, একসঙ্গে থাকলে একটাও ভালো কথা হয় না","তোরাত্তুন দুরে থাহিলিই ভালা, একলগে থাহিলি এক্কানও ভালা হতা নো অয়"
"তোদের থেকে দূরে থাকলেই ভালো, একসঙ্গে থাকলে একটাও ভালো কথা হয় না","তোরাত্তুন দুরে থাহিলিই ভালা, একলগে থাহিলি এক্কানও গম হতা নো অয়"
"তোদের থেকে দূরে থাকলেই ভালো, একসঙ্গে থাকলে একটাও ভালো কথা হয় না","তোরাত্তুন দুরে থাহিলিই ভালা, এক্কোত্তরে থাহিলি এক্কানও ভালা হতা নো অয়"
"তোদের থেকে দূরে থাকলেই ভালো, একসঙ্গে থাকলে একটাও ভালো কথা হয় না","তোরাত্তুন দুরে থাহিলিই ভালা, এক্কোওয়ারে থাহিলি এক্কানও ভালা হতা নো অয়"
"তোদের থেকে দূরে থাকলেই ভালো, একসঙ্গে থাকলে একটাও ভালো কথা হয় না","তোরাত্তুন দুরে থাহিলিই ভালা, এক্কোফুয়ারে থাহিলি এক্কানও ভালা হতা নো অয়"
"তোদের থেকে দূরে থাকলেই ভালো, একসঙ্গে থাকলে একটাও ভালো কথা হয় না","তোরাত্তুন দুরে থাহিলিই ভালা, একলগে থাহিলি এক্কানও ভালা হথা নো অয়"
"যখনই মনে হবে হারিয়ে ফেলেছ, তখনই একটু থেমে নিজেকে জিজ্ঞেস করো—তুমি কেন শুরু করেছিলে","যহনই মনে অইবু আঝাই ফেলাইয়্যো, তহনই এক্কানা থামি রে নিজোরে ফুসর গরো—তুঁই কিল্লে শুরু গইজ্জিলে"
"যখনই মনে হবে হারিয়ে ফেলেছ, তখনই একটু থেমে নিজেকে জিজ্ঞেস করো—তুমি কেন শুরু করেছিলে","যহনই মনে অইবু আঝাই ফেলাইয়্যো, তহনই ইক্কিনি থামি রে নিজোরে ফুসর গরো—তুঁই কিল্লে শুরু গইজ্জিলে"
"যখনই মনে হবে হারিয়ে ফেলেছ, তখনই একটু থেমে নিজেকে জিজ্ঞেস করো—তুমি কেন শুরু করেছিলে","যহনই মনে অইবু আঝাই ফেলাইয়্যো, তহনই এক্কানা থামি রে নিজোরে ফুস গরো—তুঁই কিল্লে শুরু গইজ্জিলে"
"ফুটবল খেলে পা একদম ব্যথা হয়ে গেছে, এখন হাঁটতেও পারছি না","ফুটবল খেলি টেং এব্বেরে ব্যথা অই গেইয়্যি, এহন আডিতও ন পারির"
"তারা যতই চেষ্টা করুক না কেন, আমরা থামব না","ইতারা যতই চেষ্টা গরক না কেন, আঁরা ন থাইম্মুম"
দুইটা কিনলে সাথে একটা ফ্রি,দুওয়ো কিনিলি লগে উজ্ঞো ফ্রি
দুইটা কিনলে সাথে একটা ফ্রি,দুওয়ো কিনিলি ওয়ারে উজ্ঞো ফ্রি
দুইটা কিনলে সাথে একটা ফ্রি,দুওয়ো কিনিলি ফুয়ারে উজ্ঞো ফ্রি
"তোমাকে আর কোনো টাকা দেব না আমি, তুমি শপিং করে করে সব টাকা শেষ করে ফেলো","তোঁয়ারে আর হনো টিয়া দিতাম ন আঁই, তুঁই শপিং গরি গরি বিয়াক টিয়া শেষ গরি ফেলো"
আমার সবচেয়ে খারাপ সময়ে আমার কোনো বন্ধু পাশে ছিল না,আঁর বিয়াজ্ঞুনুত্তুন হারাপ সময়ুত আঁর হনো বন্ধু পাশে ন আছিল
আমার সবচেয়ে খারাপ সময়ে আমার কোনো বন্ধু পাশে ছিল না,আঁর বিয়াজ্ঞুনুত্তুন হারাপ সময়ুত আঁর হনো বন্ধু ডাহে ন আছিল
আমাকে একটু চিনি কম দিয়ে এক কাপ চা দিও,আঁরে এক্কানা চিনি হম দি এক হাপ চা দিও
আমাকে একটু চিনি কম দিয়ে এক কাপ চা দিও,আঁরে ইক্কিনি চিনি হম দি এক হাপ চা দিও
"আজকের দিনটি এমনি এমনি চলে গেল, কিছুই করতে পারলাম না","আজিয়ের দিন ইয়েন এনে এনে চলি গেইয়্যি, কিছুই গরিত ন ফারি"
সামনে কি কোনো পেট্রোল পাম্প আছে? আমার গাড়ির তেল শেষ হয়ে গেছে,সামনে কি হনো পেট্রোল পাম্প আছে? আঁর গারির তেল শেষ অই গেইয়্যি
"আমাদের একজন গণিত স্যার ছিলেন, উনি ঝড়-তুফানের মধ্যেও ক্লাসে চলে আসতেন","আরাত্তুন উজ্ঞো গণিত স্যার আছিল, ইবে ঝর-তুওয়োনুর মধ্যেও ক্লাসুত চলি আইসতো"
ছোটবেলায় আম্মুর কাছে ১৯৯১ সালের বন্যার কথা শুনেছিলাম,গুরো থাকতে আম্মুর হাছে ১৯৯১ সালুর বন্যার হথা উইন্নিলাম
ছোটবেলায় আম্মুর কাছে ১৯৯১ সালের বন্যার কথা শুনেছিলাম,গুরো থাকতে আম্মুর হাছে ১৯৯১ সালুর বন্যার হতা উইন্নিলাম
"আমি এখন থেকে টাকা জমাচ্ছি, যেন বন্ধে কোথাও একটু ঘুরে আসতে পারি","আঁই এহনুত্তুন টিয়া জমাইর, যেন বন্ধত হনোমিক্কে এক্কানা ঘুরি আইত ফারি"
"আমি এখন থেকে টাকা জমাচ্ছি, যেন বন্ধে কোথাও একটু ঘুরে আসতে পারি","আঁই এহনুত্তুন টিয়া জমাইর, যেন বন্ধত হনোমিক্কে ইক্কিনি ঘুরি আইত ফারি"
"যারা নিয়মিত খেলাধুলা করে, তাদের মন আর শরীর দুটোই ভালো থাকে","যারা নিয়মিত খেলাধুলা গরে, তারার মন আর শরীল দুইয়েন ই ভালা থাহে"
"যারা নিয়মিত খেলাধুলা করে, তাদের মন আর শরীর দুটোই ভালো থাকে","যারা নিয়মিত খেলাধুলা গরে, তারার মন আর শরীল দুইয়েন ই গম থাহে"
"যারা নিয়মিত খেলাধুলা করে, তাদের মন আর শরীর দুটোই ভালো থাকে","যারা নিয়মিত খেলাধুলা গরে, তারার মন আর শরীর দুইয়েন ই ভালা থাহে"
"জলদি আই, দেরি হলে মা গালি দিবে","হারা আই, দেরি অইলি আম্মু গেইল দিবো"
"জলদি আই, দেরি হলে মা গালি দিবে","তারাতারি আই, দেরি অইলি আম্মু গেইল দিবো"
"জলদি আই, দেরি হলে মা গালি দিবে","জলদি আই, দেরি অইলি আম্মু গেইল দিবো"
"তুই যদি আমার কথা মতো কাজ না করিস, তাহলে তোর চাকরি চলে যাবে","তুই যদি আঁর হতা মতো হাজ ন গরস, তইলি তোর চঅরি চলি যাইবু"
"তুই যদি আমার কথা মতো কাজ না করিস, তাহলে তোর চাকরি চলে যাবে","তুই যদি আঁর হতা মতো হাম ন গরস, তইলি তোর চঅরি চলি যাইবু"
"তুই যদি আমার কথা মতো কাজ না করিস, তাহলে তোর চাকরি চলে যাবে","তুই যদি আঁর হথা মতো হাজ ন গরস, তইলি তোর চঅরি চলি যাইবু"
আপনারা তো রমজানের এক মাসের লাভ দিয়ে সারা বছর চলতে পারবেন,অঁনেরা তো রমজানুর এক মাসুর লাভ দি আরা বছর চলিত পারিবেন
কার কপালে কি লিখা আছে সেটা একমাত্র আল্লাহ ভাল জানেন,হার হুয়ালুত কি লেহা আছে ইয়েন একমাত্র আল্লাহ ভালা জানে
কার কপালে কি লিখা আছে সেটা একমাত্র আল্লাহ ভাল জানেন,হার হুয়ালুত কি লেহা আছে ইয়েন একমাত্র আল্লাহ গম জানে
"দেরি করলে আর পাবেন না, শেষ হয়ে যাবে","দেরি গরিলি আর ন ফাইবেন, শেষ অই যাইবু"
কয়েকদিন ধরে কানে একটা শোঁ শোঁ শব্দ হচ্ছে,হয়েকদিন ধরি হানুত উজ্ঞো শো শো আওয়াজ অর
"তুমি একটু এদিকে আসো, তোমার সঙ্গে একটু কথা বলতে চায়","তুঁই এক্কানা ইক্কে আইয়্যো, তোঁয়ার লগে এক্কানা হতা হইতাম চায়"
"তুমি একটু এদিকে আসো, তোমার সঙ্গে একটু কথা বলতে চায়","তুঁই ইক্কিনি ইক্কে আইয়্যো, তোঁয়ার লগে এক্কানা হতা হইতাম চায়"
"তুমি একটু এদিকে আসো, তোমার সঙ্গে একটু কথা বলতে চায়","তুঁই এক্কানা ইক্কে আইয়্যো, তোঁয়ার লগে এক্কানা হথা হইতাম চায়"
এগুলো শেষ করতে করতে আগামীকাল হয়ে যাবে,এগিন শেষ গত্তে গত্তে হালিয়ে অই যাইবু
আমার বোনের বিয়েতে দেওয়ার জন্য কিছু ভালো গিফট আইটেম দেখান,আঁর বইনুর বিয়েত দিবের লাই কিছু ভালা গিপট আইটেম দেহন
আমার বোনের বিয়েতে দেওয়ার জন্য কিছু ভালো গিফট আইটেম দেখান,আঁর বইনুর বিয়েত দিবের লাই কিছু গম গিপট আইটেম দেহন
"একবার চেক করে দেখ, সবাই বাসে উঠছে কি না","একবার চেক গরি স, বিয়াজ্ঞুন বাসুত উইঠটি কিনা"
"একবার চেক করে দেখ, সবাই বাসে উঠছে কি না","একবার চেক গরি স, বেজ্ঞুন বাসুত উইঠটি কিনা"
"তোর ছোট বোনটা বেশি কাবিল, সব জায়গায় কথা বলে","তুর ছোডো বইন ইতি বেশি হাবিল, বিয়াক জাগাত হতা হয়"
"তোর ছোট বোনটা বেশি কাবিল, সব জায়গায় কথা বলে","তুর ছোডো বইন ইতি বেশি হাবিল, বিয়াক জাগাত হথা হয়"
"এই দোকানের কাপড়গুলো অনেক দামি, আমরা অন্য দোকানে দেখি","এই দোয়ানুর হর এগিন বত দামি, আঁরা অন্য দোয়ানুত চাই"
"আপনি একটু ধৈর্য ধরুন, সব ঠিকঠাক হয়ে যাবে","অঁনে এক্কানা ধৈর্য ধরন, বিয়াক ঠিকঠাক অই যাইবু"
"আপনি একটু ধৈর্য ধরুন, সব ঠিকঠাক হয়ে যাবে","অঁনে ইক্কিনি ধৈর্য ধরন, বিয়াক ঠিকঠাক অই যাইবু"
এই রাস্তা দিয়ে রাতে চলাচল নিরাপদ না,এই রাস্তা দি রাতিয়ে চলাচল নিরাপদ ন
আমি বেড়াতে আসতে বললাম,আঁই বেরাইতু আইসতাম হইলাম
প্রতিবার ঈদের দিন নানুর বাড়িতে যায়,পইত্তোবার ঈদুর দিন নানারো বারিত যায়
"ভুল থেকে মানুষ শেখে, সে জন্য ভুল করা ভালো","ভুলুত্তুন মানুষ শিখে, এতেল্লে ভুল গরন ভালা"
"ভুল থেকে মানুষ শেখে, সে জন্য ভুল করা ভালো","ভুলুত্তুন মানুষ শিখে, এতেল্লে ভুল গরন গম"
"এই চার বছরে যদি কারও মনে কোনো কষ্ট দিয়ে থাকি, তাহলে ক্ষমা করে দিস",এই চেইর বছরে যদি কিয়ার মনত হনো হষ্ট দি থাহি তইলি ক্ষমা গরি দিস
"আজকে হাসপাতালে গিয়ে রক্ত পরীক্ষা দিয়ে এলাম, রিপোর্টের জন্য অপেক্ষায় আছি","আজিয়ে হাসপাতালুত যাই রক্ত পরীক্ষে দি আইলাম, রিপোর্ট উর অপেক্ষাত আছি"
"আজকে হাসপাতালে গিয়ে রক্ত পরীক্ষা দিয়ে এলাম, রিপোর্টের জন্য অপেক্ষায় আছি","আজিইয়্যে হাসপাতালুত যাই রক্ত পরীক্ষে দি আইলাম, রিপোর্ট উর অপেক্ষাত আছি"
"এই শাড়িটার দাম কত, একটু বলবেন?","শারি ইয়েনুর দাম হতো, এক্কানা হইবেন?"
"এই শাড়িটার দাম কত, একটু বলবেন?","শারি ইয়েনুর দাম হতো, ইক্কিনি হইবেন?"
"সূর্য ডোবার আগেই ঘরে আয়, নাহয় মার খাবি আমার হাতে","সূর্য ডুফিবের আগেই ঘরোত আই, নইলি মাইর হাবি আঁর আতুত"
"বাইরে অনেক বেশি গরম, একটা ছাতা নিয়ে যাও","বাইরে বত বেশি গরম, এক্কান ছাতি লই যও"
"বাইরে অনেক বেশি গরম, একটা ছাতা নিয়ে যাও","বাদ্দি বত বেশি গরম, এক্কান ছাতি লই যও"
"আমি যাব না, কারন বেশি রোদ","আঁই যাইতাম নো, হারন বেশি রইদ"
"এই কুকুরটা অনেক দুষ্টু, সবসময় দুষ্টামি করে","এই কুত্তো ইবে বত যারগো, সবসময় যারগই গরে"
রাঙামাটি না গিয়ে বান্দরবান গেলে ভাল হবে,রাঙামাটি ন যায় বান্দরবন যাইলি ভালা অইবু
রাঙামাটি না গিয়ে বান্দরবান গেলে ভাল হবে,রাঙামাটি ন যায় বান্দরবন যাইলি গম অইবু
আমার মতে বান্দরবান থেকে কক্সবাজার যাওয়া ভালো হবে,আঁর মতে বান্দরবন উত্তুন কক্সবাজার যন ভালা অইবু
আমার মতে বান্দরবান থেকে কক্সবাজার যাওয়া ভালো হবে,আঁর মতে বান্দরবন উত্তুন কক্সবাজার যন গম অইবু
"মার্কেটে অনেক ভিড়, তাই আসতে দেরি হবে","মার্কেটুত বত জাম, এতেল্লে আসতে দেরি অইবু"
"ছেলেটাকে ডিম দিতে হবে, বেশি দুর্বল হয়ে গেছে","ফুওয়া ইবেরে ডিম দন ফরিবু, বেশি দুর্বল অই গেইয়্যি"
এভাবে আমাদের সবাইকে ফেলে একা চলে যাচ্ছিস,এন গরি আঁরা বিয়াজ্ঞুনুরে ফেলাই এহেল্লে চলি যর
"আমার নাম মাসুম না, আমার নাম হলো সিহাব","আঁর নাম মাসুম নো, আঁর নাম অইলু দে সিহাব"
"আমি এখন খাব না, একটু পরে খাব","আঁই এহন হাইতাম নো, এক্কানা পরে হাইয়্যুম"
"আমি এখন খাব না, একটু পরে খাব","আঁই এহন হাইতাম নো, ইক্কিনি পরে হাইয়্যুম"
শীতকাল আসলেই আমাদের পুকুরের পানি শুকাতে শুরু করে,শীতহাল আইলিই আঁরার ফইরুর পানি ফুওয়েই যাইতু শুরু গরে
"ঘরের দরজা খোলা ছিল, তাই চোর সহজেই ঘরে ঢুকতে পেরেছিল","ঘরুর দরজা খোলা আছিল, এতেল্লে চোর সহজেই ঘরুত ঢুকিত পেইজ্জিল"
"আশা করি খুব শীঘ্রই আবার দেখা হবে, ভালো থাকবেন","আশা গরি বত জলদি আবার দেহা অইবু, ভালা থাইক্কুন"
"আশা করি খুব শীঘ্রই আবার দেখা হবে, ভালো থাকবেন","আশা গরি বত জলদি আবার দেহা অইবু, গম থাইক্কুন"
নিজের ঘরে থাকলে নিজের মতো করে থাকা যায়,নিজোর ঘরোত থাহিলি নিজোর মতোন গরি থাহন যায়
"ক্ষেতের ফসলগুলো পেকে গেছে, এবার কিছু কৃষক নিয়ে এসো","ক্ষেতির ফসল এগিন পাগি গেইয়্যি, এবার কিছু কৃষক লই আইয়্যো"
"আমার নরওয়েতে যাওয়ার খুব ইচ্ছা, ওখানে নাকি রাত আর দিন অনেক বড় হয়","আত্তুন নরওয়েত যাইবের বত ইচ্ছে, এনডে বলে রাইত আর দিন বত বরো অয়"
আপনি বাসায় ছিলেন না গতকাল? তাহলে আমি কাকে দেখলাম?,অঁনে বাসাত নো আছিলেন হালিয়ে? তইলি আঁই হারে দেহিলাম?
"ইরফানকে একদিন বাসায় বেড়াতে আসতে বল, অনেক দিন ধরে ছেলেটা বাসায় আসেনা","ইরফান উরে একদিন বাসাত বেরাইতু আইসতো হ, বতদিন ধরি ফুওয়া ইবে বাসাত ন আইয়্যি"
পুকুর ঘাঠে বসে বড়শি দিয়ে মাছ ধরব,ফইরোর ঘাটোত বই রে বরকি দি মাছ ধইজ্জুম
"একটা রিকশা নিয়ে মুরাদপুর চলে আয়, আমি ওখানে দাঁড়িয়ে আছি","এক্কান রিকশে লই মুরাদপুর চলি আয়, আঁই এনডে থিয়েই আছি"
"আজকে টিকিট কেটে ফেলতে হবে, সেজন্য সবাই আজকের মধ্যে টাকাটা দিয়ে দিস","আজিয়ে টিকেট হাডি ফেলন ফরিবু, এতেল্লে বিয়াজ্ঞুন আজিয়ের অধ্যে টিয়াগুন দি দিস"
"আজকে টিকিট কেটে ফেলতে হবে, সেজন্য সবাই আজকের মধ্যে টাকাটা দিয়ে দিস","আজিয়ে টিকেট হাডি ফেলন ফরিবু, এতেল্লে বেজ্ঞুন আজিয়ের অধ্যে টিয়াগুন দি দিস"
"আজকে টিকিট কেটে ফেলতে হবে, সেজন্য সবাই আজকের মধ্যে টাকাটা দিয়ে দিস","আজিইয়্যে টিকেট হাডি ফেলন ফরিবু, এতেল্লে বিয়াজ্ঞুন আজিয়ের অধ্যে টিয়াগুন দি দিস"
তুই এগুলো নিয়েছিস কত দিন হচ্ছে?,তুই এগিন লইয়্যুস হতদিন অর?
রাস্তায় বড় বড় ট্রাকগুলো দেখলে আমার ভয় লাগে,রাস্তাত বরো বরো ট্রাক এগুন দেহিলি আত্তুন ডর লাগে
"আমি দুপুর ২টার ট্রেনের টিকিট কেটে রেখেছি, তুমি সময়মতো চলে আসিও","আঁই দুইজ্জে ২টার ট্রেনুর টিকেট হাডি রেইক্কি, তুঁই সময়মতো চলি আইসসো"
"ভাই, ঢাকা থেকে চট্টগ্রামের বাস কখন ছাড়বে?","বদ্দা, ঢাহাত্তুন চট্টগ্রামুর বাস হত্তে ছারিবু?"
তোমার সঙ্গে মামুনকেও নিয়ে যাও,তোঁয়ার লগে মামুন উরেও লই যও
এদের দুজনকে মিলিয়ে দিতে হবে,ইতারা দুনুজনোরে মিলাই দন ফরিবো
গত বছরের মতো এবারও আমরা সমুদ্রপাড়ে গিয়ে পিকনিক করব,গত বছরুর মতন এবারও আঁরা সমুদ্রা ফারুত যাই পিকনিক গইজ্জুম
"তুই এটা শেষ কর, আমি ভাত রান্না করে আসি","তুই ইবে শেষ গর, আঁই ভাত রান্না গরি আয়"
"বারবার বলি যে তরকারিতে লবণ কম দেওয়ার জন্য, আমি বেশি লবণ খেতে পারি না","বারবার হয়দি তরহারিত নুন হম দিবের লাই, আঁই নুন বেশি হাইত ন ফারি"
"নৌকাটি একটু ঘুরাও, আমরা উঠবো","নৌকো ইয়েন এক্কানা ঘুরো, আঁরা উইট্টুম"
"নৌকাটি একটু ঘুরাও, আমরা উঠবো","নৌকো ইয়েন ইক্কিনি ঘুরো, আঁরা উইট্টুম"
সত্যি বলছেন?,আ'ছা হইতে লাইজ্ঞুন?
"আলিয়ার জুতাগুলো ছোট হয়েছে, ওগুলো পরিবর্তন করে আনতে হবে","আলিয়ার জুতা এগিন ছুডো অইয়্যি, এগিন বদলাই আনন ফরিবু"
"এই গেঞ্জিটা একবার ব্যবহার করে দেখেন, যদি ভালো না লাগে তাহলে ফেরত নেব","গেঞ্জি ইবে একবার বেবার গরি সন, যদি ভালা ন লাগে তইলি ফেরত লইয়্যুম"
"এই গেঞ্জিটা একবার ব্যবহার করে দেখেন, যদি ভালো না লাগে তাহলে ফেরত নেব","গেঞ্জি ইবে একবার বেবার গরি সন, যদি গম ন লাগে তইলি ফেরত লইয়্যুম"
"আজকে বন্ধুর বাসায় দাওয়াত আছে, তাই দুপুরে খাব না","আজয়ি বন্ধুর বাসাত দঅত আছে, এতেল্লে দুইজ্জে হাইতাম নো"
"আজকে বন্ধুর বাসায় দাওয়াত আছে, তাই দুপুরে খাব না","আজয়ি বন্ধুর বাসাত দঅত আছে, এতেল্লে দুইরগে হাইতাম নো"
ডেলিভারি পেতে কত দিন লাগবে?,ডেলিভারি পাইতে হতদিন লাগিবু?
"ভাই, রাস্তায় এত জোরে হর্ন দেবেন না, আশেপাশের মানুষজন বিরক্ত হচ্ছে","বদ্দা, রাস্তাত এল্লেত জোরে অরন ন দিবেন, আশেপাশুর মানুষজন বিরক্ত অর"
"ভাই, রাস্তায় এত জোরে হর্ন দেবেন না, আশেপাশের মানুষজন বিরক্ত হচ্ছে","বদ্দা, রাস্তাত এতো জোরে অরন ন দিবেন, আশেপাশুর মানুষজন বিরক্ত অর"
"পরিবারের সবার জন্য কিছু উপহার নিয়ে এসেছি, আশা করি পছন্দ হবে","পরিবারুর বিয়াজ্ঞুনুর লাই কিছু উপহার লই আইলাম, আশা গরি পছন্দ অইবু"
"স্যার, একটু বসুন, আপনার জন্য চেয়ার নিয়ে আসছি","স্যার, এক্কানা বইয়্যুন, অঁনোর লাই চিয়ার লই আইসসি"
"স্যার, একটু বসুন, আপনার জন্য চেয়ার নিয়ে আসছি","স্যার, ইক্কিনি বইয়্যুন, অঁনোর লাই চিয়ার লই আইসসি"
"আমি বসে আছি, তুমি কি করো?","আঁই বই থেইক্কি, তুঁই কি গরো?"
নমস্কার স্যার,নমস্কার স্যার
এরা দুই ভাই একসাথে হলেই ঝগড়া শুরু হয়ে যায়,এতারা দুনু ভাই একলগে অইলিই হইজ্জে শুরু অই যাই
এরা দুই ভাই একসাথে হলেই ঝগড়া শুরু হয়ে যায়,এতারা দুনু ভাই এক্কোত্তরে অইলিই হইজ্জে শুরু অই যাই
এরা দুই ভাই একসাথে হলেই ঝগড়া শুরু হয়ে যায়,এতারা দুনু ভাই এক্কোওয়ারে অইলিই হইজ্জে শুরু অই যাই
এরা দুই ভাই একসাথে হলেই ঝগড়া শুরু হয়ে যায়,এতারা দুনু ভাই এক্কোফুয়ারে অইলিই হইজ্জে শুরু অই যাই
"সারাদিন কারেন্ট ছিল না, এখন একটু এসেছে, আবারও চলে গেছে","আরাদিন কারোন ন আছিল, এহন এক্কানা আইসসি, আবারও চলি গেইয়্যি"
"সারাদিন কারেন্ট ছিল না, এখন একটু এসেছে, আবারও চলে গেছে","আরাদিন কারোন ন আছিল, এহন ইক্কিনি আইসসি, আবারও চলি গেইয়্যি"
"সারাদিন কারেন্ট ছিল না, এখন একটু এসেছে, আবারও চলে গেছে","ফুরোদিন কারোন ন আছিল, এহন এক্কানা আইসসি, আবারও চলি গেইয়্যি"
"এত দামাদামি না করে ৫০০ টাকা রাখব কাপড়টা, নিয়ে নিন","এল্লেত দামাদামি ন গরি ৫০০ টিয়া রাইক্কুম হর ইবে, লই লন"
"এত দামাদামি না করে ৫০০ টাকা রাখব কাপড়টা, নিয়ে নিন","এতো দামাদামি ন গরি ৫০০ টিয়া রাইক্কুম হর ইবে, লই লন"
"এখন আমার যে ঘুম পাচ্ছে, মনে হচ্ছে না ঘুমালে মাথা ঘুরে পড়ে যাব","এহন আত্তুন যে ঘুম পার, মনে অদ্দে ঘুম ন যাইলি মাথা ঘুরি ফরি যাইয়্যুম"
"রুমে ঠান্ডা বাতাস ঢুকছে, তাড়াতাড়ি জানালা বন্ধ করে দাও","রুমোত ঠান্ডা বাতাস ঢুকের, হারা জানালা বন্ধ গরি দ"
"রুমে ঠান্ডা বাতাস ঢুকছে, তাড়াতাড়ি জানালা বন্ধ করে দাও","রুমোত ঠান্ডা বাতাস ঢুকের, তারাতারি জানালা বন্ধ গরি দ"
"রুমে ঠান্ডা বাতাস ঢুকছে, তাড়াতাড়ি জানালা বন্ধ করে দাও","রুমোত ঠান্ডা বাতাস ঢুকের, জলদি জানালা বন্ধ গরি দ"
"আর বেশি সময় বাকি নেই, আরেকটু পরে অনুষ্ঠান শুরু হবে","আর বেশি সময় বাকি নেই, আরেক্কানা পরে অনুষ্ঠান শুরু অইবু"
অতিরিক্ত বৃষ্টি পড়ার কারণে চারদিকে পানি উঠে গেছে,অতিরিক্ত ঝর ফরিবের হারনে চেরোমিক্কে পানি উডি গেইয়্যি
অনেকগুলো কাপড় জমে আছে,বত হদিজ্ঞিন হর জমি আছে
"একদাম বলে বলে বেশি নিচ্ছেন, আমি নেব না আপনার দোকান থেকে","একদাম হই হই বেশি লইতে লাইজ্ঞুন, আঁই লইতাম ন অঁনোর দোয়ানুত্তুন"
"ওখানে গিয়ে দেখি, চারদিকে ধোঁয়া আর ধোঁয়া","অনডে যাই দেহি, চেরোমিক্কে ধুওয়ো আর ধুওয়ো"
"বর্ষাকালে কাজ কম থাকে, সেজন্য বর্ষাকাল এলে আমার ভয় লাগে","বর্ষাহালে হাজ হম থাহে, এতেল্লে বর্ষাহাল আইলি আত্তুন ডর লাগে"
"বর্ষাকালে কাজ কম থাকে, সেজন্য বর্ষাকাল এলে আমার ভয় লাগে","বর্ষাহালে হাম হম থাহে, এতেল্লে বর্ষাহাল আইলি আত্তুন ডর লাগে"
"আমি কোনো দিন লঞ্চে চড়িনি, এবার না হয় লঞ্চে করেই যাই","আঁই হনোদিন লঞ্চ উত ন চরি, এবার নইতু লঞ্চ উত গরি যাই"
কি রান্না করেন দেখতে আসছি,কি রান্না গরন চাইতাম আইসসি
"ম্যাম, এমনটা আর হবে না, সত্যি বলছি","ম্যাম, এল্লেত আর ন অইবু, সত্যি হইদ্দি"
"একটু হাত লাগান, আপনি ছাড়া এটা ওপরে তোলা সম্ভব না","এক্কানা আত লাগন, অঁনে ছারা ইয়েন উরে তোলন সম্ভব নো"
"একটু হাত লাগান, আপনি ছাড়া এটা ওপরে তোলা সম্ভব না","ইক্কিনি আত লাগন, অঁনে ছারা ইয়েন উরে তোলন সম্ভব নো"
"আমাদের পথ এখানেই শেষ না, আজ হেরে গেছি তো কী হয়েছে","আঁরার পথ এনডেই শেষ নো, আজিয়ে অডি গেই তো কী অইয়্যি"
বাসায় না পড়ে গেলে পরীক্ষার হলে আরেকজনের থেকে দেখে দেখে লিখতে হবে,বাসাত পরি ন গেলি পরীক্ষের হল উত আরেকজনুত্তুন সাই সাই লেহন ফরিবু
"আমাদের বাসায় একটা বড় টিভি আছে, সবাই একসঙ্গে খেলা দেখব","আঁরার বাসাত বরো টিভি আছে, বিয়াজ্ঞুন একলগে খেলা চাইয়্যুম"
"আমাদের বাসায় একটা বড় টিভি আছে, সবাই একসঙ্গে খেলা দেখব","আঁরার বাসাত বরো টিভি আছে, বেজ্ঞুন একলগে খেলা চাইয়্যুম"
"আমাদের বাসায় একটা বড় টিভি আছে, সবাই একসঙ্গে খেলা দেখব","আঁরার বাসাত বরো টিভি আছে, বিয়াজ্ঞুন এক্কোত্তরে খেলা চাইয়্যুম"
"আমাদের বাসায় একটা বড় টিভি আছে, সবাই একসঙ্গে খেলা দেখব","আঁরার বাসাত বরো টিভি আছে, বিয়াজ্ঞুন এক্কোওয়ারে খেলা চাইয়্যুম"
"আমাদের বাসায় একটা বড় টিভি আছে, সবাই একসঙ্গে খেলা দেখব","আঁরার বাসাত বরো টিভি আছে, বিয়াজ্ঞুন এক্কোফুয়ারে খেলা চাইয়্যুম"
তোমার মলিন মুখ দেখলে আমার মন একদম খারাপ হয়ে যায়,তোঁয়ার মলিন মুখ দেহিলি আঁর মন এব্বেরে হারাপ অই যায়
"একটু জোরে কথা বলো, পেছন থেকে ঠিকমতো শুনতে পারছি না","এক্কানা জোরে হতা হও, পিছুত্তুন ঠিকমতো উনিত ন পারির"
"একটু জোরে কথা বলো, পেছন থেকে ঠিকমতো শুনতে পারছি না","ইক্কিনি জোরে হতা হও, পিছুত্তুন ঠিকমতো উনিত ন পারির"
"একটু জোরে কথা বলো, পেছন থেকে ঠিকমতো শুনতে পারছি না","এক্কানা জোরে হথা হও, পিছুত্তুন ঠিকমতো উনিত ন পারির"
"সবাই বাড়িতে চলে গেছে, শুধু আমি একা আছি","বিয়াজ্ঞুন বারিত চলি গেইয়্যি, উধো আঁই এহেল্লে আছি"
"সবাই বাড়িতে চলে গেছে, শুধু আমি একা আছি","বেজ্ঞুন বারিত চলি গেইয়্যি, উধো আঁই এহেল্লে আছি"
তুমি আমার পিছন পিছন আসো,তুঁই আঁর পিছে পিছে আইয়্যু
এই কুকুরটার শরীর থেকে অনেক গন্ধ যাচ্ছে,এই কুত্তো ইবের গা'আত্তুন বত বাশ যার
"এগুলো সাগরের মাছ, দাম কম হবে না","এগুন সাগরুর মাছ, দাম হম ন অইবু"
"আমাদের রুমে অবশ্যই অ্যাটাচড ওয়াশরুম থাকতে হবে, না হলে আমরা রুম নেব না","আঁরার রুমুত অবশ্যই এটাচ ওয়াশরুম থাহন ফরিবু, নইলি আঁরা রুম লইতাম নো"
"মা, আমার জামাকাপড়গুলো একটু গুছিয়ে রাখো তো","মা, আঁর হরচুর এগিন এক্কানা গুছাই রাহো তো"
"মা, আমার জামাকাপড়গুলো একটু গুছিয়ে রাখো তো","মা, আঁর হরচুর এগিন ইক্কিনি গুছাই রাহো তো"
তাহলে এতোদিন পর আমার কথা মনে পড়ছে,তইলি এতোদিন পর আঁর হতা মনোত ফইজ্জি
তাহলে এতোদিন পর আমার কথা মনে পড়ছে,তইলি এতোদিন পর আঁর হথা মনোত ফইজ্জি
আমি জানি না এরা কীভাবে এই গরমের মধ্যে মাঠে ফুটবল খেলছে,আঁই ন জানি ইতারা কেন গরি এই গরমুর মধ্যে মাডুত ফুটবল খেলের
আমি জানি না এরা কীভাবে এই গরমের মধ্যে মাঠে ফুটবল খেলছে,আঁই ন হইত পারি ইতারা কেন গরি এই গরমুর মধ্যে মাডুত ফুটবল খেলের
আত্মীয়ের মধ্যে আত্মীয়তা করা ঠিক না,আত্মীয়ের মধ্যে আত্মীয়তা গরন ভালা ন
কেমন আছিস বন্ধু? তোকে অনেকদিন পর দেখতাছি,"কেন আছস বন্ধু, তুরে বতদিন পর দেহিদ্দি"
গাধার মতো কথা বলিস না,গাধার মতন হথা ন হইস
গাধার মতো কথা বলিস না,গাধার মতন হতা ন হইস
রান্নাঘরের জানালাটা বন্ধ করে দিয়ে আসো,বসহানার জানালা ইয়েন বন্ধ গরি দি আইয়্যো
"দরজার বাইরে একটা ভিক্কুক দাঁড়ায় আছে, চাল গুলো উনাকে দিয়ে আসো","দরজার বাদ্দি উজ্ঞো ফইর থিয়েই থেইক্কি, চইল এগুন ইবেরে দি আইয়্যু"
"দরজার বাইরে একটা ভিক্কুক দাঁড়ায় আছে, চাল গুলো উনাকে দিয়ে আসো","দরজার বাইরে উজ্ঞো ফইর থিয়েই থেইক্কি, চইল এগুন ইবেরে দি আইয়্যু"
তুমি কোন বিশ্ববিদ্যালয় থেকে পড়াশোনা করেছ?,তুঁই হন বিশ্ববিদ্যালয় উত্তুন পরাশোনা গইজ্জো?
আমি তোমার সাথে কথা বলতে চাই,আঁই তোঁয়ার লগে হতা হইতাম চাই
আমি তোমার সাথে কথা বলতে চাই,আঁই তোঁয়ার ওয়ারে হতা হইতাম চাই
আমি তোমার সাথে কথা বলতে চাই,আঁই তোঁয়ার ফুয়ারে হতা হইতাম চাই
আমি তোমার সাথে কথা বলতে চাই,আঁই তোঁয়ার লগে হথা হইতাম চাই
"তিন দিন ধরে একটানা বৃষ্টি হচ্ছে, ঘরে বসে থাকতে আর ভালো লাগছে না","তিন দিন ধরি একটানা ঝর ফরের, ঘরুত বই থাকতে আর গম ন লার"
"তিন দিন ধরে একটানা বৃষ্টি হচ্ছে, ঘরে বসে থাকতে আর ভালো লাগছে না","তিন দিন ধরি একটানা ঝর ফরের, ঘরুত বই থাকতে আর ভালা ন লার"
"তিন দিন ধরে একটানা বৃষ্টি হচ্ছে, ঘরে বসে থাকতে আর ভালো লাগছে না","তিন দিন ধরি একটানা ঝর ফরের, ঘরুত বই থাকতে আর গম ন লাগের"
নানা বেঁচে থাকতে আমাদেরকে অনেক দেখতে পারতেন,নানা বাঁছি থাইকতে আঁরারে বত দেইত ফাইত্তো
এবারের ঈদের পাঞ্জাবীটা অনেক সুন্দর হয়েছে,এবারোর ঈদুর পাঞ্জাবী ইবে বত সুন্দর অইয়্যি
আসো সবাই একসাথে নাস্তা করি,আইয়্যু বিয়াজ্ঞুন এক্কত্তরে নাস্তা গরি
আসো সবাই একসাথে নাস্তা করি,আইয়্যু বেজ্ঞুন এক্কত্তরে নাস্তা গরি
"তোমার নতুন রান্নার রেসিপিটা আমাদেরও শিখাবে বলেছিলে, মনে আছে?","তোঁয়ার নয়া রান্নার রেসিপি ইবে আঁরারেও শিখাইবে হইলে, মনোত আছেনা?"
তোমার দোকানের কাপড়গুলো আমার পছন্দ হচ্ছে না,তোঁয়ার দোয়ানুর হর এগিন আত্তুন পছন্দ ন অর
ড্রাইভারকে বলেন গাড়ি আরও আস্তে চালাতে,ড্রাইভার উরে হন গারি আরো আস্তে চলাইতু
"এই ছেলেটা প্রতিবার জিনিস দেখে চলে যায়, কোনো সময় কিছু কিনে না","এই ফুওয়া ইবে পইত্তোবার জিনিস সাই চলি যায়, হনো সময় কিছু ন কিনে"
আমার ফুল ভাল লাগে এবং আমি বাগান করতে পছন্দ করি,আত্তুন ফুল গম লাগে আর আঁই বাগান গত্তে পছন্দ গরি
আমার ফুল ভাল লাগে এবং আমি বাগান করতে পছন্দ করি,আত্তুন ফুল ভালা লাগে আর আঁই বাগান গত্তে পছন্দ গরি
পিঠা খাবি বলে এখন কোথায় চলে গেছিস?,পিডে হাবি হইয়্যিরে এহন হনডে চলি গেইয়্যুস?
সকালের রোদে নাকি ভিটামিন ডি আছে,বেইন্নের রইদোত বলে ভিটেমিন ডি আছে
আমার কথা না শুনলে এমনই হবে,আঁর হতা ন উনিলি এরহমই অইবু
আমার কথা না শুনলে এমনই হবে,আঁর হথা ন উনিলি এরহমই অইবু
"কি খবর সবার, সবাই কেমন আছো?","কি হবর বিয়াজ্ঞুনোর, বিয়াজ্ঞুন কেন আছো?"
"কি খবর সবার, সবাই কেমন আছো?","কি হবর বিয়াজ্ঞুনোর, বেজ্ঞুন কেন আছো?"
"এই সপ্তাহ যাব না, সামনের সপ্তাহ থেকে যাব ইনশাআল্লাহ","এই সপ্তাত যাইতাম ন, সামনোর সপ্তাত্তুন যাইয়্যুম ইনশাআল্লাহ"
"টিভির খবরে দেখেছিলাম, এই সপ্তাহ আবহাওয়া খারাপ থাকবে","টিভির হবোরত দেইক্কিলাম, এই সপ্তাত আবাহাওয়া হারাফ থাহিবু"
"এবার বাড়ি যায়, সন্ধ্যা হয়ে গেছে","এবার বারিত যায়, আজুইন্নে অই গেইয়্যি"
অজু করতে কি এক বালতি পানি লাগে!,ওজু গত্তে কি এক বালতি পানি লাগে!
শীতকালে পুকুরের পানি বেশি ঠান্ডা,শীতহালে ফইরোর ফানি বেশি ঠান্ডা
"তুমি আজ না যাও, তুমি চলে গেলে আমার ভালো লাগবে না","তুঁই আজিয়ে নো যও, তুঁই চলি যাইলি আত্তুন ভালা ন লাগিবু"
"তুমি আজ না যাও, তুমি চলে গেলে আমার ভালো লাগবে না","তুঁই আজিয়ে নো যও, তুঁই চলি যাইলি আত্তুন গম ন লাগিবু"
বসন্তকাল আমার সবচেয়ে বেশি ভালো লাগে,বসন্তহাল আঁর বিয়াজ্ঞুনুত্তুন বেশি ভালা লাগে
বসন্তকাল আমার সবচেয়ে বেশি ভালো লাগে,বসন্তহাল আঁর বিয়াজ্ঞুনুত্তুন বেশি গম লাগে
লেবুর রস দিয়ে গরম গরম ছটপটি অনেক মজা লাগে,লেবুর রস দি গরম গরম ছটফডি বত মজা লাগে
আমার আজকে একটু শরীর খারাপ,আত্তুন আজিয়ে এক্কানা শরীল হারাপ
আমার আজকে একটু শরীর খারাপ,আত্তুন আজিইয়্যে এক্কানা শরীল হারাপ
আমার আজকে একটু শরীর খারাপ,আত্তুন আজিয়ে ইক্কিনি শরীল হারাপ
আমার আজকে একটু শরীর খারাপ,আত্তুন আজিয়ে এক্কানা শরীর হারাপ
প্যান্টটা আমার লম্বা হবে,ফেন ইবে আত্তুন লাম্বা অইবু
সে তোমার আংকেলের সাথে ঝগড়া করতে চাচ্ছে,ইতে তোঁয়ার আংকেলুর লগে হইজ্জে গইত্তো চার
সে তোমার আংকেলের সাথে ঝগড়া করতে চাচ্ছে,ইতে তোঁয়ার আংকেলুর ওয়ারে হইজ্জে গইত্তো চার
সে তোমার আংকেলের সাথে ঝগড়া করতে চাচ্ছে,ইতে তোঁয়ার আংকেলুর ফুয়ারে হইজ্জে গইত্তো চার
"আন্টি, আপনি তো এখন আর আমাদের কাছ থেকে কিছু কেনেন না","আন্টি, অঁনে তো এহন আর আঁরাত্তুন কিছু ন কিনন"
সকালে ব্যায়াম করলে শরীর ভালো থাকে,বেইন্নে বিয়াম গরিলি শরীল ভালা থাহে
সকালে ব্যায়াম করলে শরীর ভালো থাকে,বেইন্নে বিয়াম গরিলি শরীল গম থাহে
সকালে ব্যায়াম করলে শরীর ভালো থাকে,ফজোরত বিয়াম গরিলি শরীল ভালা থাহে
সকালে ব্যায়াম করলে শরীর ভালো থাকে,বেইন্নে বিয়াম গরিলি শরীর ভালা থাহে
আমাদের মসজিদে ঈদের নামাজ তাড়াতাড়ি হয়ে যায়,আঁরার মসইদুত ঈদুর নামাজ তারাতারি অই যায়
মাঠে গিয়ে দেখি সেখানে কেও নাই,মাডোত যাইরে দেহি এনডে কিয়াই নাই
কাজ শেষ করে কত টাকা পাবি বুঝে নিস,হাম শেষ গরি হত টিয়া পাবি বুঝি লইস
কাজ শেষ করে কত টাকা পাবি বুঝে নিস,হাজ শেষ গরি হত টিয়া পাবি বুঝি লইস
আচ্ছা আমরা বাসে যাচ্ছি নাকি ট্রেনে যাচ্ছি?,আইচ্ছে আঁরা বাসে যাইর নাকি ট্রেনে যাইর?
ছেলেমেয়ের জন্য মা ছায়ার মতো,ফুত জি'র লাই মা ছায়ার মতন
"ভাই, আমি কি তোমাকে চিনি?","বদ্দা, আঁই কি তোঁয়ারে চিনি?"
"ভাই, গাবতলী বাস টার্মিনাল থেকে কুষ্টিয়ার বাস কোথা থেকে ছাড়ে?","বদ্দা, গাবতলী বাস টার্মিনাল উত্তুন কষ্টিয়ার বাস হত্তুন ছারে?"
আমার আপু অনেক ভাল,আঁর আফা বত গম
আমার আপু অনেক ভাল,আঁর আফা বত ভালা
আপনার ছোট ছেলে তো সাত সকালে বের হয়ে গেছে,অঁনোর গুরো ফুওয়া ইবে তো বেইন্নে ফজোরত বাইর অই গেইয়্যি
আপনার ছোট ছেলে তো সাত সকালে বের হয়ে গেছে,অঁনোর গুরো ফুওয়া ইবে তো বেইন্নে বেইন্নে বাইর অই গেইয়্যি
" যদি তুমি ঠিক করে ফেলো কোন পথে যেতে চাও, আমি পুরো যাত্রায় তোমার সঙ্গ দিতে প্রস্তুত আছি","যদি তুঁই ঠিক গরি ফেলো হন পথোত যাইতো চো, আঁই পুরো যাত্রাত তোঁয়ার সঙ্গ দিবের লাই প্রস্তুত আছি"
কাল রাতে এত জোরে বজ্রপাত হয়েছিল যে ঘুম ভেঙে গিয়েছিল,হালিয়ে রাতিয়ে এল্লেত জোরে টাডাল পইজ্জিল দে ঘুম ভাঙি গেইয়্যিল
কাল রাতে এত জোরে বজ্রপাত হয়েছিল যে ঘুম ভেঙে গিয়েছিল,হালিয়ে রাতিয়ে এতো জোরে টাডাল পইজ্জিল দে ঘুম ভাঙি গেইয়্যিল
কানের নিছে দুইটা থাপ্পর দিব যদি আবার টাকার কথা বলিস,হানোর নিছে দুওয়ো চোয়ার দিয়্যুম যদি আবার টিয়ার হতা হস
কানের নিছে দুইটা থাপ্পর দিব যদি আবার টাকার কথা বলিস,হানোর নিছে দুওয়ো চোয়ার দিয়্যুম যদি আবার টিয়ার হথা হস
তুমি সবকিছু আমার উপার ছেড়ে দাও,তুঁই বিয়াক কিছু আঁর উদ্দি ছারি দো
"ব্যাপার কি, আজকে তোমাকে অনেক সুন্দর লাগতাছে","ব্যাপার কি, আজিয়ে তোঁয়ারে বত সুন্দার লাগের"
"ব্যাপার কি, আজকে তোমাকে অনেক সুন্দর লাগতাছে","ব্যাপার কি, আজিইয়্যে তোঁয়ারে বত সুন্দার লাগের"
"ব্যাপার কি, আজকে তোমাকে অনেক সুন্দর লাগতাছে","ব্যাপার কি, আজিয়ে তোঁয়ারে বত সুন্দার লার"
আমার কালো শার্টটি কোথায়? খুঁজে পাচ্ছি না যে,আঁর হালা শার্ট ইবে হনডে? থোওয়াই ন পাইদ্দি
"তোমার বড় ভাই এখন কি করে, জব করে নাকি ব্যাবসা করে?",তোঁয়ার বদ্দা এহন কি গরে? চঅরি গরে নাকি ব্যাবসা গরে?
এরা কারা? কোথা থেকে এলো?,ইতারা হন? হত্তোন আইসসি?
"মনে করে চার্জার আর পাওয়ার ব্যাংক নিও, ওখানে চার্জ দেওয়ার ব্যবস্থা নেই","মনোত গরি চার্জার আর পাওয়ার ব্যাংক লইয়্যু, এনডে চার্জ দিবের ব্যবস্থা নেই"
"আমার একটা গুরুত্বপূর্ণ কাজ আছে, যদি দেরি হয় তাহলে আমি ভাড়া দেব না","আত্তুন এক্কান গুরুত্বপুর্ণ হাজ আছে, যদি দেরি অয় তইলি আঁই ভারা দিতাম ন"
"আমার একটা গুরুত্বপূর্ণ কাজ আছে, যদি দেরি হয় তাহলে আমি ভাড়া দেব না","আত্তুন এক্কান গুরুত্বপুর্ণ হাম আছে, যদি দেরি অয় তইলি আঁই ভারা দিতাম ন"
"ডাক্তার বললেন, বেশি করে বিশ্রাম নিতে হবে, শরীর দুর্বল হয়ে গেছে","ডাক্তার হইয়্যি, বেশি গরি বিশ্রাম লন ফরিবু, শরীল দুর্বল অই গেইয়্যি"
"ডাক্তার বললেন, বেশি করে বিশ্রাম নিতে হবে, শরীর দুর্বল হয়ে গেছে","ডাক্তার হইয়্যি, বেশি গরি বিশ্রাম লন ফরিবু, শরীর দুর্বল অই গেইয়্যি"
"এখন রাত হয়ে গেছে, তাই ভাড়া একটু বেশি দিতে হবে","এহন রাইত অই গেইয়্যি, এতেল্লে ভারা এক্কানা বেশি দন ফরিবু"
"এখন রাত হয়ে গেছে, তাই ভাড়া একটু বেশি দিতে হবে","এহন রাইত অই গেইয়্যি, এতেল্লে ভারা ইক্কিনি বেশি দন ফরিবু"
"আমার তো ঠিকমতো মনে নেই, মনে হয় ১৫–২০ দিন হবে","আঁর তো ঠিকমতো মনত নেই, মনে অয় ১৫-২০ দিন অইবু"
"উঠানে অনেক ময়লা হয়েছে, ঝাড়ু দিতে হবে আজকে","উডোনোত বত হাচারা অইয়্যি, ঝারু দন ফরিবু আজিয়ে"
"উঠানে অনেক ময়লা হয়েছে, ঝাড়ু দিতে হবে আজকে","উডোনোত বত হাচারা অইয়্যি, ঝারু দন ফরিবু আজিইয়্যে"
"উঠানে অনেক ময়লা হয়েছে, ঝাড়ু দিতে হবে আজকে","উডোনোত বত ময়লা অইয়্যি, ঝারু দন ফরিবু আজিয়ে"
"তোকে অনেক মিস করছি, তুই না থাকলে কাউকে জ্বালাতে পারি না","তোরে বত মিস গরির, তুই ন থাহিলি কিয়ারে জালাইত ন পারি"
"ফোন রিসভ করছেনা, মনে হয় ব্যস্ত","ফোন রিসিভ ন গরের, মনে অয় বিজি"
গত বছরের তুলনায় এ বছর কাপড়ের দাম অনেক বেশি,গত বছরুর তুলনায় এবছর হর উর দাম বত বেশি
"কিরে, ব্যাপার কী, আজ অনেক হাসিখুশি লাগছে!","কিরে, ব্যাপার কী, আজিয়ে বত আ'সিখুশি লাগের!"
"ঠিক আছে, এটা প্যাকেট করে দেন","ঠিক আছে, ইবে প্যাকেট গরি দন"
জোয়ারের পানি ঢুকে আমার সব ক্ষেত নষ্ট করে দিল,জোয়ারুর পানি ঢুকি আঁর বিয়াক ক্ষেতি নষ্ট গরি দিয়্যি
"সবসময় হাসিখুশি থাকবা, তোমাকে হাসিখুশি দেখলে মিষ্টি লাগে","সবসময় আসিখুশি থাহিবে, তোঁয়ারে আশিখুশি দেহিলি মিষ্টি লাগে"
"তোর আপুকে ডাক্তারের কাছে নিয়ে যেতে হবে, একটা সিএনজি নিয়ে আয়","তুর আফারে ডাক্তারোর হাছে লই যন ফরিবু, এক্কান সিএনজি লই আয়"
"তোমার এত চিন্তা করতে হবেনা, আমার চিন্তা আমি করব","তোঁয়াত্তুন এত চিন্তে গরন পইত্তু ন, আঁর চিন্তে আঁই গইজ্জুম"
"যদি কারেন্ট না আসে, তাহলে ছাদে গিয়ে ঘুমাব","যদি কারোন ন আইয়্যি, তইলি ছাদুত যাই ঘুমাইয়্যুম"
"চলো, আজকে আমরা ছাদে শুয়ে শুয়ে আকাশের তারা গুনি","চলো, আজিয়ে আঁরা ছাদুত শুয় শুয় আকাশুর তারা গনি"
"চলো, আজকে আমরা ছাদে শুয়ে শুয়ে আকাশের তারা গুনি","চলো, আজিইয়্যে আঁরা ছাদুত শুয় শুয় আকাশুর তারা গনি"
জুতাগুলো ভাই আমরা ঢাকা থেকে অর্ডার করে আনি,জুতা এগিন বদ্দা আঁরা ঢাহাত্তুন অর্ডার গরি আনি
ছোট বাচ্চাদের গেমগুলো আমি খেলব না,গুরো ফুওয়া অক্কলুর গেম এগিন আঁই খেইলতাম নো
শরীরকে সুস্থ রাখার জন্য ঘুম খুবই জরুরি,শরীল উরে সুস্থ রাহিবের লাই ঘুম বেশি জরুরি
শরীরকে সুস্থ রাখার জন্য ঘুম খুবই জরুরি,শরীর উরে সুস্থ রাহিবের লাই ঘুম বেশি জরুরি
আমার বোন আমাকে বলে আমি নাকি বিয়ে করলে তাকে ভুলে যাব,আঁর বইন আঁরে হয়দে আঁই বলে বিয়ে গরিলি ইতিরে ভুলি যাইয়্যুম
"আমার দাদার বাড়ি নোয়াখালী, এবার ঈদে আমরা সেখানে যাব","আঁর দাদার বারি নোয়াহালী, এবার ঈদুত আঁরা এনডে যাইয়্যুম"
সকালে আমি ভাত খাবো না,বেইন্নে আঁই ভাত হাইতাম নো
সকালে আমি ভাত খাবো না,ফজোরত আঁই ভাত হাইতাম নো
কুয়াশা এত বেশি যে সামনে কী আছে কিছু বোঝা যাচ্ছে না,হুয়া এত বেশি দে সামনে কি আছে কি আছে কিছু বুঝা ন যার
এই কচুশাকগুলো এক বান্ডিল কত টাকা?,এই হচুশাক এগিন এক বুধা হত টিয়া?
"ইলিশ মাছ আমার খুব মজা লাগে, কিন্তু কাঁটা বেশি হওয়ার কারণে খেতে মন চায় না","ইলিশ মাছ আত্তুন বত মজা লাগে, কিন্তু কেড়া বেশি অইবের হারনে হাইতু মন ন চায়"
সেজন্য এক বস্তা চাল নিয়ে আসছি,এতেল্লে এক বস্তা চইল লই আইস্যি
"এখন বাইরে যাব না, বাইরে গেলে অনেক সময় নষ্ট হবে","এহন বাদ্দি যাইতাম ন, বাদ্দি গেলি বত সময় নষ্ট অইবু"
"এখন বাইরে যাব না, বাইরে গেলে অনেক সময় নষ্ট হবে","এহন বাইরে যাইতাম ন, বাদ্দি গেলি বত সময় নষ্ট অইবু"
"ভাত খেয়েছিলাম অনেক আগে, কিন্তু এখনো হজম হচ্ছে না","ভাত হায়লাম বত আগে, কিন্তু এহনো অজম ন অর"
"ভাত খেয়েছিলাম অনেক আগে, কিন্তু এখনো হজম হচ্ছে না","ভাত হায়লাম বত আগে, কিন্তু এইজু অজম ন অর"
শীতকালে পুকুরে নেমে গোসল করা অনেক বিরক্তিকর,শীতহালে ফইরোত নামি গোসল গরন বত বিরক্তিকর
তুমি আজকে জলদি চলে এলে যে?,তুঁই আজিয়ে হারা চলি আইস্যু দে?
তুমি আজকে জলদি চলে এলে যে?,তুঁই আজিইয়্যে হারা চলি আইস্যু দে?
তুমি আজকে জলদি চলে এলে যে?,তুঁই আজিয়ে তারাতারি চলি আইস্যু দে?
তুমি আজকে জলদি চলে এলে যে?,তুঁই আজিয়ে জলদি চলি আইস্যু দে?
চোখ কানা নাকি? সামনে কি আছে দেখছো না?,চোখ হানা না? সাম্মোদ্দি কি আছে ন দেহর?
চোখ কানা নাকি? সামনে কি আছে দেখছো না?,চোখ আন্ধা না? সাম্মোদ্দি কি আছে ন দেহর?
চোখ কানা নাকি? সামনে কি আছে দেখছো না?,চোখ আধা না? সাম্মোদ্দি কি আছে ন দেহর?
তোর বাবা আমার চাচা এবং আমার বাবা তোর চাচা,তুর বাফ আঁর চাচা আর আঁর বাফ তুর চাচা
তোমার কথা শুনে মন খারাপ হয়ে গেল,তোঁয়ার হতা উনি রে মন হারাপ অই গেইয়্যি
তোমার কথা শুনে মন খারাপ হয়ে গেল,তোঁয়ার হথা উনি রে মন হারাপ অই গেইয়্যি
"রান্না করা শেষ, এখন আগুন নিভিয়ে দাও","রান্না গরা শেষ, এহন অইন নিফেই দ"
ইফতারের পরে মার্কেটে মানুষ বেশি থাকবে,ইফতেরুর ফরে মার্কেটুত মানুষ বেশি থাহিবু
তুমি কি আমার সাথে কথা বলবা নাকি রাগ করে থাকবা?,তুঁই কি আঁর লগে হতা হইবে নাকি গুসসা গরি তাহিবে?
তুমি কি আমার সাথে কথা বলবা নাকি রাগ করে থাকবা?,তুঁই কি আঁর ওয়ারে হতা হইবে নাকি গুসসা গরি তাহিবে?
তুমি কি আমার সাথে কথা বলবা নাকি রাগ করে থাকবা?,তুঁই কি আঁর ফুয়ারে হতা হইবে নাকি গুসসা গরি তাহিবে?
তুমি কি আমার সাথে কথা বলবা নাকি রাগ করে থাকবা?,তুঁই কি আঁর লগে হথা হইবে নাকি গুসসা গরি তাহিবে?
তুই তো দেখছি আমাদের গণিত স্যারের মতো বন্যার মধ্যেও ক্লাসে চলে আসছিস,তুই তো দেহির আঁরার গণিত স্যারোর মতন বন্যার মধ্যেও ক্লাসুত চলি আইসসুছ
আমার ছোট ভাই শুধু বাবাকে ভয় পায়,আঁর ছোডো ভাই উধো আব্বুরে ডরাই দে
মানুষজন এসে আমার ঘরটা ময়লা করে ফেলেছে,মানুষজন আইয়্যিরে আঁর ঘর ইয়েন হাচারা গরি ফেলাইয়্যি
"এই হোটেলটা স্টেশনের কাছে কি না দেখো, কারণ ভোরেই ট্রেন ধরতে হবে","এই হোটেল ইয়েন স্টেশনুর হাছে আছে কিনা স, হারন ফোওয়াত্তেই ট্রেন ধরন ফরিবু"
শাড়িটার কাপড় ভালো হবে মনে হচ্ছে,শারি ইবের হর ভালা অইবু মনে অর
শাড়িটার কাপড় ভালো হবে মনে হচ্ছে,শারি ইবের হর গম অইবু মনে অর
"আজকে মনটা খুব হালকা লাগছে, কারণ অনেকদিনের চিন্তাটা এবার শেষ হলো","আজিয়ে মন ইয়েন বত হালকা লাগের, হারন বতদিনুর চিন্তে ইয়েন এবার শেষ অইয়্যি"
"আজকে মনটা খুব হালকা লাগছে, কারণ অনেকদিনের চিন্তাটা এবার শেষ হলো","আজিইয়্যে মন ইয়েন বত হালকা লাগের, হারন বতদিনুর চিন্তে ইয়েন এবার শেষ অইয়্যি"
"আজকে মনটা খুব হালকা লাগছে, কারণ অনেকদিনের চিন্তাটা এবার শেষ হলো","আজিয়ে মন ইয়েন বত আলহা লাগের, হারন বতদিনুর চিন্তে ইয়েন এবার শেষ অইয়্যি"
"আমার বর্তমান অবস্থা খুব বাজে, কিরকম বাজে সেটা বলার মতো না","আঁর বর্তমান অবস্থা বত বাজে, কিরহম বাজে ইয়েন হইবের মতন নো"
"একবার আপুদের সাথে মার্কেটে গিয়েছিলাম, সারাদিন হাঁটতে হাঁটতে আমার পা ব্যথা হয়ে গিয়েছিল সেদিন","একবার আফা তারার লগে মার্কেটুত গেইলাম, আরাদিন আটতে আটতে আঁর টেং বিশ অই গেইয়্যিল এদিন্নে"
"একবার আপুদের সাথে মার্কেটে গিয়েছিলাম, সারাদিন হাঁটতে হাঁটতে আমার পা ব্যথা হয়ে গিয়েছিল সেদিন","একবার আফা তারার ওয়ারে মার্কেটুত গেইলাম, আরাদিন আটতে আটতে আঁর টেং বিশ অই গেইয়্যিল এদিন্নে"
"একবার আপুদের সাথে মার্কেটে গিয়েছিলাম, সারাদিন হাঁটতে হাঁটতে আমার পা ব্যথা হয়ে গিয়েছিল সেদিন","একবার আফা তারার ফুয়ারে মার্কেটুত গেইলাম, আরাদিন আটতে আটতে আঁর টেং বিশ অই গেইয়্যিল এদিন্নে"
"একবার আপুদের সাথে মার্কেটে গিয়েছিলাম, সারাদিন হাঁটতে হাঁটতে আমার পা ব্যথা হয়ে গিয়েছিল সেদিন","একবার আফা তারার লগে মার্কেটুত গেইলাম, ফুরোদিন আটতে আটতে আঁর টেং বিশ অই গেইয়্যিল এদিন্নে"
তোর বাবাকে বল যেন মাছ বাজার থেকে কেটে আনে,তোর বাফুরে হ যেন মাছ বাজারুত্তুন হাডি আনে
সকালে চা না খেলে মাথা একদম কাজ করেনা,বেইন্নে চা ন হাইলি মাথা এব্বেরে হাম ন গরে
সকালে চা না খেলে মাথা একদম কাজ করেনা,ফজোরত চা ন হাইলি মাথা এব্বেরে হাম ন গরে
সকালে চা না খেলে মাথা একদম কাজ করেনা,বেইন্নে চা ন হাইলি মাথা এব্বেরে হাজ ন গরে
"এতদিন ধরে আপনার দোকান থেকে কেনাকাটা করি, আর আপনি আমার কাছ থেকে দাম বেশি নিচ্ছেন!","এতদিন ধরি অঁনোর দোয়ানুত্তুন কেনাকাটা গরি, আর অঁনে আত্তুন দাম বেশি লইতে লাইজ্ঞুন!"
"মা, আমি দাঁত ব্রাশ করে আসছি, আপনি আমার জন্য নাস্তা রেডি করেন","আম্মু, আঁই দাঁত ব্রাশ গরি আইর, অঁনে আঁর লাই নাস্তা রেডি গরন"
"কিছুক্ষণের মধ্যে বৃষ্টি আসতে পারে, ছাতাটা নিয়ে যাও","কিছুক্ষনের মধ্যে ঝর আইত ফারে, ছাতি ইয়েন লই যও"
"ভাই, বাস ছাড়তে আর কতক্ষণ সময় বাকি আছে?","বদ্দা, বাস ছারিবের লাই আর হতক্ষন সময় বাকি আছে?"
তোমার কি কি লাগবে একটা লিস্ট করো,তোঁয়াত্তুন কি কি লাগিবু এক্কান লিস্ট গরো
আরও আছে? আমি আর পারছি না,আরো আছে? আঁই আর ন ফারির
"সামনের মাসে আমি বেশি ব্যস্ত থাকব, সেজন্য টুরে যেতে পারব না","সামনুর মাসুত আঁই বেশি বিজি থেইক্কুম, এতেল্লে টুরুত যাইত পাইত্তাম ন"
"আচ্ছা, যদি কিছু মনে না করেন একটা কথা জিজ্ঞেস করব?","আইচ্ছে, যদি কিছু মনে নগোরন এক্কান হতা ফুস গইজ্জুম?"
"আচ্ছা, যদি কিছু মনে না করেন একটা কথা জিজ্ঞেস করব?","আইচ্ছে, যদি কিছু মনে নগোরন এক্কান হতা ফুসর গইজ্জুম?"
"আচ্ছা, যদি কিছু মনে না করেন একটা কথা জিজ্ঞেস করব?","আইচ্ছে, যদি কিছু মনে নগোরন এক্কান হথা ফুস গইজ্জুম?"
তুমি কি পাগল? মানুষজন দেখলে কি বলবে?,তুঁই কি ফঅল না? মাইনষে দেহিলি কি হইবু?
"আমি একটা বললাম, আর তুমি আরেকটা রান্না করছ","আঁই এক্কান হইলাম, আর তুঁই আরেক্কান রান্না গইজ্জো"
"আচ্ছা ঠিক আছে, আমি কথা বলে দেখব ওর সাথে","আইচ্ছে ঠিক আছে, আঁই হতা হই চাইয়্যুম ইতের লগে"
"আচ্ছা ঠিক আছে, আমি কথা বলে দেখব ওর সাথে","আইচ্ছে ঠিক আছে, আঁই হতা হই চাইয়্যুম ইতের ওয়ারে"
"আচ্ছা ঠিক আছে, আমি কথা বলে দেখব ওর সাথে","আইচ্ছে ঠিক আছে, আঁই হতা হই চাইয়্যুম ইতের ফুয়ারে"
"আচ্ছা ঠিক আছে, আমি কথা বলে দেখব ওর সাথে","আইচ্ছে ঠিক আছে, আঁই হথা হই চাইয়্যুম ইতের লগে"
তোমার কাছে টাকা আছে? আমাকে কিছু টাকা ধার দাও,তোঁয়ার হাছে টিয়া আছে? আঁরে কিছু টিয়া উধোর দও
আজ থেকে তুমি প্রতিদিন সকালে হাঁটতে বের হবে,আজিয়েত্তুন তুঁই ফইত্তোদিন বেইন্নে আইট্টো বাইর অইবে
আজ থেকে তুমি প্রতিদিন সকালে হাঁটতে বের হবে,আজিয়েত্তুন তুঁই ফইত্তোদিন ফজোরত আইট্টো বাইর অইবে
"শার্টটা অনেক সুন্দর, কিন্তু তোর গায়ে মানায়নি","শার্ট ইবে বত সুন্দর, কিন্তু তুর গা'আত ন মানায়"
এটা এরকম হয়ে যাবে যে সেটা আমি আগে বুঝতে পারিনি,ইয়েন এরহম অই যাইবু দে ইয়েন আঁই বুঝিত ন ফারি
"আম্মু, আমার পরীক্ষা আগামীকাল, তাই আজ রাতে একটু তাড়াতাড়ি খাবার দিয়ে দাও","আম্মু, আঁর পরীক্ষে হালিয়ে, এতেল্লে আজিয়ে রাতিয়ে তারাতারি হানা দি দও"
সকালে এক কাপ চা না খেলে হয় না,ফজোরত এক হাপ চা নো হাইলি নো অই
সকালে এক কাপ চা না খেলে হয় না,বেইন্নে এক হাপ চা নো হাইলি নো অই
"ঝড়ের সঙ্গে প্রচুর পরিমাণে বাতাস, মনে হয় এবার বন্যা আসবে","ঝরুর লগে প্রচুর পরিমানে বাতাস, মনে অই এবার বন্যা অইবু"
"মা, তুমি একটু বসো, আমি সব করছি, আজকে তোমাকে কিছু করতে দিব না","আম্মু, তুঁই এক্কানা বইয়্যু, আঁই বিয়াজ্ঞিন গরির, আজিয়্যে তোঁয়ারে কিছু গইত্তাম দিতাম নো"
"মা, তুমি একটু বসো, আমি সব করছি, আজকে তোমাকে কিছু করতে দিব না","আম্মু, তুঁই ইক্কিনি বইয়্যু, আঁই বিয়াজ্ঞিন গরির, আজিয়্যে তোঁয়ারে কিছু গইত্তাম দিতাম নো"
গতকাল থেকে একটার পর একটা বিপদ আসছে,গত হালিয়েত্তুন এক্কানুর পর এক্কান বিপদ আইয়্যির
"এবার ঘরের ছালাটা ঠিক করতে হবে, নাহয় বর্ষাকালে পানি পড়বে","এবার ঘরুর ছাল ইয়েন ঠিক গরন ফরিবু, নইলি বর্ষাহালে পানি ফরিবু"
আর দু-একটা শব্দ লিখলেই আমাদের ডাটাসেট সম্পূর্ণ হয়ে যাবে,আর দুই-এক্কান শব্দ লেহিলিই আঁরার ডাটাসেট সম্পূর্ণ অই যাইবু
তোর মোবাইলটা কি আমার কাছে বিক্রি করবি? আমার একটা মোবাইল দরকার,তোর মোবাইল ইবে কি আঁর হাছে বেছিবি? আত্তুন উজ্ঞো মোবাইল দরহার
চিন্তা করছি এই ঈদে ফ্যামিলি নিয়ে সেন্ট মার্টিন ঘুরে আসব,চিন্তে গরির এই ঈদুত ফ্যামেলি লই সেন্ট মার্টিন ঘুরি আইসসুম
এখন কয়টা বাজে দেখ তো আরিফ,এহন হটা বাঝে সা তো আরিফ
"কাল ঢাকার উদ্দেশ্যে বের হব, সবাই ভাইয়ের জন্য দোয়া করিও","হালিয়ে ঢাহার উদ্দেশ্যে বাইর অইয়্যুম, বিয়াজ্ঞুন বদ্দার লাই দোয়া গইজ্জো"
"কাল ঢাকার উদ্দেশ্যে বের হব, সবাই ভাইয়ের জন্য দোয়া করিও","হালিয়ে ঢাহার উদ্দেশ্যে বাইর অইয়্যুম, বেজ্ঞুন বদ্দার লাই দোয়া গইজ্জো"
হুট করেই রুমে ঢুকে পড়িস কেন? দরজা নক করতে পারিস না?,বুডুর গরি রুমুত কা ঢুকি পরস? দরজা নক গরিত ন পারস?
"যদি মেয়েটা ভালো হয়, তাহলে ওর সঙ্গে কথা বল","যদি মেইফুওয়া ইবে ভালা অয়, তইলি ইবের লগে হতা হো"
"যদি মেয়েটা ভালো হয়, তাহলে ওর সঙ্গে কথা বল","যদি মেইফুওয়া ইবে গম অয়, তইলি ইবের লগে হতা হো"
"যদি মেয়েটা ভালো হয়, তাহলে ওর সঙ্গে কথা বল","যদি মেইফুওয়া ইবে ভালা অয়, তইলি ইবের লগে হথা হো"
"ওকে বলেছিলাম আমার সাথে চলে আসার জন্য, কিন্তু আসেনি","ইতেরে হইলাম দে আঁর ফুয়ারে চলি আইবের লাই, কিন্তু নো আইয়্যি"
"ওকে বলেছিলাম আমার সাথে চলে আসার জন্য, কিন্তু আসেনি","ইতেরে হইলাম দে আঁর লগে চলি আইবের লাই, কিন্তু নো আইয়্যি"
"ওকে বলেছিলাম আমার সাথে চলে আসার জন্য, কিন্তু আসেনি","ইতেরে হইলাম দে আঁর ওয়ারে চলি আইবের লাই, কিন্তু নো আইয়্যি"
আমি সাইকেল চালাতে পারি কিন্তু বাইক চালাতে পারি না,আঁই সাইকেল চালাইত ফারি কিন্তু বাইক চালাইত ন ফারি
"বড়ো ভাই, কি অবস্থা আপনার?","বদ্দা, কি অবস্থা অঁনোর?"
"আম্মু, আমার বন্ধু বাড়িতে আসবে, আজ একটু ভালো কিছু রান্না করো","আম্মু, আঁর বন্ধু বারিত আইবু, আজিয়ে এক্কানা ভালা কিছু রান্না গরো"
"আম্মু, আমার বন্ধু বাড়িতে আসবে, আজ একটু ভালো কিছু রান্না করো","আম্মু, আঁর বন্ধু বারিত আইবু, আজিয়ে এক্কানা গম কিছু রান্না গরো"
"আম্মু, আমার বন্ধু বাড়িতে আসবে, আজ একটু ভালো কিছু রান্না করো","আম্মু, আঁর বন্ধু বারিত আইবু, আজিয়ে ইক্কিনি ভালা কিছু রান্না গরো"
"মানসিক চাপে থাকলে ঘুম আসে না, আর ঘুম না হলে শরীর আরও খারাপ হয়","মানসিক চাপুত থাহিলি ঘুম ন আইয়্যি, আর ঘুম ন অইলি শরীল আরও হারাপ অয়"
"মানসিক চাপে থাকলে ঘুম আসে না, আর ঘুম না হলে শরীর আরও খারাপ হয়","মানসিক চাপুত থাহিলি ঘুম ন আইয়্যি, আর ঘুম ন অইলি শরীর আরও হারাপ অয়"
বলটি যদি আমার দিকে পাস দিতি তাহলে গোল দিতে পারতাম,বল ইবে যদি আঁর মিক্কে পাস দিতি তইলি গোল দিত ফাইত্তাম
"বেলকনিতে অনেক ময়লা হয়ে গেছে, ধুয়ে দিতে হবে","বেলকনিত বত হাচারা অই গেইয়্যি, ধুই দন ফরিবু"
"আমাদের এখানে যেহেতু বৃষ্টি কম হয়, সেহেতু বৃষ্টি পড়লে আমাদের বৃষ্টির পানি ধরে রাখতে হবে","আঁরার এনডে যেহেতু বৃষ্টি হম অয়, এতেল্লে ঝর ফরিলি আঁরাত্তুন ঝরুর পানি ধরি রাহন ফরিবু"
শীতকালে ভাপা পিঠা খেতে অনেক মজা,শীতহালে ধু পিডে হাইতে বত মজা
এটা কীভাবে খায় যে?,ইবে কেনে হায় দে?
শুনেছি তোমার বড় ভাইয়ের নাকি চাকরি হয়েছে?,উইন্নি তোঁয়ার বদ্দার বলে চঅরি অইয়্যি?
"শুধু শপিং করলে তো হবে না, ঘরে মাছ-মাংস কিছু নেই","উধো শপিং গরিলি তো ন অইবু, ঘরোত মাছ-গুস্ত কিছু নেই"
"এই অধ্যায়টা অনেক বেশি কঠিন, কিছু বুঝছি না","এই অধ্যায় ইবে বেশি কঠিন, কিছু ন বুঝির"
তুমি যেটা বলবে ওটা করবো,তুঁই যিইয়্যেন হইবে ইয়েন গইজ্জুম
"যদি বাস না পাই, তাহলে আমাদের ট্রেনে যেতে হবে","যদি বাস ন পাই, তইলি আরাত্তুন ট্রেনুত যন ফরিবু"
আজকে ঘরে মেহমান আসছে তাই স্কুলে যাব না,আজিয়ে ঘরোত মেমান আইয়্যির এতেল্লে স্কুলোত যাইতাম নো
আজকে ঘরে মেহমান আসছে তাই স্কুলে যাব না,আজিইয়্যে ঘরোত মেমান আইয়্যির এতেল্লে স্কুলোত যাইতাম নো
আজকে ঘরে মেহমান আসছে তাই স্কুলে যাব না,আজিয়ে ঘরোত গরবা আইয়্যির এতেল্লে স্কুলোত যাইতাম নো
এখন আর আগের মতো অনলাইন বিজনেসে লাভ নেই,এহন আর আগুর মতন অনলাইন বিজনেস উত লাভ নেই
"ঢাকনা খুলিও না, পানি পড়ে যাবে","ঢাকনা ন খুইল্লো, পানি ফরি যাইবু"
"আজকে দাম একটু কমাই রাখেন, আরেকবার আসলে তখন বেশি রাখিয়েন","আজিয়ে দাম এক্কানা হমাই রাহন, আরেকবার আইলি এত্তে বেশি রাইক্কোন"
"আজকে দাম একটু কমাই রাখেন, আরেকবার আসলে তখন বেশি রাখিয়েন","আজিইয়্যে দাম এক্কানা হমাই রাহন, আরেকবার আইলি এত্তে বেশি রাইক্কোন"
"আজকে দাম একটু কমাই রাখেন, আরেকবার আসলে তখন বেশি রাখিয়েন","আজিয়ে দাম ইক্কিনি হমাই রাহন, আরেকবার আইলি এত্তে বেশি রাইক্কোন"
আকবর সাহেব অনেক ভালো মানুষ ছিলেন,আকবর সাব বত ভালা মানুষ আছিল
আকবর সাহেব অনেক ভালো মানুষ ছিলেন,আকবর সাব বত গম মানুষ আছিল
"আমি আজকে খাব না, বেশি মোটা হয়ে যাচ্ছি দিন দিন","আঁই আজিয়ে হাইতাম নো, বেশি মোটা অই যাইর দিন দিন"
"আমি আজকে খাব না, বেশি মোটা হয়ে যাচ্ছি দিন দিন","আঁই আজিইয়্যে হাইতাম নো, বেশি মোটা অই যাইর দিন দিন"
আমি সহজে মেয়েদের সাথে মার্কেটে যেতে চাই না,আঁই সহজে মেইফুওয়ার লগে মার্কেটুত যাইতাম ন চাই
আমি সহজে মেয়েদের সাথে মার্কেটে যেতে চাই না,আঁই সহজে মেইফুওয়ার ওয়ারে মার্কেটুত যাইতাম ন চাই
আমি সহজে মেয়েদের সাথে মার্কেটে যেতে চাই না,আঁই সহজে মেইফুওয়ার ফুয়ারে মার্কেটুত যাইতাম ন চাই
শরীরটা বেশি দুর্বল লাগছে আজ,শরীল ইয়েন বেশি দুর্বল লাগের আজিয়ে
শরীরটা বেশি দুর্বল লাগছে আজ,শরীল ইয়েন বেশি দুর্বল লার আজিয়ে
শরীরটা বেশি দুর্বল লাগছে আজ,শরীর ইয়েন বেশি দুর্বল লাগের আজিয়ে
আমি নাস্তার পরে চা খেতে পছন্দ করি,আঁই নাস্তার পরে চা হাইতাম পছন্দ গরি
"সবসময় মজা ভালো লাগে না, আমি এখন মজা করার মুডে নেই","সবসময় মজা ভালা ন লাগে, আঁই এহন মজা গরিবের মুডুত নেই"
"সবসময় মজা ভালো লাগে না, আমি এখন মজা করার মুডে নেই","সবসময় মজা গম ন লাগে, আঁই এহন মজা গরিবের মুডুত নেই"
"আমার ঘোরাঘুরি ভালো লাগে না, আমার বাসায় বসে থাকতেই ভালো লাগে","আত্তুন ঘোরাঘুরি ভালা ন লাগে, আত্তুন বাসাত বই থাকতেই ভালা লাগে"
"আমার ঘোরাঘুরি ভালো লাগে না, আমার বাসায় বসে থাকতেই ভালো লাগে","আত্তুন ঘোরাঘুরি গম ন লাগে, আত্তুন বাসাত বই থাকতেই ভালা লাগে"
আসুন আমরা আমাদের ছোট ছোট প্রচেষ্টার মাধ্যমে একটি বড় পার্থক্য তৈরি করার চেষ্টা করি,আইয়্যুন আঁরা আঁরার ছোডো ছোডো প্রচেষ্টার মাইধ্যমে এক্কান বরো পার্থইক্যো তৈরি গরিবের চেষ্টা গরি
"আপু, দাম কিন্তু অনেক কম দিচ্ছেন, আমার এখানে এক টাকাও লাভ হবে না","আফা, দাম কিন্তু বত হম দিতে লেইজ্ঞুন, আঁর এনডে এক টিয়াও লাভ ন অইবু"
"আমি গত মাসেও আপনার থেকে একটা পাঞ্জাবি নিয়েছিলাম, এবার একটু কমে রাখেন","আঁই গত মাসুতও অঁনোত্তুন উজ্ঞো পাঞ্জাবি লইলাম, এবার এক্কানা হমে রাহন"
"আমি গত মাসেও আপনার থেকে একটা পাঞ্জাবি নিয়েছিলাম, এবার একটু কমে রাখেন","আঁই গত মাসুতও অঁনোত্তুন উজ্ঞো পাঞ্জাবি লইলাম, এবার ইক্কিনি হমে রাহন"
"বিশ্বাস জিনিসটা অনেক মূল্যবান, একবার ভেঙে গেলে শেষ","বিশ্বেস জিনিস ইয়েন বত দামি, একবার ভাঙি গেলি শেষ"
আমি ছোটবেলায় তোদের মতো এত দুষ্টু ছিলাম না,আঁই গুরো থাকতে তোরার মতন এল্লেত জারগো ন আছিলাম
আমি ছোটবেলায় তোদের মতো এত দুষ্টু ছিলাম না,আঁই গুরো থাকতে তোরার মতন এতো জারগো ন আছিলাম
খাবারগুলো ওদের দুজনকে ভাগ করে দাও যেন একজন আরেকজনের সাথে ঝগড়া না করে,হানা এগিন ইতারা দুনুজনোরে ভাগ গরি দও যেন একজন আরেকজনোর লগে হইজ্জে ন গরে
খাবারগুলো ওদের দুজনকে ভাগ করে দাও যেন একজন আরেকজনের সাথে ঝগড়া না করে,হানা এগিন ইতারা দুনুজনোরে ভাগ গরি দও যেন একজন আরেকজনোর ওয়ারে হইজ্জে ন গরে
খাবারগুলো ওদের দুজনকে ভাগ করে দাও যেন একজন আরেকজনের সাথে ঝগড়া না করে,হানা এগিন ইতারা দুনুজনোরে ভাগ গরি দও যেন একজন আরেকজনোর ফুয়ারে হইজ্জে ন গরে
"ডাক্তার বললেন, নিয়মিত ব্যায়াম করলে এই সমস্যা অনেকটাই কমে যাবে","ডাক্তার হইয়্যি, নিয়মিত ব্যায়াম গরিলি এই সমস্যা বত হমি যাইবু"
কোনো কিছু করার আগে আমাদেরকে এখান থেকে বের হতে হবে,হনো কিছু গরিবের আগে আরাত্তুন এত্তুন বাইর অন ফরিবু
"আসলে সমস্যাটা আমার না, আমার বন্ধুর সমস্যা","আসলে সমস্যা ইয়েন আঁর ন, আঁর বন্ধুর সমস্যা"
"আর একটু বাকি, হয়ে যাবে এখন","আর এক্কানা বাকি, অই যাইবু এহন"
"আর একটু বাকি, হয়ে যাবে এখন","আর ইক্কিনি বাকি, অই যাইবু এহন"
"সবাই মিলে একটা গান ধর, ভালো লাগবে","বিয়াজ্ঞুন মিলি উজ্ঞো গান ধর, ভালা লাগিবু"
"সবাই মিলে একটা গান ধর, ভালো লাগবে","বিয়াজ্ঞুন মিলি উজ্ঞো গান ধর, গম লাগিবু"
"সবাই মিলে একটা গান ধর, ভালো লাগবে","বেজ্ঞুন মিলি উজ্ঞো গান ধর, ভালা লাগিবু"
তোমরা ভাই-বোন কয়জন?,তোঁয়ারা ভাই-বইন হতোজন?
নানুর বাড়ির গাছের বরই অনেক মিষ্টি,নানারো বারির গাছোর বরই বত মিডে
আপনি চাটগাইয়া কথা বলতে পারেন না?,অঁনে চাটগাইয়া হতা হইত নপারন?
আপনি চাটগাইয়া কথা বলতে পারেন না?,অঁনে চাটগাইয়া হথা হইত নপারন?
"আজকে ছোট আপুর শ্বশুরবাড়ি থেকে মেহমান আসবে, তাই আম্মু সকাল থেকে অনেক ব্যস্ত","আজিয়ে ছোডো আফার অরো বারিত্তুন মেমান আইবু, এতেল্লে আম্মু বেইন্নেত্তুন বত ব্যস্ত"
"আজকে ছোট আপুর শ্বশুরবাড়ি থেকে মেহমান আসবে, তাই আম্মু সকাল থেকে অনেক ব্যস্ত","আজিইয়্যে ছোডো আফার অরো বারিত্তুন মেমান আইবু, এতেল্লে আম্মু বেইন্নেত্তুন বত ব্যস্ত"
"আজকে ছোট আপুর শ্বশুরবাড়ি থেকে মেহমান আসবে, তাই আম্মু সকাল থেকে অনেক ব্যস্ত","আজিয়ে ছোডো আফার অরো বারিত্তুন গরবা আইবু, এতেল্লে আম্মু বেইন্নেত্তুন বত ব্যস্ত"
"এগুলো এখন গরম গরম খেয়ে নাও, মন ভালো হয়ে যাবে","এগিন এহন গরম গরম হাই লও, মন ভালা অই যাইবু"
"এগুলো এখন গরম গরম খেয়ে নাও, মন ভালো হয়ে যাবে","এগিন এহন গরম গরম হাই লও, মন গম অই যাইবু"
যদি তুই তাড়াতাড়ি ধনী হতে ছাস তাহলে জব না করে ব্যাবসা কর,যদি তুই তারাতারি বরোলোক অইতো ছস তইলি চঅরি নগোরি ব্যাবসা গর
যদি তুই তাড়াতাড়ি ধনী হতে ছাস তাহলে জব না করে ব্যাবসা কর,যদি তুই হারা বরোলোক অইতো ছস তইলি চঅরি নগোরি ব্যাবসা গর
যদি তুই তাড়াতাড়ি ধনী হতে ছাস তাহলে জব না করে ব্যাবসা কর,যদি তুই জলদি বরোলোক অইতো ছস তইলি চঅরি নগোরি ব্যাবসা গর
"আজকে বেশি ঠান্ডা, সেজন্য গরম পানি দিয়ে গোসল করব","আজিয়ে বেশি ঠান্ডা, এতেল্লে গরম পানি দি গোসল গইজ্জুম"
"আজকে বেশি ঠান্ডা, সেজন্য গরম পানি দিয়ে গোসল করব","আজিইয়্যে বেশি ঠান্ডা, এতেল্লে গরম পানি দি গোসল গইজ্জুম"
"তুমি আজ যাবে নাকি কাল যাবে, এখন সিদ্ধান্ত তোমার",তুঁই আজিয়ে যাইবে নাকি হালিয়ে যাইবে এহন সিদ্ধান্ত তোঁয়ার
"রাস্তায় অনেক জ্যাম, আমার আসতে দেরি হবে","রাস্তাত বত জ্যাম, আত্তুন আইতে দেরি অইবু"
"রাস্তায় অনেক জ্যাম, আমার আসতে দেরি হবে","রাস্তাত বত জ্যাম, আত্তুন আইসতে দেরি অইবু"
"একসময় আমার অনেক আপন ছিলে, আজ পর হয়ে গেলে","একসময় আঁর বত আপন আছিলে, আজিয়ে পর অই গেলে"
"আমার কথার তো কোনো গুরুত্ব নেই, আপনি তো আপনার ছেলের কথাই শুনবেন","আঁর হতার তো হনো গুরুত্ব নেই, অঁনে তো অঁনোর ফুওয়ার হতাই উনিবেন"
তোমার রেজাল্ট ভালো হয়েছে দেখে আমার মনটাও ভালো হয়ে গেছে,তোঁয়ার রেজাল্ট ভালা অইয়্যি দেহি আঁর মনগানও ভালা অই গেইয়্যি
তোমার রেজাল্ট ভালো হয়েছে দেখে আমার মনটাও ভালো হয়ে গেছে,তোঁয়ার রেজাল্ট গম অইয়্যি দেহি আঁর মনগানও ভালা অই গেইয়্যি
বাইরে ওটা কে? আমি আসলে কিন্তু সমস্যা হবে,বাদ্দি ইবে হন? আঁই আইলি কিন্তু সমস্যা অইবু
বাইরে ওটা কে? আমি আসলে কিন্তু সমস্যা হবে,বাইরে ইবে হন? আঁই আইলি কিন্তু সমস্যা অইবু
"চট্টগ্রাম বিশ্ববিদ্যালয়ের পাহাড়ে অনেক সাপ আছে, আমরা যখন ওখানে ঘুরতে গিয়েছিলাম তখন শুনেছিলাম","চট্টগ্রাম বিশ্ববিদ্যালয়ুর ফারুত বত আফ আছে, আঁরা যহন এনডে ঘুইত্তো গেইলাম তহন উইন্নিলাম"
কালো রঙ আমার পছন্দের রঙ,হালা রঙ আঁর পছন্দর রঙ
"তোমাকে যেটা বলি, সবসময় সেটার উল্টোটা বলো","তোঁয়ারে যিয়েন হই, সবসময় ইয়েনুর উল্ডো ইয়েন হও"
এতোদিন পর আমার খবর নিচ্ছো! একবারের জন্য আমার কথা মনেও পড়ে নাই,এতোদিন পর আঁর হবর লইতে লাইজ্ঞো! একবারোর লাই আঁর হতা মনোত'অ নো পরে
এতোদিন পর আমার খবর নিচ্ছো! একবারের জন্য আমার কথা মনেও পড়ে নাই,এতোদিন পর আঁর হবর লইতে লাইজ্ঞো! একবারোর লাই আঁর হথা মনোত'অ নো পরে
মাথা ঠাণ্ডা হলে তারপর কথা বলব,মাথা ঠাণ্ডা অইলি তারপর হতা হইয়্যুম
মাথা ঠাণ্ডা হলে তারপর কথা বলব,মাথা ঠাণ্ডা অইলি তারপর হথা হইয়্যুম
"কেন করব না, অবশ্যই করব","ন গইত্তাম কা, অবশ্যই গইজ্জুম"
"খেতে মন না চাইলেও কিছু খেয়ে নে, নাহয় বিছানা থেকে উঠতে পারবি না","হাইতু মন ন চাইলিও কিছু হায় ল, নইলি বিছেনুত্তুন উডিত ন পারিবি"
আমার তো উনার ক্লাস করলে ঘুম চলে আসে,আত্তুন তো ইবের ক্লাস গরিলি ঘুম চলি আইয়্যি
স্টুডেন্ট ভিসা নিয়ে ইতালি গেলে কেমন হবে?,স্টুডেন্ট ভিসে লই ইতালি গেলি কেন অইবু
"আমি তোমার আব্বুকে চিনি, উনি তো অনেক ভালো মনের মানুষ","আঁই তোঁয়ার আব্বুরে চিনি, ইবে তো বত ভালা মনুর মানুষ"
"আমি তোমার আব্বুকে চিনি, উনি তো অনেক ভালো মনের মানুষ","আঁই তোঁয়ার আব্বুরে চিনি, ইবে তো বত গম মনুর মানুষ"
এই আমগুলো কি আজকের তোলা?,আম এগুন কি আজিয়ের তোলা?
"পুকুরের পানিতে বেশিক্ষণ থাকিও না, অসুখ চলে আসবে","ফইরোর ফানিত বেশিক্ষণ ন থাইক্কো, অসুখ চলি আইবু"
তুই এত জলদি চলে যাচ্ছিস কেন? শরীর ঠিক আছে?,তুই এতো জলদি কা চলি যর? শরীল ঠিকাছে?
তুই এত জলদি চলে যাচ্ছিস কেন? শরীর ঠিক আছে?,তুই এল্লেত জলদি কা চলি যর? শরীল ঠিকাছে?
তুই এত জলদি চলে যাচ্ছিস কেন? শরীর ঠিক আছে?,তুই এতো তারাতারি কা চলি যর? শরীল ঠিকাছে?
তুই এত জলদি চলে যাচ্ছিস কেন? শরীর ঠিক আছে?,তুই এতো হারা কা চলি যর? শরীল ঠিকাছে?
তুই এত জলদি চলে যাচ্ছিস কেন? শরীর ঠিক আছে?,তুই এতো জলদি কা চলি যর? শরীর ঠিকাছে?
আমাকে আর দুইশ টাকা ফেরত দেন,আঁরে আর দুইশ টিয়া ফেরত দন
"আমার দাদু নাকি অনেক অসুস্থ, বৃষ্টি কমলে এক ফাঁকে গিয়ে দেখে আসব","আঁর দাদু নাকি বত অসুস্থ, বৃষ্টি হমিলি এক ফাকে যাই চাই আইসসুম"
"আমি যদি আরেকবার তোকে বিড়ি খেতে দেখি, তাহলে তোর আব্বুকে বলে দেব","আঁই যদি আরেকবার তুরে বিরি হাইতু দেহি, তইলি তুর আব্বুরে হই দিয়্যুম"
"চাচা, গাড়ি চালানোর সময় একটু স্লো করুন, রাস্তাটা একটু খারাপ","চাচা, গারি চালাইবের সমত এক্কানা স্লো গরোন, রাস্তা ইবে এক্কানা হারাপ"
"চাচা, গাড়ি চালানোর সময় একটু স্লো করুন, রাস্তাটা একটু খারাপ","চাচা, গারি চালাইবের সমত ইক্কিনি স্লো গরোন, রাস্তা ইবে এক্কানা হারাপ"
"পায়ে খুব ব্যথা করছে, একটু টিপে দাও তো","টেং বত ব্যথা গরের, এক্কানা টিপি দও না"
"পায়ে খুব ব্যথা করছে, একটু টিপে দাও তো","টেং বত ব্যথা গরের, ইক্কিনি টিপি দও না"
একদিন ব্যায়াম করে আমার পা আর নাড়াতে পারছি না,একদিন ব্যায়াম গরি আঁর পা আর লরাইত ন পারির
"রান্না মাত্র শেষ হলো, এখন খেয়ে ফেলবেন?","রান্না মাত্র শেষ অইয়্যি, এহন হাই ফেলাইবেন?"
দুপুরে কি দিয়ে ভাত খেয়েছো?,দুইজ্জে কি দি ভাত হাইয়্যো?
দুপুরে কি দিয়ে ভাত খেয়েছো?,দুইরগে কি দি ভাত হাইয়্যো?
ছোটবেলায় আপুদের সাথে কাদা মাটি দিয়ে নানা রকম জিনিস বানাতাম,গুরো থাকতে আফা তারার লগে ফুট দি নানা রহম জিনিস বানাইতাম
ছোটবেলায় আপুদের সাথে কাদা মাটি দিয়ে নানা রকম জিনিস বানাতাম,গুরো থাকতে আফা তারার ওয়ারে ফুট দি নানা রহম জিনিস বানাইতাম
ছোটবেলায় আপুদের সাথে কাদা মাটি দিয়ে নানা রকম জিনিস বানাতাম,গুরো থাকতে আফা তারার ফুয়ারে ফুট দি নানা রহম জিনিস বানাইতাম
তোমার হাসিমাখা চেহারাটা দেখলে সারাদিনের ক্লান্তি দূর হয়ে যায়,তোঁয়ার আ'সিমাখা চিয়ারা দেহিলি আরাদিনুর ক্লান্তি দুর অই যায়
এগুলো কি পিঠা? চিতই পিঠা এখনো আছে?,"এগুন কি পিডে, চিতল পিডে এহনো আছে?"
এগুলো কি পিঠা? চিতই পিঠা এখনো আছে?,"এগুন কি পিডে, চিতল পিডে এইজু আছে?"
গলা ব্যথা এতটাই বেড়ে গেছে যে কথা বলতেও কষ্ট হচ্ছে,গলা ব্যথা এতটাই বারি গেইয়্যি দে হথা হইতেও হষ্ট অর
গলা ব্যথা এতটাই বেড়ে গেছে যে কথা বলতেও কষ্ট হচ্ছে,গলা ব্যথা এতটাই বারি গেইয়্যি দে হতা হইতেও হষ্ট অর
মাঝে মাঝে আম্মুর সাথে অনেক ঝগড়া হয়,মাঝে মাঝে আম্মুর লগে বত হইজ্জে অই
মাঝে মাঝে আম্মুর সাথে অনেক ঝগড়া হয়,মাঝে মাঝে আম্মুর ওয়ারে বত হইজ্জে অই
মাঝে মাঝে আম্মুর সাথে অনেক ঝগড়া হয়,মাঝে মাঝে আম্মুর ফুয়ারে বত হইজ্জে অই
বাইরের খাবার থেকে ঘরের খাবার বেশি নিরাপদ,বাইরোর হানাত্তুন বর ঘরোর হানা বেশি নিরাপদ
"হকার মার্কেটে অনেক জ্যাম, মানুষের ধাক্কাধাক্কির জন্য হাঁটা যাচ্ছিল না","হকার মার্কেটুত বত জাম, মানুষুর ডেক্কাডেক্কির লাই আডন ন যার"
আমি দুদিনের জন্য তোর ভাবিকে নিয়ে একটু ঘুরতে যাচ্ছি,আঁই দুদিনুর লাই তোর ভাবিরে লই এক্কানা ঘুইত্তাম যাইর
আমি দুদিনের জন্য তোর ভাবিকে নিয়ে একটু ঘুরতে যাচ্ছি,আঁই দুদিনুর লাই তোর ভাবিরে লই ইক্কিনি ঘুইত্তাম যাইর
"প্রশ্ন দেখে আমার মাথা ঘুরছে, কী লিখব বুঝছি না","প্রশ্ন দেহি আঁর মাথা ঘুরার, কী লেইক্কুম ন বুঝির"
"তোমার চেহেরা দেখে আমি বুঝছি, একদম শুকায় গেছে","তোঁয়ার চিয়ারা দেহি আঁই বুইজ্জি, এব্বেরে পুয়াই গেইয়্যি"
তারেক আমাকে বলেছিল তুমি আসবে,তারেক আঁরে হইয়্যিল দে তুঁই আইবে
কাল সারারাত ঝুম ঝুম বৃষ্টি পড়েছিল,হালিয়ে আঁরারাইত ঝুম ঝুম বৃষ্টি ফইজ্জিল
"বেশি কিছু হয়নি, শুধু পায়ে একটু ব্যথা পেয়েছি","বেশি কিছু নো অয়, উধো টেং উত এক্কানা দুখ পায়"
"বেশি কিছু হয়নি, শুধু পায়ে একটু ব্যথা পেয়েছি","বেশি কিছু নো অয়, উধো টেং উত ইক্কিনি দুখ পায়"
তুই না আসলে বন্ধু আমি রাগ করব,তুই নো আইলি বন্ধু আই গুসসা অইয়্যুম
তুই আজকে নিউ মার্কেট যাবি? যদি যাস তাহলে আমার ছেলের জন্য একটা টি-শার্ট কিনে আনিস,তুই আজিয়ে নিউ মার্কেট যাবি? যদি যস তইলি আঁর ফুওয়ার লাই উজ্ঞো টি-শার্ট কিনি আনিস
তুই আজকে নিউ মার্কেট যাবি? যদি যাস তাহলে আমার ছেলের জন্য একটা টি-শার্ট কিনে আনিস,তুই আজিইয়্যে নিউ মার্কেট যাবি? যদি যস তইলি আঁর ফুওয়ার লাই উজ্ঞো টি-শার্ট কিনি আনিস
"আমি প্রথমবারের মতো কক্সবাজার যাচ্ছি, তাই বেশি উত্তেজিত","আঁই প্রথমবারুর মত কক্সবাজার যাইর, এতেল্লে বেশি উত্তেজিত"
"এই বাজারে কি কোনো নির্দিষ্ট দোকান আছে, যেখানে তাজা সবজি সবসময় পাওয়া যায়?","এই বাজারুত কি হনো নির্দিষ্ট দোয়ান আছে, যেনডে তাজা সবজি সবসময় পন যায়?"
"তুমি কি সেহরি খেয়েছো, নাকি না খেয়ে রোজা রেখেছ?","তুঁই কি সেহেরি হাইয়্যো, নাকি ন হায় রোজা রেইক্কো?"
গত কয়েক বছর ধরে ঈদের দিন প্রচুর বৃষ্টি হচ্ছে,গত হয়েক বছর ধরি ঈদুর দিন প্রচুর বৃষ্টি অর
"তুমি মন খারাপ করো না, আমি কয়েক দিনের মধ্যে চলে আসব","তুঁই মন হারাপ ন গইজ্জো, আঁই হয়েকদিনুর মধ্যে চলি আইসসুম"
"এই প্রকল্পটি শুধু আমাদের নয়, বরং আগামী প্রজন্মের জন্য একটি উজ্জ্বল ভবিষ্যৎ তৈরি করবে","এই  প্রকল্প ইবে শুধু আঁরার নো, বরং আগামী প্রজন্মোর লাই এক্কান উজ্জল ভবিষ্যৎ তৈরি গরিবো"
"এই প্রকল্পটি শুধু আমাদের নয়, বরং আগামী প্রজন্মের জন্য একটি উজ্জ্বল ভবিষ্যৎ তৈরি করবে","এই প্রকল্প ইবে উদো আঁরার নো, বরং আগামী প্রজন্মোর লাই এক্কান উজ্জল ভবিষ্যৎ তৈরি গরিবো"
"কিছু খেয়ে একটু ঘুমা, বাইরে কোথাও যাস না","কিছু হাই রে এক্কানা ঘুম যা, বাদ্দি হনোমিক্কে ন যাইস"
"কিছু খেয়ে একটু ঘুমা, বাইরে কোথাও যাস না","কিছু হাই রে ইক্কিনি ঘুম যা, বাদ্দি হনোমিক্কে ন যাইস"
"কিছু খেয়ে একটু ঘুমা, বাইরে কোথাও যাস না","কিছু হাই রে এক্কানা ঘুম যা, বাইরে হনোমিক্কে ন যাইস"
আজকে আম্মু পিঠা বানাচ্ছে,আজিয়ে আম্মু পিডে বানার
আজকে আম্মু পিঠা বানাচ্ছে,আজিইয়্যে আম্মু পিডে বানার
ড্রাইভার কোথায়? গাড়ি ছাড়ছে না কেন এখনো?,ড্রাইভার হনডে? গারি ন ছারের কা এহনো?
"আমি এখন বাড়ি চলে যাচ্ছি, বাকি কাজগুলো আগামীকাল এসে করব","আঁই এহন বারিত চলি যাইর, বাকি হাম এগিন হালিয়ে আই গইজ্জুম"
"আমি এখন বাড়ি চলে যাচ্ছি, বাকি কাজগুলো আগামীকাল এসে করব","আঁই এহন বারিত চলি যাইর, বাকি হাজ এগিন হালিয়ে আই গইজ্জুম"
"আমার কাছে একটা বিড়াল ছিল, কিছু দিন আগে মারা গেছে","আঁর হাছে উজ্ঞো বিলেই আছিল, কিছুদিন আগে মারা গেইয়্যি"
"আমার বাড়ি পাশের গ্রামে, আমি মনজুর ভাইয়ের সঙ্গে দেখা করতে এসেছি","আঁর বারি পাশুর গ্রামুত, আঁই মনজুর ভাইয়্যুর লগে দেহা গইত্তাম আইসসি"
"ছোটবেলায় আল্লাহর কাছে দোয়া করতাম, যেন বন্যা এসে স্কুল ডুবিয়ে দেয়",গুরো থাকতে আল্লাহর হাছে দোয়া গইত্তাম যেন বন্যা আই স্কুল ডুফোই দেই
ছেলেটা শুধু এদিক সেদিক ঘুরছে,ফুওয়া ইবে উধো ইক্কেত্তুন উইক্কে ঘুরের
"মনির আমাকে বলেছিল পারবে, কিন্তু এখন এমন কেন বলল বুঝছি না","মনির আঁরে হইয়্যিল ফারিবু, কিন্তু এহন এল্লেত কা হর ন বুঝির"
"তোর কথা ঠিক, আমি বুঝিনি প্রথমে","তুর হতা ঠিক, আঁই নো বুঝিদি পইল্লে"
"তোর কথা ঠিক, আমি বুঝিনি প্রথমে","তুর হথা ঠিক, আঁই নো বুঝিদি পইল্লে"
"কৃষক বলল, সে ভাত খেয়েছে","কৃষক হইয়্যি, ইবে ভাত হাইয়্যি"
"আমাকে কী করতে হবে বল, আমি আমার পরিবারের জন্য সবকিছু করতে রাজি আছি","আত্তুন কি গরন ফরিবু হ, আঁই আঁর পরিবারোর লাই বিয়াক কিছু গইত্তে রাজি আছি"
আমি আর করিম মার্কেটে যাচ্ছি,আঁই আর করিম মার্কেটুত যাইর
"পশের দোকানে দেখলাম এই জামাটার দাম অনেক কম, আপনি বেশি বলছেন কেন?","পাশোর দোয়ানুত দেহিলাম এই হুত্তা ইবের দাম বত হম, অঁনে বেশি কা হইতে লেইজ্ঞুন?"
"কী হয়েছে দেখ তো, পাখাটা ঘুরছে না","কী অইয়্যি সা তো, ফেন ইবে ন ঘুরের"
"সুস্থতা হলো আল্লাহর অনেক বড় নিয়ামত, এটা যারা অসুস্থ একমাত্র তারাই ভালো বুঝবে","সুস্থতা অইলু দে আল্লার বত বরো নিয়ামত, ইয়েন যারা অসুস্থ একমাত্র ইতারাই ভালা বুঝিবু"
"সুস্থতা হলো আল্লাহর অনেক বড় নিয়ামত, এটা যারা অসুস্থ একমাত্র তারাই ভালো বুঝবে","সুস্থতা অইলু দে আল্লার বত বরো নিয়ামত, ইয়েন যারা অসুস্থ একমাত্র ইতারাই গম বুঝিবু"
এখানে কি পানি আছে! এগুলো তো আমার পা ধুতেই শেষ হয়ে যাবে,এনডে কি পানি আছে! এগিন তো আঁর টেং ধুতেই শেষ অই যাইবু
"টিভির খবরে দেখেছিলাম, আমাদের এলাকায় ১০ নম্বর মহাবিপদ সংকেত দিয়েছে","টিভির হবোরত দেইক্কিলাম, আঁরার এলাকাত ১০ নম্বর মহাবিপদ সংকেত দিইয়্যি"
"মা, রাস্তা দিয়ে আসার সময় একটা ৫০০ টাকার নোট খুঁজে পেয়েছি","আম্মু, রাস্তা দি আইবের সমত এক্কান ৫০০ টিয়ার নোট তোওয়াই ফাই"
উনার কি আমার কথা এখনো মনে আছে?,ইবেত্তুন কি আঁর হতা এহনো মনোত আছে?
উনার কি আমার কথা এখনো মনে আছে?,ইবেত্তুন কি আঁর হতা এইজু মনোত আছে?
উনার কি আমার কথা এখনো মনে আছে?,ইবেত্তুন কি আঁর হথা এহনো মনোত আছে?
প্রতিদিন নিয়ম করে দাঁত মাজা উচিত,ফইত্তোদিন নিয়ম গরি দাত মাজন উচিত
আমি কি বলতে চাচ্ছি সেটা শুনো আগে,আঁই কি হইতাম চাইর ইয়েন উনো আগে
আমি কি বলতে চাচ্ছি সেটা শুনো আগে,আঁই কি হইতাম চাইর ইয়েন ফুনো আগে
"সন্ধ্যায় ঝড় আসতে পারে, নৌকা নিয়ে নদীতে না যাওয়াই ভালো","আজুইন্নে ঝর আইত পারে, নৌকো লই দইজ্জেত ন যনই ভালা"
"সন্ধ্যায় ঝড় আসতে পারে, নৌকা নিয়ে নদীতে না যাওয়াই ভালো","আজুইন্নে ঝর আইত পারে, নৌকো লই দইজ্জেত ন যনই গম"
"যাওয়ার সময় আমাকে বলিও, আমিও যাব তোমার সাথে","যাইবের সমোত আঁরেও হইয়্যো, আঁই ও যাইয়্যুম তোঁয়ার লগে"
"যাওয়ার সময় আমাকে বলিও, আমিও যাব তোমার সাথে","যাইবের সমোত আঁরেও হইয়্যো, আঁই ও যাইয়্যুম তোঁয়ার ওয়ারে"
"যাওয়ার সময় আমাকে বলিও, আমিও যাব তোমার সাথে","যাইবের সমোত আঁরেও হইয়্যো, আঁই ও যাইয়্যুম তোঁয়ার ফুয়ারে"
"সেন্ট মার্টিন অনেক সুন্দর একটা দ্বীপ, চাইলে ঘুরে আসতে পারিস","সেন্ট মার্টিন বত সুন্দর এক্কান দ্বীপ, চাইলি ঘুরি আইত পারুস"
কী ব্যাপার! আজ এত সেজেগুজে কোথায় যাচ্ছিস?,কী ব্যাপার! আজিয়ে এত সাজিগুজি হনডে যর?
যারা রাগ নিয়ন্ত্রণ করতে পারে না তারা কখনো সুখী হতে পারে না,যারা গুসসা নিয়ন্ত্রন গরিত ন পারে ইতারা হনোদিন সুখী অইত ন পারে
"ওকে দেখলে আমার মাথা গরম হয়ে যায়, মন চায় একটা থাপ্পড় দিই","ইতেরে দেহিলি আঁর মাথা গরম অই যায়, মন চায় উজ্ঞো সোয়ার দিই"
বাসে অনেকক্ষণ ধরে যাত্রা করলে আমার বমি আসে,বাসুত বত হতক্ষন ধরি যাত্রা গরিলি আত্তুন বুমি আইয়্যি
"তোমার শ্বশুরবাড়ি থেকে মেহমান আসবে, তাই বাজার থেকে মাংস নিয়ে আসো","তোঁয়ার অরো বারিত্তুন মেমান আইবু, এতেল্লে বাজারুত্তুন গোস্ত লই আইয়্যু"
"তোমার শ্বশুরবাড়ি থেকে মেহমান আসবে, তাই বাজার থেকে মাংস নিয়ে আসো","তোঁয়ার অরো বারিত্তুন গরবা আইবু, এতেল্লে বাজারুত্তুন গোস্ত লই আইয়্যু"
পাকিস্তানের মেয়েগুলো এত সুন্দর কেনো?,পাকিস্তানুর মেইফুওয়া এগুন এল্লেত সুন্দর কা?
পাকিস্তানের মেয়েগুলো এত সুন্দর কেনো?,পাকিস্তানুর মেইফুওয়া এগুন এতো সুন্দর কা?
আমি তোমার কাছে শুধু একটু শান্তি চেয়েছি,আঁই তোঁয়ার হাছে উধো এক্কানা শান্তি চাইলাম দে
আমি তোমার কাছে শুধু একটু শান্তি চেয়েছি,আঁই তোঁয়ার হাছে উধো ইক্কিনি শান্তি চাইলাম দে
এটা কি আসলেই সম্ভব! আমার তো বিশ্বাস করতে কষ্ট হচ্ছে,ইয়েন কি আসলেই সম্ভব! আত্তুন তো বিশ্বেস গত্তে হষ্ট অর
"পুরো মার্কেট ঘুরেছি, কিন্তু পছন্দের একটা কাপড়ও পাই নাই","পুরো মার্কেট ঘুইজ্জি, কিন্তু পছন্দর উজ্ঞো হর অ নো পাই"
পরিশ্রম ছাড়া শুধু ভাগ্যের উপর ভরসা করে বসে থাকলে জীবনে কিছুই হয় না,পরিশ্রম ছারা উধো ভাইগ্যোর উদ্দি ভরসা গরি বই থাহিলি জীবনুত কিছুই ন অয়
কমলাপুর স্টেশন থেকে সিলেটের টিকিট কি এখনো পাওয়া যাচ্ছে?,কমলাপুর স্টেশন উত্তুন সিলেটুর টিকেট কি এহনো পন যার?
কমলাপুর স্টেশন থেকে সিলেটের টিকিট কি এখনো পাওয়া যাচ্ছে?,কমলাপুর স্টেশন উত্তুন সিলেটুর টিকেট কি এইজু পন যার?
"বারান্দায় মেহমান বসে আছে, গিয়ে নাস্তা দিয়ে আসো","বারান্দাত মেমান বই থেইক্কি, যায়্যিরে নাস্তা দি আইয়্যো"
"বারান্দায় মেহমান বসে আছে, গিয়ে নাস্তা দিয়ে আসো","বারান্দাত গরবা বই থেইক্কি, যায়্যিরে নাস্তা দি আইয়্যো"
"আরেকটু কষ্ট করে হাঁটো, আমরা কাছাকাছি চলে এসেছি","আরেক্কানা হষ্ট গরি আডো, আঁরা হাছাহাছি চলি আইসসি"
জারিফকে বলো তাড়াতাড়ি বাজারে যেতে,জারিফ উরে হ তারাতারি বাজারোত যাইতো
জারিফকে বলো তাড়াতাড়ি বাজারে যেতে,জারিফ উরে হ হারা বাজারোত যাইতো
জারিফকে বলো তাড়াতাড়ি বাজারে যেতে,জারিফ উরে হ জলদি বাজারোত যাইতো
"স্যার, একটু ধীরে পড়ান, এত দ্রুত বললে আমরা নোট করতে পারছি না","স্যার, এক্কানা আস্তে পরন, এল্লেত দ্রুত হইলি আঁরা নোট গরিত ন পারির"
"স্যার, একটু ধীরে পড়ান, এত দ্রুত বললে আমরা নোট করতে পারছি না","স্যার, এক্কানা আস্তে পরন, এতো দ্রুত হইলি আঁরা নোট গরিত ন পারির"
"স্যার, একটু ধীরে পড়ান, এত দ্রুত বললে আমরা নোট করতে পারছি না","স্যার, ইক্কিনি আস্তে পরন, এল্লেত দ্রুত হইলি আঁরা নোট গরিত ন পারির"
"ছাতা ছাড়া বের হয়েছিলাম, বৃষ্টি আসার কারণে পুরো ভিজে গেছি","ছাতি ছারা বাইর অইয়্যিলাম, ঝর আইবের হারনে পুরো ভিজি গেই"
"আজ অফিসে ওভারটাইম করেছি, তাই দেরি হয়ে গেছে","আজিয়ে অফিসুত ওভারটাইম গইজ্জি, এতেল্লে দেরি অই গেইয়্যি"
যেখানে আমার কোন দোষ নাই সেখানে তুমি এটা কেমনে করলা,যেনডে আঁর হনো দোষ নাই এনডে তুঁই ইয়েন কেনে গরিলে
ঘরের সবাই কেমন আছে?,ঘরোর বিয়াজ্ঞুন কেন আছে?
ঘরের সবাই কেমন আছে?,ঘরোর বেজ্ঞুন কেন আছে?
"অফিস থেকে ছুটি পেয়েছি, আমরা আগামীকাল বের হব","অফিস উত্তুন ছুটি পায়, আঁরা হালিয়ে বাইর অইয়্যুম"
কতোদিন পর তুর সাথে দেখা!,হতোদিন পর তুর লাগে দেহা!
বিপদে অনেক সময় প্রতিবেশীরা কাজে আসে,বিপদুত বত সময় প্রতিবেশী অক্কল হাজোত আইয়্যি
"আরেকটু কম দামি থেকে দেখান, আমার বাজেট একটু কম","আরেক্কানা হম দামি দেহন, আঁর বাজেট এক্কানা হম"
"আরেকটু কম দামি থেকে দেখান, আমার বাজেট একটু কম","আরেক্কানা হম দামি দেহন, আঁর বাজেট ইক্কিনি হম"
"এই পরিক্ষাটা খারাপ হয়েছে, সামনের পরিক্ষাটা ভাল করে দিতে হবে","এই পরিক্ষে ইবে হারাপ অইয়্যি, সামনোর পরিক্ষে ইবে ভালা গরি দন পরিবো"
"এই পরিক্ষাটা খারাপ হয়েছে, সামনের পরিক্ষাটা ভাল করে দিতে হবে","এই পরিক্ষে ইবে হারাপ অইয়্যি, সামনোর পরিক্ষে ইবে গম গরি দন পরিবো"
"বাইরে অনেক বজ্রপাত হচ্ছে, সাবধানে যেও","বাইরে বত টাডাল ফরের, সাবধানে যাইয়্যু"
"বাইরে অনেক বজ্রপাত হচ্ছে, সাবধানে যেও","বাদ্দি বত টাডাল ফরের, সাবধানে যাইয়্যু"
আমাদেরকে বিপদের সময় ভেঙে না পড়ে সবর করতে হবে,আরাত্তুন বিপদুর সমত ভাঙি ন পরি সবর গরন ফরিবু
"কাপড় এটার দাম বেশি, আমি নিব না এটা","হর ইবের দাম বেশি, আঁই লইতাম নো ইবে"
"ঘরে অনেক বেশি মাছি, খাবারগুলো ঢেকে রাখ","ঘরোত বত বেশি মাছি, হানা এগিন ঢাহি রাহো"
এই পরিক্ষাটা খারাপ হয়েছে,এই পরিক্ষে ইবে হারাপ অইয়্যি
"আরও নিচে করো, না হলে ধরতে পারব না","আরও নিচে গরো, নইলি ধরিত ন ফারিবে"
"আমার বাড়ি থেকে স্কুল অনেক দুরে, যেতে অনেক কষ্ট হয়","আঁর বারিত্তুন স্কুল বত দুরে, যাইতে বত হষ্ট অই"
"আমি আপাতত এতটুকু লিখলাম, যদি সময় থাকে বাকি শব্দগুলোও লিখব","আঁই আপাতত এদ্দুর লেহিলাম, যদি সময় থাহে বাকি শব্দ এগুনও লেইক্কুম"
তুমি তো অনেক বড় জ্ঞানী হয়ে গেছো!,তুঁই তো বত বরো পন্ডিত আই গেইয়্যু!
"সকালে পান্তা ভাত খেয়ে একটু ঘুমিয়েছিলাম, কখন যে দুপুর হয়ে গেল বুঝতেই পারলাম না","বেইন্নে পানি ভাত হাইয়্যিরে এক্কানা ঘুম গেইলাম, হত্তে যে দুইজ্জে অই গেইয়্যি বুঝিত ন ফারি"
"সকালে পান্তা ভাত খেয়ে একটু ঘুমিয়েছিলাম, কখন যে দুপুর হয়ে গেল বুঝতেই পারলাম না","ফজোরত পানি ভাত হাইয়্যিরে এক্কানা ঘুম গেইলাম, হত্তে যে দুইজ্জে অই গেইয়্যি বুঝিত ন ফারি"
"সকালে পান্তা ভাত খেয়ে একটু ঘুমিয়েছিলাম, কখন যে দুপুর হয়ে গেল বুঝতেই পারলাম না","বেইন্নে পানি ভাত হাইয়্যিরে ইক্কিনি ঘুম গেইলাম, হত্তে যে দুইজ্জে অই গেইয়্যি বুঝিত ন ফারি"
দেশে চাঁদাবাজের সংখ্যা দিন দিন বেড়ে যাচ্ছে,দেশুত চাঁদাবাজুর সংখ্যা দিন দিন বারি যার
বেশি গরম লাগলে একটু ঠান্ডা পানি খাও,বেশি গরম লাগিলি এক্কানা ঠান্ডা পানি হ
বেশি গরম লাগলে একটু ঠান্ডা পানি খাও,বেশি গরম লাগিলি ইক্কিনি ঠান্ডা পানি হ
মুদির দোকানের সামনে গিয়ে একটা কল দিয়েন,মুদির দোয়ানোর সামনে যায় রে উজ্ঞো কল দিয়্যুন
শুনলাম এখন নাকি ওখানকার কাচ্চি আগের মতো আর ভালো না,উইন্নি এহন বলে অনডের কাচ্চি আগুর মতন আর ভালা নো
শুনলাম এখন নাকি ওখানকার কাচ্চি আগের মতো আর ভালো না,উইন্নি এহন বলে অনডের কাচ্চি আগুর মতন আর গম নো
চাকরি করার সিদ্ধান্ত কি ঠিক ছিল?,চঅরি গরিবের সিদ্ধান্ত কি ঠিক আছিল?
"যদি সময় বেশি থাকে, তাহলে আমি একটু নাস্তা করে আসি","যদি সময় বেশি থাহে, তইলি আঁই এক্কানা নাস্তা গরি আয়"
"যদি সময় বেশি থাকে, তাহলে আমি একটু নাস্তা করে আসি","যদি সময় বেশি থাহে, তইলি আঁই ইক্কিনি নাস্তা গরি আয়"
"আমার কিছু জিনিস তোমার কাছে থেকে গেছে, সেগুলো দিয়ে দিলে খুশি হতাম","আঁর কিছু জিনিস তোঁয়ার হাছে থাহি গেইয়্যি, এগিন দি দিলি খুশি অইতাম"
"তোমার জন্য এই ওষুধটা রেখেছি, মনে করে খাবে কিন্তু, ঠিক আছে?","তোঁয়ার লাই ওষুধ ইবে রাইক্কি, মনোত গরি হাইবে কিন্তু, ঠিক আছে না?"
"স্যার, পরীক্ষার জন্য কোন কোন অধ্যায় পড়ে যেতে হবে?","স্যার, পরীক্ষের লাই হন হন অধ্যায় পরি যন ফরিবু?"
এবার বেশি করে আম কাঁঠাল নিয়ে তোর বড় আপুকে দেখে আসিস,এবার বেশি গরি আম হাট্টল লই রে তুর বরো আফারে চায় আইস
আমার পেঠ ব্যাথা করছে সেজন্য খেতে পারবনা,আত্তুন পেঠ ব্যাথা গরের দে এতেল্লে হাইত ন পাইজ্জুম
ওরা দুজন মিলে আমার পিছে লাগছে,ইতারা দুনু জন মিলি আঁর পিছুদ্দি লেইজ্ঞি
এটা কি? আজকে প্রথম দেখলাম,ইবে কি? আজিয়ে প্রথম দেহিলাম
এটা কি? আজকে প্রথম দেখলাম,ইবে কি? আজিইয়্যে প্রথম দেহিলাম
"গতবার আমাদের প্রশ্ন অনেক কঠিন হয়েছিল, তাই এবার সহজ হতে হবে","গতবার আঁরার প্রশ্ন বত কঠিন অইয়্যিল, এতেল্লে এবার সহজ অন ফরিবু"
আজকে আর কোন অর্ডার নিব না,আজিয়ে আর হনো অর্ডার লইতাম নো
আজকে আর কোন অর্ডার নিব না,আজিইয়্যে আর হনো অর্ডার লইতাম নো
নানুর বাড়িতে গেলে এবার বেশি বেশি আম খাবো,নানারো বারিত যাইলি এবার বেশি বেশি আম হাইয়্যুম
ভাঙার পর দেখলাম কাঁঠালটি কাঁচা,ভাঙিবের পরে দেহিলাম হাট্টল ইবে কেঁছা
"তোর শুধু বয়সটাই বাড়ছে, কিন্তু বুদ্ধিটা বাড়ছে না","তোর উদো বয়সই বেইজ্জি, কিন্তু বুদ্ধি ন বারের"
"তোর শুধু বয়সটাই বাড়ছে, কিন্তু বুদ্ধিটা বাড়ছে না","তোর শুধু বয়সই বেইজ্জি, কিন্তু বুদ্ধি ন বারের"
আমাকে আরেকটু শুটকি দাও,আঁরে আরেক্কানা উনি দও
পিকনিক করার জন্য একটা নিরিবিলি জায়গা খুঁজে বের কর,পিকনিক গরিবের লাই এক্কান নিরিবিলি জাগা থোওয়াই বাইর গর
"আমি রান্নাঘরে যাচ্ছি, তুমি বাকি কাজগুলো করে ফেলো","আঁই বসহানাত যাইর, তুঁই বাকি হাম এগিন গরি ফেলো"
"আমি রান্নাঘরে যাচ্ছি, তুমি বাকি কাজগুলো করে ফেলো","আঁই বসহানাত যাইর, তুঁই বাকি হাজ এগিন গরি ফেলো"
তুমি কখন আসবে?,তুঁই হত্তে আইবে?
"সুইজারল্যান্ড দেশটা অনেক সুন্দর, জীবনে কোনো একদিন ওখানে যাব","সুইজারল্যান্ড দেশ ইয়েন বত সুন্দর, জীবনুত হনো একদিন এনডে যাইয়্যুম"
আমি তো আর ইচ্ছা করে সেটা এখানে আনিনি,আঁই তো আর ইচ্ছে গরি ইয়েন এনডে ন আনি
"এই মাসে ইনকাম একটু কম হয়েছে, তাই বাজার একটু কম আনতে হবে","এই মাসুত ইনকাম এক্কানা হম অইয়্যি, এতেল্লে বাজার এক্কানা হম আনন ফরিবু"
"এই মাসে ইনকাম একটু কম হয়েছে, তাই বাজার একটু কম আনতে হবে","এই মাসুত ইনকাম ইক্কিনি হম অইয়্যি, এতেল্লে বাজার এক্কানা হম আনন ফরিবু"
"আমি বাজার করতে যাচ্ছি ভাই, তুই কোথায় যাচ্ছিস?","আঁই বাজার গইত্তাম যাইর বদ্দা, তুই হনডে যর?"
"আমি বাজার করতে যাচ্ছি ভাই, তুই কোথায় যাচ্ছিস?","আঁই বাজার গইত্তাম যাইর বদ্দা, তুই হডে যর?"
সকালে জলদি ঘুম থেকে না উঠলে ক্লাসে যেতে দেরি হয়ে যাবে,বেইন্নে জলদি ঘুমোত্তুন ন উডিলি ক্লাসোত যাইতে দেরি অই যাইবু
সকালে জলদি ঘুম থেকে না উঠলে ক্লাসে যেতে দেরি হয়ে যাবে,ফজোরত জলদি ঘুমোত্তুন ন উডিলি ক্লাসোত যাইতে দেরি অই যাইবু
সকালে জলদি ঘুম থেকে না উঠলে ক্লাসে যেতে দেরি হয়ে যাবে,বেইন্নে তারাতারি ঘুমোত্তুন ন উডিলি ক্লাসোত যাইতে দেরি অই যাইবু
সকালে জলদি ঘুম থেকে না উঠলে ক্লাসে যেতে দেরি হয়ে যাবে,বেইন্নে হারা ঘুমোত্তুন ন উডিলি ক্লাসোত যাইতে দেরি অই যাইবু
আমি যখন শহরে থাকতাম তখন নিজের রান্না নিজে করে খেতাম,আঁই যহন শ'রুত থাইকতাম তহন নিজোর রান্না নিজে গরি হাইতাম
বাজারে কি কোনো ভালো মাছ ওঠেনি? পচা মাছ কতগুলো কেন নিয়ে এসেছেন?,বাজারুত কি হনো ভালা মাছ ন উডে? পুচা মাছ হদুজ্ঞুন কিল্লে লই আইসসুন?
বাজারে কি কোনো ভালো মাছ ওঠেনি? পচা মাছ কতগুলো কেন নিয়ে এসেছেন?,বাজারুত কি হনো গম মাছ ন উডে? পুচা মাছ হদুজ্ঞুন কিল্লে লই আইসসুন?
"আজকে দোকানে কোনো কাস্টমার নেই, সব কাস্টমার গেল কোথায়?","আজিয়ে দোয়ানুত হনো কাস্টমার নেই, বিয়াক কাস্টমার গেইয়্যি হনডে?"
"আজকে দোকানে কোনো কাস্টমার নেই, সব কাস্টমার গেল কোথায়?","আজিইয়্যে দোয়ানুত হনো কাস্টমার নেই, বিয়াক কাস্টমার গেইয়্যি হনডে?"
বিকালে উঠোনে বসে বসে চা খেতে অনেক ভাল লাগে,বিয়েলে উডোনোত বই বই চা হাইতে বত ভালা লাগে
বিকালে উঠোনে বসে বসে চা খেতে অনেক ভাল লাগে,বিয়েলে উডোনোত বই বই চা হাইতে বত গম লাগে
বিকালে উঠোনে বসে বসে চা খেতে অনেক ভাল লাগে,বিকেলে উডোনোত বই বই চা হাইতে বত ভালা লাগে
আমার পাঁচটা মামাতো বোন আছে,আত্তুন পাঁচচো মঅতু বইন আছে
আজ অ্যাসাইনমেন্ট জমা দেওয়ার শেষ দিন,আজিয়ে অ্যাসাইনমেন্ট জমা দিবের শেষ দিন
"আমার লাগেজ একটু বড়, সেজন্য এটা এখানে রাখতে সমস্যা হচ্ছে","আঁর লাগেজ এক্কানা বরো, এতেল্লে ইবে এনডে রাইখতে সমস্যা অর"
"আমার লাগেজ একটু বড়, সেজন্য এটা এখানে রাখতে সমস্যা হচ্ছে","আঁর লাগেজ ইক্কিনি বরো, এতেল্লে ইবে এনডে রাইখতে সমস্যা অর"
"আমার লাগেজ একটু বড়, সেজন্য এটা এখানে রাখতে সমস্যা হচ্ছে","আঁর লাগেজ এক্কানা বরো, এতেল্লে ইবে এনডে রাহিতে সমস্যা অর"
"আমি আগে অনেক ভালো ছিলাম, এখন ওর সঙ্গে মিশতে মিশতে খারাপ হয়ে যাচ্ছি","আঁই আগে বত ভালা আছিলাম, এহন ইতের লগে মিশতে মিশতে হারাপ অই যাইর"
"আমি আগে অনেক ভালো ছিলাম, এখন ওর সঙ্গে মিশতে মিশতে খারাপ হয়ে যাচ্ছি","আঁই আগে বত গম আছিলাম, এহন ইতের লগে মিশতে মিশতে হারাপ অই যাইর"
হিজড়াদের মতো এগুলো কী পোশাক পরেছিস?,ইজারা অক্কলোর মতন এগুন কি পোশাক ফইজ্জস?
নমস্কার ম্যাম,নমস্কার ম্যাম
"আমার পাসপোর্ট আর সব কাগজপত্র রেডি, ভিসা আসলে চলে যাব","আঁর পাসপোর্ট আর বিয়াক হাগজপত্র রেডি, ভিসে আইলি চলি যাইয়্যুম"
"আমরা বান্দরবান যেতে চাচ্ছি, দিনে গিয়ে কি দিনে ফিরে আসতে পারব?","আঁরা বান্দরবন যেতাম চাইর, দিনুত যাই কি দিনুত ফিরি আইত ফাইজ্জুম?"
ভাত রান্নার আগে চালগুলো ভালভাবে ধুয়ে নিতে হবে,ভাত রান্দিবের আগে চইল এগুন ভালা গরি ধুই লন পরিবো
ভাত রান্নার আগে চালগুলো ভালভাবে ধুয়ে নিতে হবে,ভাত রান্দিবের আগে চইল এগুন গম গরি ধুই লন পরিবো
গতকাল বেশি ঠাণ্ডা ছিল বাইরে,গত হালিয়ে বেশি ঠাণ্ডা আছিল বাদ্দি
গতকাল বেশি ঠাণ্ডা ছিল বাইরে,গত হালিয়ে বেশি ঠাণ্ডা আছিল বাইরে
"নমস্কার ম্যাম, কেমন আছেন?","নমস্কার ম্যাম, কেন আছন?"
আমি প্রতিদিন রাত দশটায় ঘুমায় যায় যেন সকালে তাড়াতাড়ি উঠতে পারি,আঁই ফইত্তোদিন রাতিয়ে দশটা বাজে ঘুমায় যায় যাতে বেইন্নে তারাতারি উডিত পারি
আমি প্রতিদিন রাত দশটায় ঘুমায় যায় যেন সকালে তাড়াতাড়ি উঠতে পারি,আঁই ফইত্তোদিন রাতিয়ে দশটা বাজে ঘুমায় যায় যাতে ফজোরত তারাতারি উডিত পারি
আমি প্রতিদিন রাত দশটায় ঘুমায় যায় যেন সকালে তাড়াতাড়ি উঠতে পারি,আঁই ফইত্তোদিন রাতিয়ে দশটা বাজে ঘুমায় যায় যাতে বেইন্নে হারা উডিত পারি
আমি প্রতিদিন রাত দশটায় ঘুমায় যায় যেন সকালে তাড়াতাড়ি উঠতে পারি,আঁই ফইত্তোদিন রাতিয়ে দশটা বাজে ঘুমায় যায় যাতে বেইন্নে জলদি উডিত পারি
"আজকে বাতাসের গতি অনেক বেশি, গাছের ডালপালা অনেক বেশি নড়াচড়া করছে","আজিয়ে বাতাসুর গতি বত বেশি, গাছুর ডাজ্ঞো বত বেশি লরাচরা গরের"
"আজকে বাতাসের গতি অনেক বেশি, গাছের ডালপালা অনেক বেশি নড়াচড়া করছে","আজিইয়্যে বাতাসুর গতি বত বেশি, গাছুর ডাজ্ঞো বত বেশি লরাচরা গরের"
টিনের ঘরে বৃষ্টির শব্দ শুনতে অনেক ভাল লাগে,টইনোর ঘরোত ঝরোর আওয়াজ উনতে বেশি গম লাগে
টিনের ঘরে বৃষ্টির শব্দ শুনতে অনেক ভাল লাগে,টইনোর ঘরোত ঝরোর আওয়াজ উনতে বেশি ভালা লাগে
আজকে দুপুরে কি রান্না করবে?,আজিয়ে দুইজ্জে কি রাদিবে?
আজকে দুপুরে কি রান্না করবে?,আজিইয়্যে দুইজ্জে কি রাদিবে?
আজকে দুপুরে কি রান্না করবে?,আজিয়ে দুইরগে কি রাদিবে?
"জ্বি, আসেন","জ্বি, আইয়্যুন"
"এই রাস্তাটা অনেক খারাপ, এটা দিয়ে যাওয়া ঠিক হবে না","এই রাস্তা ইবে বত হারাফ, ইবে দি যন ঠিক ন অইবু"
যেভাবেই হোক সন্ধ্যার আগে সব কাজ শেষ করতে হবেন,যেনগরি অক আজুইন্নের আগে বিয়াক হাম শেষ গরন পরিবো
যেভাবেই হোক সন্ধ্যার আগে সব কাজ শেষ করতে হবেন,যেনগরি অক আজুইন্নের আগে বিয়াক হাজ শেষ গরন পরিবো
এই বিড়ালটা ঘরের ভেতর পায়খানা করে দিয়েছে,এই বিলে ইবে ঘরুর ভিতুর ফেহেনা গরি দিইয়্যি
"আমাদের সময় কম, যা করার তারাতারি করতে হবে","আঁরার সময় হম, যা গরার হারা গরন ফরিবু"
আজকে মনটা এত খারাপ যে কারও সঙ্গে কথা বলতে ইচ্ছে করছে না,আজিয়ে মনগান এতো হারাপ দে কিয়ার লগে হথা হইতু ইচ্ছে ন গরের
আজকে মনটা এত খারাপ যে কারও সঙ্গে কথা বলতে ইচ্ছে করছে না,আজিইয়্যে মনগান এতো হারাপ দে কিয়ার লগে হথা হইতু ইচ্ছে ন গরের
আজকে মনটা এত খারাপ যে কারও সঙ্গে কথা বলতে ইচ্ছে করছে না,আজিয়ে মনগান এল্লেত হারাপ দে কিয়ার লগে হথা হইতু ইচ্ছে ন গরের
আজকে মনটা এত খারাপ যে কারও সঙ্গে কথা বলতে ইচ্ছে করছে না,আজিয়ে মনগান এতো হারাপ দে কিয়ার লগে হতা হইতু ইচ্ছে ন গরের
ভোরে উঠে অজু করে ফজরের নামাজ পড়ে রাস্তায় একটু হাঁটলে মন একদম ভালো হয়ে যায়,ফোওয়াত্তে উডি ওজু গরি ফজরুর নামাজ পরি রাস্তাত এক্কানা আডিলি মন এব্বেরে ভালা অই যায়
ভোরে উঠে অজু করে ফজরের নামাজ পড়ে রাস্তায় একটু হাঁটলে মন একদম ভালো হয়ে যায়,ফোওয়াত্তে উডি ওজু গরি ফজরুর নামাজ পরি রাস্তাত এক্কানা আডিলি মন এব্বেরে গম অই যায়
ভোরে উঠে অজু করে ফজরের নামাজ পড়ে রাস্তায় একটু হাঁটলে মন একদম ভালো হয়ে যায়,ফোওয়াত্তে উডি ওজু গরি ফজরুর নামাজ পরি রাস্তাত ইক্কিনি আডিলি মন এব্বেরে ভালা অই যায়
"আমার জন্য শুধু দোয়া করলেই হবে, আর কিছু লাগবে না","আঁর লাই উধো দোয়া গরিলিই অইবু, আর কিছু ন লাগিবু"
"কয়েকদিন ধরে কাশি থামছে না, এই কারণে রাতে ঘুমাতে পারছি না","হয়েকদিন ধরি হাশি ন থামের, এই হারনে রাতিয়ে ঘুম যাইত ন পারির"
ঝগড়া করলে তো গলার সুর একদম পরিবর্তন হয়ে যায়,হইজ্জে গরিলি তো গলার সুর এব্বেরে পরিবর্তন অই যায়
সকালে এতক্ষণ না খেয়ে থাকা ভালো না,বেইন্নে এতক্ষন ন হায় থাহন ভালা নো
সকালে এতক্ষণ না খেয়ে থাকা ভালো না,বেইন্নে এতক্ষন ন হায় থাহন গম নো
সকালে এতক্ষণ না খেয়ে থাকা ভালো না,ফজোরত এতক্ষন ন হায় থাহন ভালা নো
"আমার আর খেয়ে–দেয়ে কাজ নেই, দশজনের জন্য দশরকম রান্না করব!","আত্তুন আর হায় দায় হাম নাই, দশজনোর লাই দশরহম রান্না গইজ্জুম!"
"আমার আর খেয়ে–দেয়ে কাজ নেই, দশজনের জন্য দশরকম রান্না করব!","আত্তুন আর হায় দায় হাজ নাই, দশজনোর লাই দশরহম রান্না গইজ্জুম!"
"আমাকে মনে করে আমিরাবাদে নামিয়ে দিয়েন, আমি জায়গা চিনি না তাই","আঁরে মনোত গরি আমিরেবাদ নামাই দিয়্যুন, আঁই জাগা ন চিনি এতেল্লে"
ডাক্তার বলেছে মাছ আর বেশি বেশি শাক সবজি খেতে,ডাক্তার হইয়্যিদে মাছ আর বেশি বেশি শাক সবজি হাইতো
নতুন নতুন প্রেমে পড়লে নাকি দুনিয়াটা রঙ্গিন লাগে,নয়া নয়া প্রেমুত ফরিলি বলে দুনিয়া দারি রঙ্গিন লাগে
তোমার মন খারাপের কারণ জানতে পারি?,তোঁয়ার মন হারাপুর হারন জানিত পারি?
"বৃষ্টি আসবে একটু পর, জলদি বাইরের সব কাপড় নিয়ে আসো","ঝর আইবু এক্কানা পর, হারা বাইরোর বিয়াক হর লই আইয়্যু"
"বৃষ্টি আসবে একটু পর, জলদি বাইরের সব কাপড় নিয়ে আসো","ঝর আইবু ইক্কিনি পর, হারা বাইরোর বিয়াক হর লই আইয়্যু"
"বৃষ্টি আসবে একটু পর, জলদি বাইরের সব কাপড় নিয়ে আসো","ঝর আইবু এক্কানা পর, তারাতারি বাইরোর বিয়াক হর লই আইয়্যু"
"বৃষ্টি আসবে একটু পর, জলদি বাইরের সব কাপড় নিয়ে আসো","ঝর আইবু এক্কানা পর, জলদি বাইরোর বিয়াক হর লই আইয়্যু"
"আচ্ছা ঠিক আছে, একটু পর আমার অফিস শেষ হয়ে যাবে","আইচ্ছে ঠিক আছে, এক্কানা পরে আঁর অফিস শেষ অই যাইবু"
"আচ্ছা ঠিক আছে, একটু পর আমার অফিস শেষ হয়ে যাবে","আইচ্ছে ঠিক আছে, ইক্কিনি পরে আঁর অফিস শেষ অই যাইবু"
"তোমার ছেলে তো একদম পেকে গেছে, অনেক কথা বলে","তোঁয়ার ফুওয়া তো এব্বেরে পাগি গেইয়্যি, বত হতা হয়"
"তোমার ছেলে তো একদম পেকে গেছে, অনেক কথা বলে","তোঁয়ার ফুওয়া তো এব্বেরে পাগি গেইয়্যি, বত হথা হয়"
আমার বড় আপু আর ছোট আপু সবসময় ঝগড়া করে,আঁর বরো আফা আর ছোডো আফা সবসময় হইজ্জে গরে
"আপনারা এত এত ভাড়া নেন, কিন্তু খাবারের মান ভালো না","অঁনেরা এদুজ্ঞুন এদুজ্ঞুন ভারা লন, কিন্তু হানার মান ভালা ন"
"আপনারা এত এত ভাড়া নেন, কিন্তু খাবারের মান ভালো না","অঁনেরা এদুজ্ঞুন এদুজ্ঞুন ভারা লন, কিন্তু হানার মান গম ন"
"এটা গত বছরের ডিজাইন, অন্য ডিজাইন দেখান","ইবে গত বছরুর ডিজাইন, অন্য ডিজাইন দেহন"
"এই শোন, আজকে যদি বাজারে না যাস তাহলে তুর খবর আছে","এই উন, আজিয়ে যদি বাজারোত ন যস তইলি তুর হবর আছে"
"এই শোন, আজকে যদি বাজারে না যাস তাহলে তুর খবর আছে","এই উন, আজিইয়্যে যদি বাজারোত ন যস তইলি তুর হবর আছে"
"ভাই, আমাদের সিটগুলো পাশাপাশি রাখার চেষ্টা করিয়েন","বদ্দা, আঁরার সিট এগিন পাশাপাশি রাহিবের চেষ্টা গইজ্জুন"
"এই গরমে সব স্কুল-কলেজ বন্ধ, কিন্তু আমাদের কলেজে এখনো ক্লাস হচ্ছে","এই গরমুত বিয়াক স্কুল-কলেজ বন্ধ, কিন্তু আঁরার কলেজুত এহনো ক্লাস অর"
"এই গরমে সব স্কুল-কলেজ বন্ধ, কিন্তু আমাদের কলেজে এখনো ক্লাস হচ্ছে","এই গরমুত বিয়াক স্কুল-কলেজ বন্ধ, কিন্তু আঁরার কলেজুত এইজু ক্লাস অর"
গত বছর বর্ষাকালে বেড়িবাঁধ ভেঙে পুরো গ্রাম পানিতে ডুবে গিয়েছিল,গত বছর বর্ষাহালে হাডি ভাঙি পুরো গ্রাম পানিত ডুফি গেইয়্যিল
আমি এখন চলে যাচ্ছি,আঁই এহন চলি যাইর
"তুমি এখন যাও, আমি আসছি","তুঁই এহন যো, আঁই আইর"
"তুমি এখন যাও, আমি আসছি","তুঁই এহন যো, আঁই আইয়্যির"
"ওষুধটা সময়মতো খেয়ো, নয়তো আবার জ্বর আসবে, আমার কথা শোনো","ওষুধ ইবে সময়মতো হাইয়্যু, নইলি আবার জ্বর আইবু, আঁর হতা উনো"
"ওষুধটা সময়মতো খেয়ো, নয়তো আবার জ্বর আসবে, আমার কথা শোনো","ওষুধ ইবে সময়মতো হাইয়্যু, নইলি আবার জ্বর আইবু, আঁর হথা উনো"
আমার খিদে লাগলে আমি নিজ থেকেই খেয়ে নিব,আত্তুন ভুক লাগিলি আঁই নিজুত্তুন হায় লইয়্যুম
"চাচি, আপনার ছেলে-মেয়ে কয়টা?","চাচি, অঁনোর ফুওয়া-মেইফুওয়া হওয়ো?"
"আমার ছেলেটার কাল সারা রাত জ্বর ছিল, এখনো কমেনি","আঁর ফুওয়ার হালিয়ে সারা রাইত জ্বর আছিল, এহনো ন হমে"
"আমার ছেলেটার কাল সারা রাত জ্বর ছিল, এখনো কমেনি","আঁর ফুওয়ার হালিয়ে সারা রাইত জ্বর আছিল, এইজু ন হমে"
কেমন আছেন মামা? আপনাকে অনেকদিন পর দেখতাছি,কেন আছন মামা? অঁনোরে বতদিন পর দেহিদ্দি
আমাদের ফিরতে দেরি হলে সন্ধ্যার আগে বাইরে থেকে সব কাপড় ঘরে ঢুকিয়ে ফেলিস,আরাত্তুন ফিরতে দেরি অইলি আজুইন্নের আগে বাইরেত্তুন বিয়াক হর ঢুকই ফেলাইস
তোমার আব্বুর দিকে তাকিয়ে তোমাকে মাফ করে দিলাম,তোঁয়ার আব্বুর মিক্কে চায় তোঁয়ারে মাফ গরি দিলাম
তুমি কি করবে এখনই সিদ্ধান্ত নাও,তুঁই কি গরিবে এহনই সিদ্ধান্ত লও
"যদি আপনি আমাকে সাহায্য না করতে পারেন, তাহলে আশা দিয়েছিলেন কেন?","যদি অঁনে আঁরে সাহায্য গরিত ন পারন, তইলি আশা দিইলেন কিল্লে?"
"ওর কথায় কিছু মনে করিস না, ওর মাথায় একটু সমস্যা আছে","ইতের হথায় কিছু মনে ন গরিস, ইতের মাথাত এক্কানা সমস্যা আছে"
"ওর কথায় কিছু মনে করিস না, ওর মাথায় একটু সমস্যা আছে","ইতের হথায় কিছু মনে ন গরিস, ইতের মাথাত ইক্কিনি সমস্যা আছে"
"আমি সবাইকে ফোন করে দিয়েছি, কিছুক্ষণের মধ্যে সবাই চলে আসবে","আঁই বিয়াজ্ঞুনুরে ফোন গরি দি, কিছুক্ষনুর মধ্যে বিয়াজ্ঞুন চলি আইবু"
"আমি সবাইকে ফোন করে দিয়েছি, কিছুক্ষণের মধ্যে সবাই চলে আসবে","আঁই বিয়াজ্ঞুনুরে ফোন গরি দি, কিছুক্ষনুর মধ্যে বেজ্ঞুন চলি আইবু"
"আমি আজকে শেষবারের মত গুছিয়ে দিচ্ছি, সামনের বার থেকে নিজের কাজ নিজে করবে","আঁই আজিয়ে শেষবারোর মতন গুছায় দির, সামনোর বারোত্তুন নিজোর হাজ নিজে গরিবে"
"আমি আজকে শেষবারের মত গুছিয়ে দিচ্ছি, সামনের বার থেকে নিজের কাজ নিজে করবে","আঁই আজিইয়্যে শেষবারোর মতন গুছায় দির, সামনোর বারোত্তুন নিজোর হাজ নিজে গরিবে"
"আমি আজকে শেষবারের মত গুছিয়ে দিচ্ছি, সামনের বার থেকে নিজের কাজ নিজে করবে","আঁই আজিয়ে শেষবারোর মতন গুছায় দির, সামনোর বারোত্তুন নিজোর হাম নিজে গরিবে"
"আমার নাস্তা করার সময় নেই, তুমি নাস্তাগুলো একটা টিফিনে করে দিয়ে দাও","আত্তুন নাস্তা গরিবের সময় নেই, তুঁই নাস্তা এগিন উজ্ঞো টিফিন গরি দি দও"
আমার মনে হয় আপনি ওখানে ছিলেন না,আত্তুন মনে অদ্দে অঁনে এনডে নো আছিলেন
"আপনি আজকের প্রথম কাস্টমার, তাই ফেরত দিতে চাচ্ছি না","অঁনে আজিয়ের প্রথম কাস্টোমার, এতেল্লে ফেরত দিতাম ন চাইর"
এবার শীতের কালেকশন কেমন আসছে?,এবার শীতুর কালেকশন কেন আইসসি?
"আজকে সকাল থেকেই আকাশ মেঘলা, মনে হচ্ছে বিকেলের দিকে ভারী বৃষ্টি হবে","আজিয়ে বেইন্নেত্তুন আকাশ মৌলো, মনে অদ্দে বিকেলুর ইক্কে বেশ গরি বৃষ্টি অইবু"
"আজকে সকাল থেকেই আকাশ মেঘলা, মনে হচ্ছে বিকেলের দিকে ভারী বৃষ্টি হবে","আজিইয়্যে বেইন্নেত্তুন আকাশ মৌলো, মনে অদ্দে বিকেলুর ইক্কে বেশ গরি বৃষ্টি অইবু"
বাইরের রোদ থেকে ঘরে এসে ঠিকমতো দেখতে পারছি না,বাইরুর রইদুত্তুন ঘরুত আই ঠিকমতো ন দেহির
"তুই চিন্তা করিস না, স্যার আমাদের কিছু বলবেন না","তুই চিন্তে ন গরিস, স্যার আঁরারে কিছু ন হইবু"
আজকের পর থেকে তরকারিতে ঝাল কম দিবা,আজিয়ের ফরোত্তুন তরহারিত ঝাল হম দিবে
"আমি একটু মিনহাজের বাসায় যাচ্ছি, আসতে দেরি হবে","আঁই এক্কানা মিনহাজুর বাসাত যাইর, আইতে দেরি অইব্যু"
"আমি একটু মিনহাজের বাসায় যাচ্ছি, আসতে দেরি হবে","আঁই এক্কানা মিনহাজুর বাসাত যাইর, আইসতে দেরি অইব্যু"
"আমি একটু মিনহাজের বাসায় যাচ্ছি, আসতে দেরি হবে","আঁই ইক্কিনি মিনহাজুর বাসাত যাইর, আইতে দেরি অইব্যু"
তারপর বলব কি করতে হবে,তারপর হইয়্যুম কি গরন ফরিবু
সে কি আসছে? নাকি আমি চলে যাব?,ইতে আইয়্যির না? নাকি আঁই চলি যাইয়্যুম?
তার কথা মনে পড়লে আমার বুকটা একদম ভারী হয়ে যায়,তার হথা মনত ফরিলি আঁর বুক ইয়েন একদম ভারী অই যায়
তার কথা মনে পড়লে আমার বুকটা একদম ভারী হয়ে যায়,তার হতা মনত ফরিলি আঁর বুক ইয়েন একদম ভারী অই যায়
"সারাদিন মন অনেক খারাপ ছিল, নামাজ পড়ার পর মন ভাল হয়ে গেছে","আরাদিন মন বত হারাপ আছিল, নামাজ পরিবের পর মন ভালা অই গেইয়্যি"
"সারাদিন মন অনেক খারাপ ছিল, নামাজ পড়ার পর মন ভাল হয়ে গেছে","আরাদিন মন বত হারাপ আছিল, নামাজ পরিবের পর মন গম অই গেইয়্যি"
"সারাদিন মন অনেক খারাপ ছিল, নামাজ পড়ার পর মন ভাল হয়ে গেছে","ফুরোদিন মন বত হারাপ আছিল, নামাজ পরিবের পর মন ভালা অই গেইয়্যি"
"আমি খারাপ ছিলাম, সব দোষ আমার","আঁই হারাপ আছিলাম, বিয়াক দোষ আঁর"
তুমি কি আমার কথা শুনছো?,তুঁই কি আঁর হতা উইন্তে লাইজ্ঞু?
তুমি কি আমার কথা শুনছো?,তুঁই কি আঁর হথা উইন্তে লাইজ্ঞু?
গ্রামের মেয়েরা হাঁস মুরগি পালন করে,গ্রামোর মেইফুওয়া অক্কলে আঁস কুরো ফালে
গ্রামের মেয়েরা হাঁস মুরগি পালন করে,গ্রামোর মেইফুওয়া অক্কলে আঁস কুরা ফালে
"আমি প্রতিদিন চেষ্টা করি রাতে জলদি ঘুমানোর, কিন্তু কেমনে জানি দেরি হয়ে যায়","আঁই ফইত্তোদিন চেষ্টা গরি রাতিয়ে জলদি ঘুম যাইবের লাই, কিন্তু কেনে জানি দেরি অই যায়"
"আমি প্রতিদিন চেষ্টা করি রাতে জলদি ঘুমানোর, কিন্তু কেমনে জানি দেরি হয়ে যায়","আঁই ফইত্তোদিন চেষ্টা গরি রাতিয়ে জলদি ঘুম যাইবের লাই, কিন্তু কেনে হইত পারি দেরি অই যায়"
"আমি প্রতিদিন চেষ্টা করি রাতে জলদি ঘুমানোর, কিন্তু কেমনে জানি দেরি হয়ে যায়","আঁই ফইত্তোদিন চেষ্টা গরি রাতিয়ে তারাতারি ঘুম যাইবের লাই, কিন্তু কেনে জানি দেরি অই যায়"
"আমি প্রতিদিন চেষ্টা করি রাতে জলদি ঘুমানোর, কিন্তু কেমনে জানি দেরি হয়ে যায়","আঁই ফইত্তোদিন চেষ্টা গরি রাতিয়ে হারা ঘুম যাইবের লাই, কিন্তু কেনে জানি দেরি অই যায়"
আমাকে একটু মাংসের ঝোল দাও,আঁরে এক্কানা গুস্তর সুরগো দও
আমাকে একটু মাংসের ঝোল দাও,আঁরে ইক্কিনি গুস্তর সুরগো দও
আমি একবার বেহুঁশ হয়ে গিয়েছিলাম,আঁই একবার বেউশ অই গেইলাম
হ্যালো মুঈন,হ্যালো মুঈন
আজকে ভাইয়া তার শ্বশুর বাড়ি গিয়ে ভাবিকে নিয়ে আসবে,আজিয়ে ভাইয়ে ইবের অরো বারিত যায় ভাবিরে লই আইবু
আজকে ভাইয়া তার শ্বশুর বাড়ি গিয়ে ভাবিকে নিয়ে আসবে,আজিইয়্যে ভাইয়ে ইবের অরো বারিত যায় ভাবিরে লই আইবু
"আপা, থ্রি-পিসগুলো একদম অরিজিনাল, রং উঠবে না","আফা, থ্রি-পিস এগুন একদম অরিজিনাল, রঙ ন উডিবু"
"তুমি আমাকে আগে এক হাজার টাকা হাদিয়া দাও, আমি তোমার কাজ করে দিব","তুঁই আঁরে আগে এহাজার টিয়া হাদিয়ে দ, আঁই তোঁয়ার হাম গরি দিয়্যুম"
"তুমি আমাকে আগে এক হাজার টাকা হাদিয়া দাও, আমি তোমার কাজ করে দিব","তুঁই আঁরে আগে এহাজার টিয়া হাদিয়ে দ, আঁই তোঁয়ার হাজ গরি দিয়্যুম"
তোমাকে খুব সুন্দর লাগতাছে,তোঁয়ারে বত সুন্দর লাগের
তোমাকে খুব সুন্দর লাগতাছে,তোঁয়ারে বত সুন্দর লার
"কিরে বাটপার, তোর বাটপারি কেমন চলে?","কিরে বাটপার, তোর বাটপারি কেন চলের?"
"দেখে যাও, কত জিনিস!","চাই য, হদিজ্ঞিন জিনিস!"
আমি কি বধির? আমি সব শুনি,আঁই ই বোরা না? আঁই বিয়াক উনি
"আমার দোকানটা বিক্রি করে দেব, কোনো ভালো কাস্টমার পেলে জানাবেন","আঁর দোয়ান ইয়েন বেছি দিয়্যুম, হনো ভালা কাস্টমার পাইলি জানাইয়্যুন"
"আমার দোকানটা বিক্রি করে দেব, কোনো ভালো কাস্টমার পেলে জানাবেন","আঁর দোয়ান ইয়েন বেছি দিয়্যুম, হনো গম কাস্টমার পাইলি জানাইয়্যুন"
"আজকে আমার পা ব্যথা করছে, রান্না না হয় তুমি কর","আজিয়ে আঁর টেং ব্যথা গরের, রান্না নয়তো তুঁই গরো"
"আজকে আমার পা ব্যথা করছে, রান্না না হয় তুমি কর","আজিইয়্যে আঁর টেং ব্যথা গরের, রান্না নয়তো তুঁই গরো"
"আজকে আমার পা ব্যথা করছে, রান্না না হয় তুমি কর","আজিয়ে আঁর টেং ব্যথা গরের, রান্না নইলি তুঁই গরো"
আমি প্রতিদিন সকালে তাড়াতাড়ি উঠে যায়,আঁই ফইত্তোদিন ফজোরত তারাতারি উডি যায়
আমি প্রতিদিন সকালে তাড়াতাড়ি উঠে যায়,আঁই ফইত্তোদিন বেইন্নে তারাতারি উডি যায়
আমি প্রতিদিন সকালে তাড়াতাড়ি উঠে যায়,আঁই ফইত্তোদিন ফজোরত হারা উডি যায়
আমি প্রতিদিন সকালে তাড়াতাড়ি উঠে যায়,আঁই ফইত্তোদিন ফজোরত জলদি উডি যায়
"তুই কি সারাজীবন এরকম ছোট থেকে যাবি, নাকি একটু বড় হবি?","তুই কি আরা জীবন এরহম ছোডো থাহি যাইবি, নাকি এক্কানা বরো অইবি?"
"তুই কি সারাজীবন এরকম ছোট থেকে যাবি, নাকি একটু বড় হবি?","তুই কি আরা জীবন এরহম ছোডো থাহি যাইবি, নাকি ইক্কিনি বরো অইবি?"
"হানিফ বাসে যাব না, এই বাসগুলো অনেক জোরে চালায় আর বেশি এক্সিডেন্ট করে","হানিফ বাসুত ন যাইয়্যুম, এই বাস এগিন বত জোরে চলায় আর বেশি এক্সিডেন্ট গরে"
পাহাড় থেকে প্রতিদিন রাতে শিয়াল আসে,ফা'রুত্তুন ফইত্তোদিন রাতিয়ে ইয়েল আইয়্যি
"তোমার এখন থেকে কোনো কাজ করার দরকার নেই, আমি কাজের বুয়া রাখছি","তোঁয়ার এহনুত্তুন হনো হাজ গরিবের দরহার নেই, আঁই হাজুর বুয়া রাইক্কি"
"তোমার এখন থেকে কোনো কাজ করার দরকার নেই, আমি কাজের বুয়া রাখছি","তোঁয়ার এহনুত্তুন হনো হাম গরিবের দরহার নেই, আঁই হাজুর বুয়া রাইক্কি"
"আমাদের গ্রামে অনেকগুলো পুকুর আছে, পুকুরগুলোতে অনেক মাছ আছে","আঁরার গ্রামুত বত হদুজ্ঞুন ফইর আছে, ফইর এগুনুত বত মাছে আছে"
"ভাই, দোকান থেকে এক প্যাকেট বিস্কুট আর একটা কোল্ড ড্রিংক নিয়ে আয়","বদ্দা, দোয়ানুত্তুন এক প্যাকেট বিস্কুট আর উজ্ঞো কোল্ড ড্রিংক লই আয়"
"তরকারিতে লবণ আরেকটু কম দেবে, তাহলে তরকারি অনেক মজা হবে","তরহারিত নুন আরেক্কানা হম দিবে, তইলি তরহারি বত মজা অইবু"
"আজকে অফিসে কাজের চাপ কম, তাই জলদি চলে আসছি","আজিয়ে অফিসুত হাজুর চাপ হম, এতাল্লে হারা চলি আইস্যি"
"আজকে অফিসে কাজের চাপ কম, তাই জলদি চলে আসছি","আজিইয়্যে অফিসুত হাজুর চাপ হম, এতাল্লে হারা চলি আইস্যি"
"আজকে অফিসে কাজের চাপ কম, তাই জলদি চলে আসছি","আজিয়ে অফিসুত হাজুর চাপ হম, এতাল্লে তারাতারি চলি আইস্যি"
"আজকে অফিসে কাজের চাপ কম, তাই জলদি চলে আসছি","আজিয়ে অফিসুত হাজুর চাপ হম, এতাল্লে জলদি চলি আইস্যি"
প্রতিদিন এতো দেরি করে ঘুম থেকে উঠলে তো কিছু জানতে পারবে না,ফইত্তোদিন এল্লেত দেরি গরি ঘুমোত্তুন উডিলি তো কিছু জানিত ন ফারিবে
প্রতিদিন এতো দেরি করে ঘুম থেকে উঠলে তো কিছু জানতে পারবে না,ফইত্তোদিন এতো দেরি গরি ঘুমোত্তুন উডিলি তো কিছু জানিত ন ফারিবে
ঘুম থেকে ওঠার পর থেকেই মনটা কেমন জানি হয়ে গেছে,ঘুমুত্তুন উডিবের পরুত্তুনই মন ইয়েন কেন জানি অই গেইয়্যি
ঘুম থেকে ওঠার পর থেকেই মনটা কেমন জানি হয়ে গেছে,ঘুমুত্তুন উডিবের পরুত্তুনই মন ইয়েন কেন হইত পারি অই গেইয়্যি
একটা দিতে গিয়ে ভুলে আরেকটা চলে গেছে,এক্কান দিতাম যায় রে ভুলে আরেক্কান চলি গেইয়্যি
"আমি বিকেলে নাস্তা খেয়েছিলাম, তাই রাতে ভাত দেরি করে খাব","আঁই বিয়েলে নাস্তা হাইলাম, এতেল্লে রাতিয়ে ভাত দেরি গরি হাইয়্যুম"
ডাব চুরি করতে গিয়ে একবার বাবার হাতে মার খেয়েছিলাম,ডাফ চুরি গইত্তো যায় একবার বাফুর আতুত মাইর হাইলাম
বর্ষাকাল আসার আগেই ঘরের কাজ শেষ করতে হবে,বর্ষাহাল আইবের আগেই ঘরুর হাজ শেষ গরন ফরিবু
বর্ষাকাল আসার আগেই ঘরের কাজ শেষ করতে হবে,বর্ষাহাল আইবের আগেই ঘরুর হাম শেষ গরন ফরিবু
"ভাইয়া, আমাকে এক কেজি পোলাওয়ের চাল আর এক লিটার খাঁটি সরিষার তেল দেন","ভাইয়া, আঁরে এক কেজি পোলও উর চইল আর এক লিটার হাঁটি সরিষার তেল দন"
একটু বৃষ্টি পড়লেই চট্টগ্রাম ডুবে যায়,এক্কানা ঝর ফরিলিই চট্টগ্রাম ডুফি যায়
একটু বৃষ্টি পড়লেই চট্টগ্রাম ডুবে যায়,ইক্কিনি ঝর ফরিলিই চট্টগ্রাম ডুফি যায়
আরে বন্ধু! কতোদিন পর তুর সাথে দেখা!,আরে বন্ধু! হতোদিন পর তুর লগে দেহা!
আরে বন্ধু! কতোদিন পর তুর সাথে দেখা!,আরে বন্ধু! হতোদিন পর তুর ওয়ারে দেহা!
আরে বন্ধু! কতোদিন পর তুর সাথে দেখা!,আরে বন্ধু! হতোদিন পর তুর ফুয়ারে দেহা!
আমরা সব স্কুল ফ্রেন্ড মিলে পিকনিকে যাচ্ছি,আঁরা বিয়াজ্ঞুন স্কুল ফ্রেন্ড মিলি পিকনিকুত যাইর
"শুনে খুবই খুশি হলাম যে আপনার শারিরীক অবস্থার ব্যাপক উন্নতি হয়েছে, আরও দ্রুত সুস্থ হোন","উনিয়েরে বত খুশি অইলাম যে অঁনোর শারিরীক অবস্থার বত উন্নতি অইয়্যি, আরও তারাতারি সুস্থ অই যন"
"শুনে খুবই খুশি হলাম যে আপনার শারিরীক অবস্থার ব্যাপক উন্নতি হয়েছে, আরও দ্রুত সুস্থ হোন","উনিয়েরে বত খুশি অইলাম যে অঁনোর শারিরীক অবস্থার বত উন্নতি অইয়্যি, আরও হারা সুস্থ অই যন"
"শুনে খুবই খুশি হলাম যে আপনার শারিরীক অবস্থার ব্যাপক উন্নতি হয়েছে, আরও দ্রুত সুস্থ হোন","উনিয়েরে বত খুশি অইলাম যে অঁনোর শারিরীক অবস্থার বত উন্নতি অইয়্যি, আরও জলদি সুস্থ অই যন"
আচ্ছা মা একটা কথা বলি?,আইচ্ছে মা এক্কান হতা হই?
আচ্ছা মা একটা কথা বলি?,আইচ্ছে মা এক্কান হথা হই?
বলটি সরাসরি আমার কাছে দে,বল ইবে সরাসরি আঁর হাছে দে
"আমার বাসে ভালো লাগে না, ট্রেনে যাব চিন্তা করছি","আত্তুন বাসুত ভালা ন লাগে, ট্রেনুত যাইয়্যুম চিন্তে গরির"
"আমার বাসে ভালো লাগে না, ট্রেনে যাব চিন্তা করছি","আত্তুন বাসুত গম ন লাগে, ট্রেনুত যাইয়্যুম চিন্তে গরির"
"বাবা আমার কিছু টাকা লাগবে, বন্ধুদের সাথে বান্দরবান ঘুরতে যাব","আব্বু আত্তুন কিছু টিয়া লাগিবো, বন্ধু অক্কলোর লগে বান্দরবন ঘুইত্তাম যাইয়্যুম"
"বাবা আমার কিছু টাকা লাগবে, বন্ধুদের সাথে বান্দরবান ঘুরতে যাব","আব্বু আত্তুন কিছু টিয়া লাগিবো, বন্ধু অক্কলোর ওয়ারে বান্দরবন ঘুইত্তাম যাইয়্যুম"
"বাবা আমার কিছু টাকা লাগবে, বন্ধুদের সাথে বান্দরবান ঘুরতে যাব","আব্বু আত্তুন কিছু টিয়া লাগিবো, বন্ধু অক্কলোর ফুয়ারে বান্দরবন ঘুইত্তাম যাইয়্যুম"
"আমার কিছু কাজ বাকি আছে, সেগুলো শেষ করে তারপর বের হচ্ছি","আঁর কিছু হাজ বাকি আছে, এগিন শেষ গরি তারপর বাইর অইর"
"আমার কিছু কাজ বাকি আছে, সেগুলো শেষ করে তারপর বের হচ্ছি","আঁর কিছু হাম বাকি আছে, এগিন শেষ গরি তারপর বাইর অইর"
এই ট্রেনে কি খাবারের ব্যবস্থা আছে? নাকি কিনে নিয়ে যেতে হবে?,এই ট্রেনুত কি হানার ব্যবস্থা আছে? নাকি কিনি লই যন ফরিবু?
তুমি যদি এক মাস কষ্ট করো তাহলে অনেক কিছু ঠিক হয়ে যাবে,তুঁই যদি এক মাস হষ্ট গরো তইলি বত কিছু ঠিক অই যাইবু
"আমার ল্যাপটপ এখন বন্ধ হয়ে যাবে, অনেকক্ষণ ধরে কারেন্ট নেই","আঁর লেপটপ এহন বন্ধ অই যাইবু, বত হতক্ষন ধরি কারোন নাই"
"এখন একটু শান্ত হও, আর কত কাঁদবে?","এহন এক্কানা শান্ত অও, আর হত হাঁদিবে?"
"এখন একটু শান্ত হও, আর কত কাঁদবে?","এহন ইক্কিনি শান্ত অও, আর হত হাঁদিবে?"
তুমি একটু পরে আসো,তুঁই এক্কানা পরে আইয়্যু
তুমি একটু পরে আসো,তুঁই ইক্কিনি পরে আইয়্যু
"যা হওয়ার হয়ে গেছে, এগুলো পুরাতন কথা, এগুলো এখন বলে লাভ আছে?","যা অইবের অই গেইয়্যি, এগিন পুরন হতা, এগিন এহন হয় রে লাভ আছে না?"
সকালে নামাজ পড়ে হাটলে অনেক ভাল লাগে,ফজোরত নামাজ পরি আডিলি বত ভালা লাগে
সকালে নামাজ পড়ে হাটলে অনেক ভাল লাগে,ফজোরত নামাজ পরি আডিলি বত গম লাগে
সকালে নামাজ পড়ে হাটলে অনেক ভাল লাগে,বেইন্নে নামাজ পরি আডিলি বত ভালা লাগে
আজকে তোমাকে এত খুশি দেখাচ্ছে কেন?,আজিয়ে তোঁয়ারে এল্লেত খুশি দেহার কা?
আজকে তোমাকে এত খুশি দেখাচ্ছে কেন?,আজিইয়্যে তোঁয়ারে এল্লেত খুশি দেহার কা?
আজকে তোমাকে এত খুশি দেখাচ্ছে কেন?,আজিয়ে তোঁয়ারে এতো খুশি দেহার কা?
"প্রথমে পেঁয়াজ ভালো করে ভেজে নিতে হবে, তারপর মসলা দিতে হবে","ফইল্লে পিয়েজ ভালা গরি ভাজি লন ফরিবু, তারপর মসল্লা দন ফরিবু"
"প্রথমে পেঁয়াজ ভালো করে ভেজে নিতে হবে, তারপর মসলা দিতে হবে","ফইল্লে পিয়েজ গম গরি ভাজি লন ফরিবু, তারপর মসল্লা দন ফরিবু"
আবার পরে দেখা হবে,আবার পরে দেহা অইব্যু
"আজ অফিসে একটা ভুল হয়ে গেছে, বসকে কীভাবে বলব বুঝছি না","আজিয়ে অফিসুত এক্কান ভুল অই গেইয়্যি, বস উরে কেন গরি হইয়্যুম ন বুঝির"
মাঝে মাঝে আল্লাহ আমাদের কাছ থেকে বিপদের মাধ্যমে পরীক্ষা নেন,মাঝে মাঝে আল্লাহ আরাত্তুন বিপদুর মাইধ্যমে পরীক্ষে লই
খুব মনে পড়ছে কিন্তু কাকে মনে পড়ছে সেটাই মনে পড়ছে না,বত মনোত পরের কিন্তু হারে মনোত পরের ইয়েন ই মনোত ন পরের
তোমার কি সমাস্যা? মানতে কেন পারছো না?,তোঁয়ার কি সমাস্যা? মানিত কিল্লে ন পারো?
"পায়খানাগুলো তাড়াতাড়ি পরিষ্কার করে ফেল, আমার বমি আসছে","ফেহেনা এগিন তারাতারি সাফ গরি ফেলা, আত্তুন বুমি আইয়্যির"
"পায়খানাগুলো তাড়াতাড়ি পরিষ্কার করে ফেল, আমার বমি আসছে","ফেহেনা এগিন তারাতারি পরিষ্কার গরি ফেলা, আত্তুন বুমি আইয়্যির"
তোমাকে মনে হয় কাইসার কিছু বলেছিল,তোঁয়ারে মনে অয় কাইসার কিছু হইয়্যিল
তুই আসলে ভাই আমি অনেক খুশি হব,তুই আইলি বদ্দা আই বত খুশি অইয়্যুম
"আমি এখন ব্যস্ত, আমার দেরি হবে","আঁই এহন বিজি, আত্তুন দেরি অইবু"
আপুকে দিয়ে এসে আমি ঘরে চলে আসছি,আফারে দি আইয়্যিরে আঁই ঘরুত চলি আইসসি
তোমার পরীক্ষা ভালো হয়েছে দেখে আমার মন এমনিতেই ভালো হয়ে গেছে,তোঁয়ার পরীক্ষে ভালা অইয়্যি দেহি আঁর মন এনেই ভালা অই গেইয়্যি
তোমার পরীক্ষা ভালো হয়েছে দেখে আমার মন এমনিতেই ভালো হয়ে গেছে,তোঁয়ার পরীক্ষে গম অইয়্যি দেহি আঁর মন এনেই ভালা অই গেইয়্যি
"ওরা এই রাস্তা দিয়ে গেছে, কিছুক্ষণ হাঁটলে সামনে দেখতে পাবেন","ইতারা রাস্তা ইবে দি গেইয়্যি, হতক্ষন আডিলি সাম্মোদ্দি দেহিবেন"
"বউ, রান্নায় ঝাল একটু কম দিও, গতকাল আমার পেট জ্বালা করেছিল","বউ, রান্নাত ঝাল এক্কানা হম দিও, গত হালিয়ে আঁর পেট জইল্লিল"
"বউ, রান্নায় ঝাল একটু কম দিও, গতকাল আমার পেট জ্বালা করেছিল","বউ, রান্নাত ঝাল ইক্কিনি হম দিও, গত হালিয়ে আঁর পেট জইল্লিল"
"আর দুদিন পর আসেন, দুদিন পর অনেক ভাল ভাল কাপড় আসবে","আর দুদিন পর আইয়্যুন, দুদিন পর বত ভালা ভালা হর আইবু"
"আর দুদিন পর আসেন, দুদিন পর অনেক ভাল ভাল কাপড় আসবে","আর দুদিন পর আইয়্যুন, দুদিন পর বত গম ভালা হর আইবু"
তুমি আমার সাথে এরকম কেমনে করলা! আমার কি দোষ ছিল?,তুঁই আঁর লগে এরহম কেনে গরিলে! আঁর কি দোষ আছিল?
তুমি আমার সাথে এরকম কেমনে করলা! আমার কি দোষ ছিল?,তুঁই আঁর ওয়ারে এরহম কেনে গরিলে! আঁর কি দোষ আছিল?
তুমি আমার সাথে এরকম কেমনে করলা! আমার কি দোষ ছিল?,তুঁই আঁর ফুয়ারে এরহম কেনে গরিলে! আঁর কি দোষ আছিল?
"এভাবে রাগ করে থাকলে হবে? খাবার ঠান্ডা হয়ে যাচ্ছে, খেয়ে নাও","এন গরি গুসসা অই থাহিলি অইবুনা? হানা ঠান্ডা অই যার, হায় লও"
সাদা পাঞ্জাবিটা আমার অনেক প্রিয়,সাদা পাঞ্জাবি ইবে আঁর বত প্রিয়
"তাড়াতাড়ি ঘরে চলে এসো, বৃষ্টিতে ভিজলে অসুখ হয়ে যাবে","তারাতারি ঘরুত চলি আইয়্যু, বৃষ্টিত ভিজিলি অসুখ অই যাইবু"
সাইকেল চালাতে গিয়ে একবার অনেক ব্যথা পেয়েছিলাম,সাইকেল চালাইতাম যায় একবার বত ব্যথা পাইলাম
"আপনাকে ৫০ টাকা দিয়েছিলাম, ১০ টাকা ফেরত দিতে ভুলে গেছেন","অঁনোরে ৫০ টিয়া দিলাম, ১০ টিয়া ফেরত দিতু ভুলি গেইয়্যুন"
এটা অবশ্য ঠিক বলছ,ইয়েন অবশ্য ঠিক হইয়্যু
ল্যাপটপের সঙ্গে ফ্রি আর কী কী দিয়েছে?,ল্যাপটপুর লগে ফ্রি আর কী কী দিইয়্যি?
"আমি যদি চাকরি না করি, তাহলে আমার পরিবার কষ্ট পাবে","আঁই যদি চঅরি ন গরি, তইলি আঁর পরিবার হষ্ট ফাইবু"
"আমরা বাসে যাই, ট্রেনের ছাদে ওঠা ঝুঁকিপূর্ণ হয়ে যাবে","আঁরা বাসুত যাই, ট্রেনুর ছাদুত উডন রিস্ক অই যাইবু"
"সাবধানে যাস, বাসায় পৌঁছে কল দিস","সাবধানে যাইস, বাসাত পৌছি কল দিস"
"একটা নাপা ট্যাবলেট খেয়ে ফেলো, নাহয় রাতে জ্বর চলে আসবে","উজ্ঞো নাপা ট্যাবলেট হায় ফেলো, নইলি রাতিয়ে জ্বর চলি আইবু"
"এই শোনেন, আপনি একটু বোঝার চেষ্টা করেন","এই উনন না, অঁনে এক্কানা বুঝিবের চেষ্টা গরন"
"এই শোনেন, আপনি একটু বোঝার চেষ্টা করেন","এই উনন না, অঁনে ইক্কিনি বুঝিবের চেষ্টা গরন"
মন ভালো থাকলে নাকি আশেপাশের সবকিছু সুন্দর লাগে,মন ভালা থাহিলি বলে আশেপাশের বিয়াক কিছু সুন্দর লাগে
মন ভালো থাকলে নাকি আশেপাশের সবকিছু সুন্দর লাগে,মন গম থাহিলি বলে আশেপাশের বিয়াক কিছু সুন্দর লাগে
"সামনেই পেট্রোল পাম্প আছে, ওখান থেকেই পেট্রোল নেওয়া যাবে","সামনেই পেট্রোল পাম্প আছে, এত্তুন পেট্রোল লন যাইবু"
এক কেজি গাজরের দাম কত?,এক কেজি গাজরুর দাম হত?
"অফিসে নতুন সফটওয়্যার এসেছে, ওটা ব্যবহার করতে সমস্যা হচ্ছে","অফিসুত নতুন সফটওয়্যার আইসসি, ইবে বেবার গত্তে সমস্যা অর"
"আপনি একটু বাইরে যান, আমি কাপড় পাল্টে নিই","অঁনে এক্কানা বাইরে যন, আঁই হর পাল্ডায় লই"
"আপনি একটু বাইরে যান, আমি কাপড় পাল্টে নিই","অঁনে ইক্কিনি বাইরে যন, আঁই হর পাল্ডায় লই"
"আপনি একটু বাইরে যান, আমি কাপড় পাল্টে নিই","অঁনে এক্কানা বাদ্দি যন, আঁই হর পাল্ডায় লই"
"আমাকে স্যার নিষেধ করেছিলেন, তাই এটা আমি করতে পারব না","আঁরে স্যার মানা গইজ্জিল, এতেল্লে ইয়েন আঁই গরিত ন ফাইজ্জুম"
রমজান মিয়ার কাছে কিছু টাকা পায়,রমজান মিয়ত্তুন কিছু টিয়া ফাইর
গতবার কাপড় কিনার সময় বলেছিলেন এবার দাম কম রাখবেন,গতবার হর কিনিবের সমত হইলেন এবার দাম হম রাহিবেন
অনেক আশা নিয়ে গেছিলাম কিন্তু কাজটা হলো না,বত আশা লই রে গেইলাম কিন্তু হাজগান ন অয়
"আজকে অফিসে অনেক কাজ, তাই আমার আসতে দেরি হবে","আজিয়ে অফিসুত বত হাম, এতেল্লে আত্তুন আসতে দেরি অইবু"
"আজকে অফিসে অনেক কাজ, তাই আমার আসতে দেরি হবে","আজিইয়্যে অফিসুত বত হাম, এতেল্লে আত্তুন আসতে দেরি অইবু"
আমার সঙ্গে ঝগড়া করলে কি মন ভালো হয়ে যাবে?,আঁর লগে হইজ্জে গরিলি কি মন ভালা অই যাইবু?
আমার সঙ্গে ঝগড়া করলে কি মন ভালো হয়ে যাবে?,আঁর লগে হইজ্জে গরিলি কি মন গম অই যাইবু?
ক্ষেত থেকে পাকা মরিচ গুলো নিয়ে আয়,ক্ষেতিত্তুন ফোওয়ানা মরিচ এগুন লই আয়
আমাদের বাস ড্রাইভার অনেক স্পিডে বাস চালাচ্ছিল,আঁরার বাস ড্রাইভার বত স্পিডে বাস চালার
"অনেকক্ষণ কথা হলো, এবার উঠি","বত হতক্ষন হতা অইয়্যি, এবার উডি"
"অনেকক্ষণ কথা হলো, এবার উঠি","বত হতক্ষন হথা অইয়্যি, এবার উডি"
তুই আমার চাকর হয়ে আমার মুখের ওপর কথা বলিস!,তুই আঁর চঅর অইয়্যিরে আঁর মুখুর উদ্দি হতা হস!
তুই আমার চাকর হয়ে আমার মুখের ওপর কথা বলিস!,তুই আঁর চঅর অইয়্যিরে আঁর মুখুর উদ্দি হথা হস!
কে পাদ দিয়েছে? এত গন্ধ কেন?,হনে পাইদ্দি দে? এল্লেত গন্ধ কা?
কে পাদ দিয়েছে? এত গন্ধ কেন?,হনে পাইদ্দি দে? এতো গন্ধ কা?
আমরা সন্ধ্যায় চা আর নাস্তা খাব,আঁরা আজুইন্নে চা আর নাস্তা হইয়্যুম
আজকে অফিসে বসের বকা খেয়ে মেজাজ একদম খারাপ হয়ে গেছে,আজিয়ে অফিসুত বস উর বকা হায় মেজাজ এব্বেরে হারাপ অই গেইয়্যি
আজকে অফিসে বসের বকা খেয়ে মেজাজ একদম খারাপ হয়ে গেছে,আজিইয়্যে অফিসুত বস উর বকা হায় মেজাজ এব্বেরে হারাপ অই গেইয়্যি
"আমার জন্য কিছু করতে হবে না, আমি বাসা থেকে খেয়ে এসেছি","আঁর লাই কিছু গরন ফইত্তো নো, আঁই বাসাত্তুন হায় আইসসি"
আপনাকে আজকে আমার খুব ভালো লাগলো,অঁনোরে আজিয়ে আত্তুন বত ভালা লাইজ্ঞি
আপনাকে আজকে আমার খুব ভালো লাগলো,অঁনোরে আজিয়ে আত্তুন বত গম লাইজ্ঞি
আপনাকে আজকে আমার খুব ভালো লাগলো,অঁনোরে আজিইয়্যে আত্তুন বত ভালা লাইজ্ঞি
"আমার একটু ক্লান্ত লাগতাছে, তোমার সাথে পরে কথা বলব","আত্তুন এক্কানা অরান লার, তোঁয়ার লগে পরে হতা হইয়্যুম"
"আমার একটু ক্লান্ত লাগতাছে, তোমার সাথে পরে কথা বলব","আত্তুন ইক্কিনি অরান লার, তোঁয়ার লগে পরে হতা হইয়্যুম"
"আমার একটু ক্লান্ত লাগতাছে, তোমার সাথে পরে কথা বলব","আত্তুন এক্কানা অরান লার, তোঁয়ার ওয়ারে পরে হতা হইয়্যুম"
"আমার একটু ক্লান্ত লাগতাছে, তোমার সাথে পরে কথা বলব","আত্তুন এক্কানা অরান লার, তোঁয়ার ফুয়ারে পরে হতা হইয়্যুম"
"আমার একটু ক্লান্ত লাগতাছে, তোমার সাথে পরে কথা বলব","আত্তুন এক্কানা হয়রান লার, তোঁয়ার লগে পরে হতা হইয়্যুম"
"আমার একটু ক্লান্ত লাগতাছে, তোমার সাথে পরে কথা বলব","আত্তুন এক্কানা অরান লার, তোঁয়ার লগে পরে হথা হইয়্যুম"
"আমি খেয়াল করলাম, তুমি কয়েকদিন ধরে মনমরা হয়ে বসে আছো","আঁই খিয়াল গইজ্জি, তুঁই হয়েকদিন ধরি মনমরা অই বই থেইক্কো"
"ভাই, এই ঠিকানাটা কোথায় একটু বলতে পারবেন?","বদ্দা, এই ঠিকানা ইয়েন হনডে এক্কানা হইত ফারিবেন?"
"ভাই, এই ঠিকানাটা কোথায় একটু বলতে পারবেন?","বদ্দা, এই ঠিকানা ইয়েন হনডে ইক্কিনি হইত ফারিবেন?"
"আমার হাত ব্যথা করছে, আজকে আর পারছি না","আঁর আত ব্যথা গরের, আজিয়ে আর ন পারির"
"আমার হাত ব্যথা করছে, আজকে আর পারছি না","আঁর আত ব্যথা গরের, আজিইয়্যে আর ন পারির"
আমার কাছে টাকা পয়সার থেকে মান সম্মান বেশি গুরুত্বপূর্ণ,আঁর হাছে টিয়া ফুইশেত্তুন মান সম্মান বেশি গুরুত্বপুর্ণ
এত মিথ্যা কথা কেমনে বলিস ভাই!,এতো মিছে হতা কেনে হস বদ্দা!
এত মিথ্যা কথা কেমনে বলিস ভাই!,এল্লেত মিছে হতা কেনে হস বদ্দা!
এত মিথ্যা কথা কেমনে বলিস ভাই!,এতো মিছে হথা কেনে হস বদ্দা!
"শরীরটা মেছমেছ করছে, কিছুক্ষণ ঘুমাতে হবে","শরীল ইয়েন মেছমেছ গরের, এক্কানা ঘুম যন ফরিবু"
"শরীরটা মেছমেছ করছে, কিছুক্ষণ ঘুমাতে হবে","শরীর ইয়েন মেছমেছ গরের, এক্কানা ঘুম যন ফরিবু"
আসসালামু আলাইকুম ম্যাম,আসসালামু আলাইকুম ম্যাম
শরৎকালের আকাশে সাদা মেঘের ভেলা দেখে মন ভালো হয়ে যায়,শরৎহালে আকাশুত সাদা মৌলোর ভেলা দেহি মন ভালা অই যায়
শরৎকালের আকাশে সাদা মেঘের ভেলা দেখে মন ভালো হয়ে যায়,শরৎহালে আকাশুত সাদা মৌলোর ভেলা দেহি মন গম অই যায়
"আমার কাছে এখন টাকা নেই, সেজন্য কোথাও যাওয়ার কথা চিন্তা করছি না","আঁর হাছে এহন টিয়া নেই, এতেল্লে হনোমিক্কে যাইবের হতা চিন্তে ন গরির"
"আমার কাছে এখন টাকা নেই, সেজন্য কোথাও যাওয়ার কথা চিন্তা করছি না","আঁর হাছে এহন টিয়া নেই, এতেল্লে হনোমিক্কে যাইবের হথা চিন্তে ন গরির"
"ওখানে যদি তুমি না থাক, তাহলে আমার একদম ভালো লাগবে না","এনডে যদি তুঁই ন থাহো, তইলি আত্তুন এব্বেরে ভালা ন লাগিবু"
"ওখানে যদি তুমি না থাক, তাহলে আমার একদম ভালো লাগবে না","এনডে যদি তুঁই ন থাহো, তইলি আত্তুন এব্বেরে গম ন লাগিবু"
"তুই তো বিয়ে করে একদম চেঞ্জ হয়ে গেছিস, তোর সাথে কোথাও যাওয়া হয় না অনেক দিন","তুই তো বিয়ে গরি একদম চেঞ্জ অই গেইয়্যুস, তোর লগে হনোমিক্কে যন ন অয় বতদিন"
"তুই তো বিয়ে করে একদম চেঞ্জ হয়ে গেছিস, তোর সাথে কোথাও যাওয়া হয় না অনেক দিন","তুই তো বিয়ে গরি একদম চেঞ্জ অই গেইয়্যুস, তোর ওয়ারে হনোমিক্কে যন ন অয় বতদিন"
"তুই তো বিয়ে করে একদম চেঞ্জ হয়ে গেছিস, তোর সাথে কোথাও যাওয়া হয় না অনেক দিন","তুই তো বিয়ে গরি একদম চেঞ্জ অই গেইয়্যুস, তোর ফুয়ারে হনোমিক্কে যন ন অয় বতদিন"
"সত্যি মানে, মিথ্যা বলব নাকি আপনাকে!","আ'ছা মানি, মিছে হইয়্যুম না অঁনোরে!"
"আমার ইউরোপে যাওয়ার ইচ্ছা, কোন দেশে গেলে ভালো হবে?","আত্তুন ইউরুপুত যাইবের ইচ্ছে, হন দেশুত গেলি ভালা অইবু?"
"আমার ইউরোপে যাওয়ার ইচ্ছা, কোন দেশে গেলে ভালো হবে?","আত্তুন ইউরুপুত যাইবের ইচ্ছে, হন দেশুত গেলি গম অইবু?"
"আমি সাঁতার জানি না, সেজন্য পুকুরে নামতে পারব না","আঁই আছুরিত ন জানি, এতেল্লে ফইরুত নামিত ন ফাইজ্জুম"
"আমি তোমার কথা শুনব না, তোমার যা ইচ্ছা করো","আঁই তোঁয়ার হতা উইনতাম নো, তোঁয়ার যা ইচ্ছে গরো"
"আমি তোমার কথা শুনব না, তোমার যা ইচ্ছা করো","আঁই তোঁয়ার হথা উইনতাম নো, তোঁয়ার যা ইচ্ছে গরো"
এই কাপড়গুলো নতুন নাকি পুরাতন?,এই হর এগুন নতুন নাকি ফুরন?
এই বিড়ালটা একবার আমার আম্মুকে কামড় দিয়েছিল,এই বিলেই ইবে একবার আঁর আম্মুরে হঁঅর দিয়্যিল
"দিদি, তোমার রান্নাঘর তো অনেক সুন্দর","দিদি, তোঁয়ার বসহানা তো বত সুন্দর"
"দিদি, তোমার রান্নাঘর তো অনেক সুন্দর","দিদি, তোঁয়ার পাকঘর তো বত সুন্দর"
"দিদি, তোমার রান্নাঘর তো অনেক সুন্দর","দিদি, তোঁয়ার রান্নাঘর তো বত সুন্দর"
শুনলাম তুমি নাকি ওমরাহ করতে সৌদি আরবে যাচ্ছ?,উইন্নিলাম তুঁই নাকি ওমরাহ গইত্তো সৌদি আরবুত যার?
"এই মেয়েটা থেকে দূরে থাকিস, এর মতিগতি ভালো না","এই মেইফুওয়া ইবেত্তুন দূরে থাহিস, ইবের মতিগতি ভালা নো"
"এই মেয়েটা থেকে দূরে থাকিস, এর মতিগতি ভালো না","এই মেইফুওয়া ইবেত্তুন দূরে থাহিস, ইবের মতিগতি গম নো"
গাছ থেকে পড়লে একদম হাত-পা ভেঙে যাবে,গাছুত্তুন ফরিলি এব্বেরে আত-টেং ভাঙি যাইবু
গরমকালে ডাবের পানি খেলে অনেক শান্তি লাগে,গরমহালোত ডাবোর পানি হাইলি বত শান্তি লাগে
"আমি তোর থেকে দেখব, আর তুই রিফার থেকে দেখিস","আঁই তোত্তুন চাইয়্যুম, আর তুই রিফাত্তুন চাইস"
একবার পাহাড়ে উঠতে গিয়ে হোঁচট খেয়ে পড়ে গিয়েছিলাম,একবার ফারুত উইটতু যাই উচট হায় ফরি গেইলাম
এ বছর বৃষ্টি বেশি হওয়ার কারণে ফসলের অনেক ক্ষতি হয়েছে,এ বছর ঝর বেশি ফরিবের হারনে ফসলুর বত হতি অইয়্যি
"এই শুনছো, দেখে যাও আমি কি করেছি","এই উনো না, চো না আঁই কি গইজ্জি"
হাসতে হাসতে আমার পেট ব্যথা হয়ে গেছে,আ'সতে আ'সতে আঁর পেট ব্যথা অই গেইয়্যি
"বর্ষাকালে শহরে হাঁটাচলা করা বিরক্তিকর, চারদিকে নর্দমার পানি","বর্ষাহালে শ'রুত আডাচলা গরন বিরক্তিকর, চেরোমিক্কে নালার পানি"
"অনেকদিন ধরে ওষুধ খাচ্ছি, তাও ভালো লাগছে না","বতদিন ধরি ওষুধ হাইর, তাও গম ন লার"
"অনেকদিন ধরে ওষুধ খাচ্ছি, তাও ভালো লাগছে না","বতদিন ধরি ওষুধ হাইর, তাও ভালা ন লার"
"অনেকদিন ধরে ওষুধ খাচ্ছি, তাও ভালো লাগছে না","বতদিন ধরি ওষুধ হাইর, তাও গম ন লাগের"
"আপনাকে অনেকদিন দেখিনায়, এতদিন কোথায় ছিলেন?","অঁনোরে বতদিন নো দেহি, এতোদিন হনডে আছিলেন?"
"আপনাকে অনেকদিন দেখিনায়, এতদিন কোথায় ছিলেন?","অঁনোরে বতদিন নো দেহি, এতোদিন হডে আছিলেন?"
"আর দুদিন পর রমজান, এখনো রমজানের বাজার করা হয় নাই","আর দুদিন পর রমজান, এহনো রমজানুর বাজার গরা নো অয়"
"আর দুদিন পর রমজান, এখনো রমজানের বাজার করা হয় নাই","আর দুদিন পর রমজান, এইজু রমজানুর বাজার গরা নো অয়"
"আন্টি বলল, তুই নাকি শীতকালে গোসল করিস না?",আন্টি হইয়্যি তুই বলে শীতহালে গোসল ন গরস?
আজকে সকালে আমি ভাত খাব না,আজিয়ে ফজরত আঁই ভাত ন হাইয়্যুম
আজকে সকালে আমি ভাত খাব না,আজিইয়্যে ফজরত আঁই ভাত ন হাইয়্যুম
"একটু হাসো, এত চিন্তা করে কী হবে? সব ঠিক হয়ে যাবে","এক্কানা আ'সো, এত চিন্তে গরি কি অইবু? বিয়াক ঠিক আই যাইবু"
"একটু হাসো, এত চিন্তা করে কী হবে? সব ঠিক হয়ে যাবে","ইক্কিনি আ'সো, এত চিন্তে গরি কি অইবু? বিয়াক ঠিক আই যাইবু"
আমার মেয়ের স্কুলের জন্য একটা ভালো মানের ব্যাগ দেখাতে পারবেন?,আঁর মেইফুওয়ার স্কুলুর লাই উজ্ঞো ভালা মানুর ব্যাগ দেহাইত ফারিবেন?
আমার মেয়ের স্কুলের জন্য একটা ভালো মানের ব্যাগ দেখাতে পারবেন?,আঁর মেইফুওয়ার স্কুলুর লাই উজ্ঞো গম মানুর ব্যাগ দেহাইত ফারিবেন?
"আমার বুক জ্বালা করছে, মনে হয় গ্যাস্ট্রিক বেড়ে গেছে","আঁর বুক জ্বলের, মনে অয় গ্যাস্ট্রিক বারি গেইয়্যি"
শরীরে এত ক্লান্তি জমে গেছে যে ছুটির দিনেও বিছানা ছেড়ে উঠতে ইচ্ছে করে না,শরীলুত এতো ক্লান্তি জমি গেইয়্যি দে ছুটির দিনুতও বিছেন ছারি উইট্টু ইচ্ছে ন গরে
শরীরে এত ক্লান্তি জমে গেছে যে ছুটির দিনেও বিছানা ছেড়ে উঠতে ইচ্ছে করে না,শরীলুত এল্লেত ক্লান্তি জমি গেইয়্যি দে ছুটির দিনুতও বিছেন ছারি উইট্টু ইচ্ছে ন গরে
"আজকে যেহেতু দেরি হয়ে গেছে, তাই আমরা আগামীকাল বের হব","আজিয়ে যেহেতু দেরি অই গেইয়্যি, এতেল্লে আঁরা হালিয়ে বাইর অইয়্যুম"
"আজকে যেহেতু দেরি হয়ে গেছে, তাই আমরা আগামীকাল বের হব","আজিইয়্যে যেহেতু দেরি অই গেইয়্যি, এতেল্লে আঁরা হালিয়ে বাইর অইয়্যুম"
"আসার সময় কতগুলো জেলে দেখলাম, তারা মাছ ধরার জন্য নদীতে যাচ্ছে","আইবের সমত হদুজ্ঞুন জেইল্লে দেইক্কি, ইতারা মাছ ধরিবের লাই দইজ্জেত যার"
"এবার আমার ব্যবসায় একদম লস হবে, সব পেঁয়াজ পচে গেছে","এবার আঁর ব্যবসাত এব্বেরে লস অইবু, বিয়াক পিয়েজ পুচি গেইয়্যি"
"আমি এটা খাব না, তুমি আরেকটা নিয়ে এসো","আঁই ইবে হাইতাম নো, তুঁই আরেকগো লই আইয়্যো"
"দারোয়ানকে বলিও যেন গেট বন্ধ না করে, আমার ফিরতে একটু দেরি হবে","দারোওয়ান উরে হইয়্যো যেন গেইট বন্ধ ন গরে, আত্তুন ফিত্তে এক্কানা দেরি অইবু"
"দারোয়ানকে বলিও যেন গেট বন্ধ না করে, আমার ফিরতে একটু দেরি হবে","দারোওয়ান উরে হইয়্যো যেন গেইট বন্ধ ন গরে, আত্তুন ফিত্তে ইক্কিনি দেরি অইবু"
"আসসালামু আলাইকুম স্যার, আপনি কেমন আছেন?","আসসালামু আলাইকুম স্যার, অঁনে কেন আছন?"
বাকি কাজগুলো আগামীকাল দেখব,বাকি হাম এগিন হালিয়ে চাইয়্যুম
বাকি কাজগুলো আগামীকাল দেখব,বাকি হাজ এগিন হালিয়ে চাইয়্যুম
ছোট বাচ্চাটা আমার গায়ের ওপর প্রস্রাব করে দিয়েছে,গুরো বাইচ্চে ইবে আঁর গা'আর উদ্দি পেশাব গরি দিইয়্যি
বাজারের তালিকা আগে থেকে তৈরি না করলে অনেক সময় দরকারি জিনিস কিনতে ভুলে যায়,বাজারোর লিস্ট আগেত্তোন তৈরি ন গরিলি বত সময় দরহারি জিনিস কিনতে ভুলি যায়
যাদু করে আমার সংসারটা শেষ করে দিছে,যাদু গরি আঁর সংসার ইয়েন শেষ গরি দিইয়্যি
"আমার মাথা এখন গরম, তোমার সাথে পরে কথা বলব","আঁর মাথা এহন গরম, তোঁয়ার লগে পরে হতা হইয়্যুম"
"আমার মাথা এখন গরম, তোমার সাথে পরে কথা বলব","আঁর মাথা এহন গরম, তোঁয়ার ওয়ারে পরে হতা হইয়্যুম"
"আমার মাথা এখন গরম, তোমার সাথে পরে কথা বলব","আঁর মাথা এহন গরম, তোঁয়ার ফুয়ারে পরে হতা হইয়্যুম"
"আমার মাথা এখন গরম, তোমার সাথে পরে কথা বলব","আঁর মাথা এহন গরম, তোঁয়ার লগে পরে হথা হইয়্যুম"
"একদাম ৫০০ টাকা রাখব, এর থেকে কমাতে পারব না","একদাম ৫০০ টিয়া রাইক্কুম, ইয়াত্তুন হমাইত ন ফাইজ্জুম"
"আপুরা এইদিকে আসেন, ভালো কাপড় সবগুলো এইদিকে","আফা তারা ইক্কে আইয়্যুন, ভালা হর বিয়াজ্ঞিন ইনদি"
"আপুরা এইদিকে আসেন, ভালো কাপড় সবগুলো এইদিকে","আফা তারা ইক্কে আইয়্যুন, গম হর বিয়াজ্ঞিন ইনদি"
"স্যার, পরীক্ষায় এই প্রশ্নটা আসবে কি না একটু বলবেন?","স্যার, পরীক্ষেত এই প্রশ্ন ইয়েন আইবু কিনা এক্কানা হইবেন?"
"স্যার, পরীক্ষায় এই প্রশ্নটা আসবে কি না একটু বলবেন?","স্যার, পরীক্ষেত এই প্রশ্ন ইয়েন আইবু কিনা ইক্কিনি হইবেন?"
"আমার নতুন চাকরি হয়েছে ঢাকায়, তাই আজকে রাতে ট্রেনে উঠতে হবে","আত্তুন নতুন চঅরি অইয়্যি ঢাহাত, এতেল্লে আজিয়ে রাতিয়ে ট্রেনুত উডন ফরিবু"
"আমার নতুন চাকরি হয়েছে ঢাকায়, তাই আজকে রাতে ট্রেনে উঠতে হবে","আত্তুন নতুন চঅরি অইয়্যি ঢাহাত, এতেল্লে আজিইয়্যে রাতিয়ে ট্রেনুত উডন ফরিবু"
আমি ঘুমানোর আগে ব্রাশ দিয়ে দাঁত মাজি,আঁই ঘুম যাইবের আগে ব্রাশ দি দাত মাজি
"আমাদের যদি ফিরতে দেরি হয়ে যায়, তাহলে তুই খেয়ে ঘুমিয়ে যাস","আরাত্তুন যদি ফিত্তে দেরি অই যাই, তইলি তুই হাইয়্যিরে ঘুমাই যাইস"
তোর বউ নাকি পাশের বাড়ির একটা ছেলের সঙ্গে পালিয়ে গেছে?,তোর বউ বলে পাশুর বারির উজ্ঞো ফুওয়ার লগে পালাই গেইয়্যি?
"আমি নৌকায় চড়তে পারব না, আমার ভয় লাগে","আঁই নৌকোত চরিত ন ফাইজ্জুম, আত্তুন ডর লাগে"
"কি লেবুর শরবত খাবো, বাজারে লেবুর যে দাম!","কি লেবুর শরবত হইয়্যুম, বাজারুত লেবুর যে দাম!"
এত বড় উঠানে ঝাড়ু দেওয়া অনেক কষ্টকর,এত্ত বরো উডোনোত ঝারু দন বত হষ্ট
এভাবে আস্তে আস্তে কাজ করলে সারাদিন চলে যাবে,এন গরি আস্তে আস্তে হাম গরিলি ফুরোদিন চলি যাইবু
এভাবে আস্তে আস্তে কাজ করলে সারাদিন চলে যাবে,এন গরি আস্তে আস্তে হাজ গরিলি ফুরোদিন চলি যাইবু
এভাবে আস্তে আস্তে কাজ করলে সারাদিন চলে যাবে,এন গরি আস্তে আস্তে হাম গরিলি আরাদিন চলি যাইবু
বেশি আদর করতে করতে একদম বাঁদর বানিয়ে ফেলছি,বেশি আদর গত্তে গত্তে এব্বেরে বান্দর বানাই ফেলাই
"আমাদের বাড়ি থেকে স্কুলে যাওয়ার রাস্তাটা মাটির, যার কারণে বর্ষাকালে স্কুলে যেতে অনেক কষ্ট হয়","আঁরার বারিত্তুন স্কুলুত যাইবের রাস্তা ইবে মেডির, যার হারনে বর্ষাহালে স্কুলুত যাইতে বত হষ্ট অয়"
আমি মনে করেছিলাম আজকে গাড়ি চলবে না,আঁই মনে গইজ্জিলাম আজিয়ে গারি ন চলিবু
আমি মনে করেছিলাম আজকে গাড়ি চলবে না,আঁই মনে গইজ্জিলাম আজিইয়্যে গারি ন চলিবু
হাত থেকে পড়ে কাপটা ভেঙে গেল,আতুত্তুন ফরি হাপ ইবে ভাঙি গেইয়্যি
"আপনি একটু শান্ত হন, বাস ১০ মিনিটের মধ্যে ছেড়ে দেবে","অঁনে এক্কানা শান্ত অন, বাস ১০ মিনিটুর মধ্যে ছারি দিবু"
"আপনি একটু শান্ত হন, বাস ১০ মিনিটের মধ্যে ছেড়ে দেবে","অঁনে ইক্কিনি শান্ত অন, বাস ১০ মিনিটুর মধ্যে ছারি দিবু"
"মাংস বেশি নিস না, ওপর থেকে অল্প নে","গুস্ত বেশি ন লইস, উদ্দিত্তুন এক্কানা গরি ল"
প্রতি বছর নদী ভেঙে অনেক ঘরবাড়ি নদীতে চলে যায়,ফইত্তো বছর দইজ্জে ভাঙি বত ঘরবারি দইজ্জেত চলি যায়
ঝড়ের পরে আকাশ এত পরিষ্কার হয়ে যায় যে তারাগুলো স্পষ্ট দেখা যায়,ঝরুর পরে আকাশ এতো পরিষ্কার অই যায় দে তারা এগুন স্পষ্ট দেহা যায়
ঝড়ের পরে আকাশ এত পরিষ্কার হয়ে যায় যে তারাগুলো স্পষ্ট দেখা যায়,ঝরুর পরে আকাশ এল্লেত পরিষ্কার অই যায় দে তারা এগুন স্পষ্ট দেহা যায়
ঝড়ের পরে আকাশ এত পরিষ্কার হয়ে যায় যে তারাগুলো স্পষ্ট দেখা যায়,ঝরুর পরে আকাশ এতো সাফ অই যায় দে তারা এগুন স্পষ্ট দেহা যায়
"টাকা বেশি লাগবেনা, আমরা বেশি দুরে যাব না","টিয়া বেশি ন লাগিবু, আঁরা বেশি দুরে ন যাইয়্যুম"
মাছ কিনলে অবশ্যই আসার সময় কেটে নিয়ে আসবেন,মাছ কিনিলি অবশ্যই আইবের সমত হাডি লই আইবেন
আম্মু বলছে তোকে আর আন্টিকে একদিন বেড়াতে আসতে,আম্মু হদ্দে তুরে আর আন্টি রে একদিন বেরাইতো আইবের লাই
আপনি তো আমার থেকেও আপনার মেয়েকেই বেশি দেখতে পারেন,অঁনে তো আত্তুন ও অঁনোর মেইফুওয়ারেই বেশি দেইত ফারন
"চল, আজ সুলতান'স ডাইন থেকে কাচ্চি বিরিয়ানি খেয়ে আসি","চল, আজিয়ে সুলতান'স ডাইন উত্তুন কাচ্চি বিরেনি হাই আই"
সামনের সপ্তাহে কক্সবাজার বেড়াতে যাব,সামনুর সপ্তাত কক্সবাজার বেরাইতাম যাইয়্যুম
পরিচিত বললে আপনারা আরো দাম বেশি রাখেন,পরিচিত হইলি অঁনেরা আরো দাম বেশি রাহন
"আমার জন্য যে পিঠাগুলো বানিয়েছেন, সেগুলো ফ্রিজে রেখে দেন","আঁর লাই যে পিডেগিন বানাইয়্যুন, এগিন ফ্রিজুত রাহি দন"
আমার পরিবার আমার দিকে তাকিয়ে আছে,আঁর পরিবার আঁর মিক্কে চাই থেইক্কি
ল্যাপটপের সাথে গ্যারান্টি কার্ডটাও দিয়ে দেন,ল্যাপটপুর লগে গ্যারান্টি কার্ড ইয়েনও দি দন
ল্যাপটপের সাথে গ্যারান্টি কার্ডটাও দিয়ে দেন,ল্যাপটপুর ওয়ারে গ্যারান্টি কার্ড ইয়েনও দি দন
ল্যাপটপের সাথে গ্যারান্টি কার্ডটাও দিয়ে দেন,ল্যাপটপুর ফুয়ারে গ্যারান্টি কার্ড ইয়েনও দি দন
"কি কাপড় দিছেন ভাই, একবার ধোয়ার পর রঙ উঠে গেছে","কি হর দিয়্যুন বদ্দা, একবার ধু'অনুর পর রঙ উডি গেইয়্যি"
সুলতান'স ডাইন থেকে কাচ্চি না খাওয়ালে আমার মন ভালো হবে না,সুলতান'স ডাইন উত্তুন কাচ্চি ন হাওয়াইলি আঁর মন ভালা অইতু নো
সুলতান'স ডাইন থেকে কাচ্চি না খাওয়ালে আমার মন ভালো হবে না,সুলতান'স ডাইন উত্তুন কাচ্চি ন হাওয়াইলি আঁর মন গম অইতু নো
ঘরে শান্তি না থাকলে কি আর কোনো কিছু ভালো লাগে?,ঘরুত শান্তি ন থাহিলি কি আর হনো কিছু ভালা লাগে?
ঘরে শান্তি না থাকলে কি আর কোনো কিছু ভালো লাগে?,ঘরুত শান্তি ন থাহিলি কি আর হনো কিছু গম লাগে?
নতুন জামা কিনলে আমার মন একদম ভালো হয়ে যায়,নতুন হুত্তা কিনিলি আঁর মন এব্বেরে ভালা অই যায়
নতুন জামা কিনলে আমার মন একদম ভালো হয়ে যায়,নতুন হুত্তা কিনিলি আঁর মন এব্বেরে গম অই যায়
গাছপাকা আম খেয়ে মন একদম ভালো হয়ে গেছে,গাছফোওয়ানা আম হাই মন একদম ভালা অই গেইয়্যি
গাছপাকা আম খেয়ে মন একদম ভালো হয়ে গেছে,গাছফোওয়ানা আম হাই মন একদম গম অই গেইয়্যি
"তোমার সাহস তো কম না, তুমি অন্য গ্রামের হয়ে এই গ্রামের মেয়েকে ডিস্টার্ব করো!","তোঁয়ার সাহস তো হম নো, তুঁই অন্য গ্রামুর অইয়্যিরে এই গ্রামুর মেইফুওয়ারে ডিস্টার্ব গরো!"
আমরা নতুন ব্রিজ দিয়ে না গিয়ে টানেল দিয়ে যাব,আঁরা নতুন ব্রিজ দি ন যাই টানেল দি যাইয়্যুম
"আম্মু, একটু কষ্ট করে আমার ঘরটা গুছিয়ে দাও, বিকেলে মেহমান আসবে","আম্মু, এক্কানা হষ্ট গরি আঁর ঘরগান গুছায় দও, বিকেলে মেমাম আইবু"
"আম্মু, একটু কষ্ট করে আমার ঘরটা গুছিয়ে দাও, বিকেলে মেহমান আসবে","আম্মু, ইক্কিনি হষ্ট গরি আঁর ঘরগান গুছায় দও, বিকেলে মেমাম আইবু"
সন্ধ্যার আগে কিছু একটা করতে না পারলে সবাই এখানে আটকা পড়ব,আজুইন্নের আগে কিছু এক্কান গরিত ন পারিলি বিয়াজ্ঞুন এনডে আটকি ফইজ্জুম
সন্ধ্যার আগে কিছু একটা করতে না পারলে সবাই এখানে আটকা পড়ব,আজুইন্নের আগে কিছু এক্কান গরিত ন পারিলি বেজ্ঞুন এনডে আটকি ফইজ্জুম
"আমাদের বাস সামনের মসজিদে কিছুক্ষণ থামবে, যারা নামাজ পড়তে চান তারা পড়ে ফেলতে পারেন","আঁরার বাস সামনুর মসইদুত হতক্ষন থিয়েইবু, যারা নামাজ ফইত্তো চন ইতারা ফরি ফেলাইত ফারিবে"
"জুতা গুলো যদি না পরিস, তাহলে কাউকে দিয়ে দিতে পারিস না?","জুতা এগিন যদি ন ফরুস, তইলি কিয়ারে দিই ফেলাইত ন ফারুস?"
"আমার কাজ আছে, আমি এখন করতে পারব না","আত্তুন হাম আছে, আঁই এহন গরিত ন পাইজ্জুম"
"আমার কাজ আছে, আমি এখন করতে পারব না","আত্তুন হাজ আছে, আঁই এহন গরিত ন পাইজ্জুম"
সেন্ট মার্টিন যাওয়ার জন্য টেকনাফ থেকে জাহাজ সকালে কখন ছাড়ে?,সেন্ট মার্টিন যাইবের লাই টেকনাফ উত্তুন জাচ বেইন্নে হত্তে চারে?
সেন্ট মার্টিন যাওয়ার জন্য টেকনাফ থেকে জাহাজ সকালে কখন ছাড়ে?,সেন্ট মার্টিন যাইবের লাই টেকনাফ উত্তুন জাচ ফজোরত হত্তে চারে?
এই ঈদে আমরা সব বন্ধুরা একরকম পাঞ্জাবি নিয়েছি,এই ঈদুত আঁরা বিয়াক বন্ধু একি রহম পাঞ্জাবি লই
"এখন কালুরঘাট ব্রিজের কাজ চলছে, তাই আপাতত ফেরি নিয়ে নদী পার হতে হবে","এহন হালুরঘাট ব্রিজুর হাজ চলের, এতেল্লে আপাতত ফেরি লই দইজ্জে ফার অন ফরিবু"
"এখন কালুরঘাট ব্রিজের কাজ চলছে, তাই আপাতত ফেরি নিয়ে নদী পার হতে হবে","এহন হালুরঘাট ব্রিজুর হাম চলের, এতেল্লে আপাতত ফেরি লই দইজ্জে ফার অন ফরিবু"
রক্তের সম্পর্কের টান সবচেয়ে বেশি হয়,রক্তোর সম্পর্কর টান বিয়াজ্ঞুনুত্তুন বেশি অয়
"তোর আব্বুর মাথা এখন গরম, তাই এখন ঘরে আসিস না","তোর বাফুর মাথা এহন গরম, এতেল্লে এহন ঘরুত ন আইস"
আপনি কি আমার কথা শুনছেন?,অঁনে কি আঁর হতা উইনতে লাইজ্ঞুন?
আপনি কি আমার কথা শুনছেন?,অঁনে কি আঁর হথা উইনতে লাইজ্ঞুন?
"তুই একদম আমাকে ভুলে গেছিস, একটা কল পর্যন্ত দেস না","তুই এব্বেরে আঁরে ভুলি গেইয়্যুস, উজ্ঞো কল পর্যন্ত নো দস"
"তুমি যদি একা যাও, তাহলে রাতের বাসে যেও না","তুঁই যদি এহেল্লে যও, তইলি রাতিয়ের বাসুত ন যাইয়্যু"
আমার থেকে একবার নিলে বারবার নিতে মন চাইবে,আত্তুন একবার লইলি বারবার লইতু মন চাইবু
একটু সামনে গিয়ে দেখ তো কেন এত জ্যাম লেগে আছে,এক্কানা সামনে যায় সা তো কিল্লে এত জ্যাম লাগি আছে
একটু সামনে গিয়ে দেখ তো কেন এত জ্যাম লেগে আছে,ইক্কিনি সামনে যায় সা তো কিল্লে এত জ্যাম লাগি আছে
বেশি দুষ্টামি না করে প্যান্টটা পরে নাও,বেশি যারগই ন গরি ফেন ইবে পরি লও
"আমার বমি আসবে মনে হচ্ছে, তোর কাছে আচার আছে?","আত্তুন বুমি আইবু মনে অর, তোর হাছে আচার আছে?"
আমার যখন মন খারাপ থাকে তখন আমি উঠোনে পুকুরের পাশে বসে থাকি,আত্তুন যহন মন হারাপ থাহে তহন আঁই উডোনোত ফইরোর পাশে বই থাহি
আমার যখন মন খারাপ থাকে তখন আমি উঠোনে পুকুরের পাশে বসে থাকি,আত্তুন যহন মন হারাপ থাহে তহন আঁই উডোনোত ফইরোর ডাহে বই থাহি
"ভাই, আপনি না এলে আজকের আড্ডাটা একদম জমত না","বদ্দা, অঁনে ন আইলি আজিয়ের আড্ডা ইয়েন একদম ন জইমতো"
"আচ্ছা ঠিক আছে, এসব নিয়ে আমি তোর সাথে তর্ক করতে চায় না","আইচ্ছে ঠিক আছে, এগিন লই রে আঁই তুর লগে তর্ক গইত্তাম ন চায়"
"আচ্ছা ঠিক আছে, এসব নিয়ে আমি তোর সাথে তর্ক করতে চায় না","আইচ্ছে ঠিক আছে, এগিন লই রে আঁই তুর ওয়ারে তর্ক গইত্তাম ন চায়"
"আচ্ছা ঠিক আছে, এসব নিয়ে আমি তোর সাথে তর্ক করতে চায় না","আইচ্ছে ঠিক আছে, এগিন লই রে আঁই তুর ফুয়ারে তর্ক গইত্তাম ন চায়"
তোমার ভাইকে বলিও আমাকে কিছু টাকা ধার দিতে,তোঁয়ার ভাইরে হইয়্যো আঁরে কিছু টিয়া উধোর দিতো
"অন্য কেউ হলে ১০০০ টাকা বলতাম, আপনাকে দেখে কম বললাম","অন্য কিয়াই অইলি ১০০০ টিয়া হইতাম, অঁনোরে দেহি হম হইলাম"
"গ্যাস শেষ হয়ে গেছে, তাই এখন মাটির চুলায় রান্না করতে হবে","গ্যাস শেষ অই গেইয়্যি, এতেল্লে এহন মেডির চুলোত রান্না গরন ফরিবু"
"তোর স্বভাব-চরিত্র আমার ভালো লাগছে না, দিন দিন খারাপ হয়ে যাচ্ছিস","তোর হাস্তা-হাসিলত আত্তুন গম ন লার, দিন দিন হারাফ অই যর"
"তোর স্বভাব-চরিত্র আমার ভালো লাগছে না, দিন দিন খারাপ হয়ে যাচ্ছিস","তোর হাস্তা-হাসিলত আত্তুন ভালা ন লার, দিন দিন হারাফ অই যর"
তুই না থাকলে আমি এতক্ষণে ঘুমিয়ে যেতাম,তুই ন থাহিলি আঁই এতক্ষনে ঘুমাই যেতাম
সারাদিন কম্পিউটারে বসে বসে কী করো?,আরাদিন কম্পিউটারোত বই বই কি গরো?
সারাদিন কম্পিউটারে বসে বসে কী করো?,ফুরোদিন কম্পিউটারোত বই বই কি গরো?
"যাদের মনে ময়লা আছে, তাদেরকে আমি পছন্দ করি না",যারার মনত হাছারা আছে ইতারারে আঁই পছন্দ ন গরি
হাঁটুতে ব্যথার কারণে সিঁড়ি বেয়ে উঠতে অনেক কষ্ট হচ্ছে,আডুর ব্যথার হারনে সিরি বাই উঠতে বত হষ্ট অর
"তোমাকে আমি অনেক বিশ্বাস করি, দয়া করে এমন করো না","তোঁয়ারে আঁই বত বিশ্বেস গরি, দয়া গরি এরহম ন গইজ্জো"
মানুষ নাকি দাঁত থাকতে দাঁতের মর্যাদা বুঝে না,মানুষ বলে দাত থাইকতে দাতোর মুইল্য ন বুঝে
ঢাকায় গিয়ে তো আমাদেরকে ভুলে গেছিস,ঢাহাত যায় রে তো আঁরারে ভুলি গেইয়্যুস
রাস্তায় জ্যাম হলে পাঠাও করে চলে আসো,রাস্তাত জ্যাম অইলি পাঠাও গরি চলি আইয়্যু
"স্যার, আমি কি আসতে পারি?","স্যার, আঁই কি আইত পারি?"
ভুল কি আমি একা করেছি?,ভুল কি আঁই এহেল্লে গইজ্জি?
আপনি কোন চিন্তা করিয়েন না,অঁনে হনো চিন্তে নগইজ্জোন
"আরে, ঘাড়ে মারিস না, বিরক্ত লাগে","আরে, ঘেডিত ন মারিস, বিরক্ত লাগে"
"ভাই, গাড়ি অন্য রাস্তা দিয়ে নিয়ে যান, শুনেছি এই রাস্তায় নাকি চোর-ডাকাতের ভয় আছে","বদ্দা, গারি অন্য রাস্তা দি লই যন, উইন্নি এই রাস্তাত নাকি চোর-ডাহাইতুর ডর আছে"
"কিরে, কী হয়েছে তোমার! তুমি কি আমার কোনো কথায় রাগ করেছো?","কিরে, কেন অইয়্যিদে তোঁয়াত্তন! তুঁই কি আঁর হনো হতাত গুসসা অইয়্যু?"
গরম কমলে তারপর কাঁঠাল খাব,গরম হমিলি তারপর হাট্টল হাইয়্যুম
"আমাদের পাড়ার কুকুরকে যা দেয় তাই খায়, কোনো বাছবিচার নেই","আঁরার পারার কুত্তো ইবেরে যিয়েন দি ইয়েন হায়, হনো বাছবিচের নেই"
"এগুলো ব্যবসার টাকা ভাই, এগুলো ধার দিতে পারব না","এগুন ব্যবসার টিয়া ভাই, এগুন উধোর দিত পাইত্তাম ন"
"তোকে বলেছিলাম জিনিস কম আনতে, এখন এত ভারী ব্যাগ নিয়ে পাহাড়ে উঠব কীভাবে?","তোরে হইলাম দে জিনিস হম আনিবের লাই, এহন এল্লেত ভারী ব্যাগ লই ফা'রুত উইট্টুম কেনে?"
"তোকে বলেছিলাম জিনিস কম আনতে, এখন এত ভারী ব্যাগ নিয়ে পাহাড়ে উঠব কীভাবে?","তোরে হইলাম দে জিনিস হম আনিবের লাই, এহন এতো ভারী ব্যাগ লই ফা'রুত উইট্টুম কেনে?"
"কিরে, তোর মন কোথায়? কার কাছে চলে গেছে?","কিরে, তোর মন হনডে? হার হাছে চলি গেইয়্যি?"
রাতের আকাশের তারা দেখতে দেখতে দুজনে গল্প করব,রাতিয়ের আকাশুর তারা চাইতে চাইতে দুনুজনে গল্প গইজ্জুম
"তুমি ঘুমাতে যাও, আজকে আমি পরিষ্কার করে দিচ্ছি","তুঁই ঘুমাইতো যও, আজিয়ে আঁই সাফ গরি দির"
"তুমি ঘুমাতে যাও, আজকে আমি পরিষ্কার করে দিচ্ছি","তুঁই ঘুমাইতো যও, আজিইয়্যে আঁই সাফ গরি দির"
"তুমি ঘুমাতে যাও, আজকে আমি পরিষ্কার করে দিচ্ছি","তুঁই ঘুমাইতো যও, আজিয়ে আঁই পরিষ্কার গরি দির"
কাজ না হলে টাকা ফেরত দিব,হাম ন অইলি টিয়া ফেরত দিয়্যুম
কাজ না হলে টাকা ফেরত দিব,হাজ ন অইলি টিয়া ফেরত দিয়্যুম
আমরা অনেক মানা করার পরও ড্রাইভার গাড়ি স্লো করেনি,আঁরা বত মানা গরনুর পরও ড্রাইভার গারি স্লো ন গরে
"সমস্যা নাই, আমি তোমার জন্য অপেক্ষা করব","সমস্যা নাই, আঁই তোঁয়ার লাই অপেক্ষা গইজ্জুম"
"আমাদের আগে থেকে হোটেল বুক করে ফেলতে হবে, না হলে ওখানে গিয়ে ঝামেলায় পড়ে যাব","আরাত্তুন আগুত্তোন হোটেল বুক গরি ফেলন ফরিবু, নইলি এনডে যাই ঝামিলেত ফরি যাইয়্যুম"
"আগামীকালও যদি এভাবে বৃষ্টি পড়ে, তাহলে টুরে যাব না",হালিয়েও যদি এল্লেত ঝর পরে তইলি টুরুত যাইতাম নো
"আগামীকালও যদি এভাবে বৃষ্টি পড়ে, তাহলে টুরে যাব না",হালিয়েও যদি এন গরি ঝর পরে তইলি টুরুত যাইতাম নো
"আগামীকালও যদি এভাবে বৃষ্টি পড়ে, তাহলে টুরে যাব না",হালিয়েও যদি এইল্লেত ঝর পরে তইলি টুরুত যাইতাম নো
"আগামীকালও যদি এভাবে বৃষ্টি পড়ে, তাহলে টুরে যাব না",হালিয়েও যদি ইল্লেত ঝর পরে তইলি টুরুত যাইতাম নো
সামির কোথায়? সে মাদরাসায় যাবে না আজ?,সামির হনডে? ইতে মাদরাসাত ন যাইবু আজিয়ে?
"ছোলার ডাল আর আনিও না, খেয়ে আমার পেট খারাপ হয়ে গেছে","চনাড্ডেইল আর ন আইন্নো, হাইয়্যিরে আঁর পেট হারাফ অই গেইয়্যি"
কেমন আছিস বন্ধু? ঢাকা থেকে কখন আসছোস?,কেন আছোস বন্ধু? ঢাহাত্তুন হত্তে আইস্যুস?
সারাদিন অফিসে কাজ করে বাড়ি ফিরলে শরীর আর চলতে চায় না,আরাদিন অফিসুত হাজ গরি বারি ফিরিলি শরীল আর চইলতো ন চায়
সারাদিন অফিসে কাজ করে বাড়ি ফিরলে শরীর আর চলতে চায় না,আরাদিন অফিসুত হাম গরি বারি ফিরিলি শরীল আর চইলতো ন চায়
সারাদিন অফিসে কাজ করে বাড়ি ফিরলে শরীর আর চলতে চায় না,ফুরোদিন অফিসুত হাজ গরি বারি ফিরিলি শরীল আর চইলতো ন চায়
সারাদিন অফিসে কাজ করে বাড়ি ফিরলে শরীর আর চলতে চায় না,আরাদিন অফিসুত হাজ গরি বারি ফিরিলি শরীর আর চইলতো ন চায়
"বাসে ঘুমানো ভালো না, টাকা-পয়সা আর ব্যাগ চুরি হয়ে যেতে পারে","বাসুত ঘুম যন ভালা ন, টিয়া-ফুইশে আর ব্যাগ চুরি অই যাইত পারে"
"বাসে ঘুমানো ভালো না, টাকা-পয়সা আর ব্যাগ চুরি হয়ে যেতে পারে","বাসুত ঘুম যন গম ন, টিয়া-ফুইশে আর ব্যাগ চুরি অই যাইত পারে"
সিএনজি নিয়ে মুরাদপুর থেকে নিউ মার্কেটে গেলে ভাড়া কত পড়বে?,সিএনজি লই মুরাদপুর উত্তুন নিউ মার্কেটুত গেলি ভারা হতো ফরিবু?
"কাজটা একটু কঠিন, যদি তুমি না চাও, তাহলে আমি তোমাকে জোর করব না","হাজ ইয়েন এক্কানা কঠিন, যদি তুঁই ন চও তইলি আঁই তোঁয়ারে জোর গইত্তাম নো"
"কাজটা একটু কঠিন, যদি তুমি না চাও, তাহলে আমি তোমাকে জোর করব না","হাজ ইয়েন ইক্কিনি কঠিন, যদি তুঁই ন চও তইলি আঁই তোঁয়ারে জোর গইত্তাম নো"
"কাজটা একটু কঠিন, যদি তুমি না চাও, তাহলে আমি তোমাকে জোর করব না","হাম ইয়েন এক্কানা কঠিন, যদি তুঁই ন চও তইলি আঁই তোঁয়ারে জোর গইত্তাম নো"
"এবার ঈদের বাজার জহুর মার্কেট থেকে করব, ওখানে জিনিস একটু সস্তা দামে পাওয়া যায়","এবার ঈদুর বাজার জহুর মার্কেটুত্তুন গইজ্জুম, এনডে জিনিস এক্কানা অস্তা দামে পা যায়"
"এবার ঈদের বাজার জহুর মার্কেট থেকে করব, ওখানে জিনিস একটু সস্তা দামে পাওয়া যায়","এবার ঈদুর বাজার জহুর মার্কেটুত্তুন গইজ্জুম, এনডে জিনিস ইক্কিনি অস্তা দামে পা যায়"
সারাদিন বন্ধুদের সাথে ঘুরাঘুরি করলে পড়ালেখা কখন করবে?,আরাদিন বন্ধু অক্কলোর লগে ঘুরাঘুরি গরিলি পরালেহা হত্তে গরিবে?
সারাদিন বন্ধুদের সাথে ঘুরাঘুরি করলে পড়ালেখা কখন করবে?,আরাদিন বন্ধু অক্কলোর ওয়ারে ঘুরাঘুরি গরিলি পরালেহা হত্তে গরিবে?
সারাদিন বন্ধুদের সাথে ঘুরাঘুরি করলে পড়ালেখা কখন করবে?,আরাদিন বন্ধু অক্কলোর ফুয়ারে ঘুরাঘুরি গরিলি পরালেহা হত্তে গরিবে?
সারাদিন বন্ধুদের সাথে ঘুরাঘুরি করলে পড়ালেখা কখন করবে?,ফুরোদিন বন্ধু অক্কলোর লগে ঘুরাঘুরি গরিলি পরালেহা হত্তে গরিবে?
"আপনি যে দাম বলেছেন, আমার মুখ দিয়ে তো আর কথা বের হচ্ছে না","অঁনে যে দাম হইয়্যুন, আঁর মুখুদ্দি তো আর হতা বাইর ন অর"
"আপনি যে দাম বলেছেন, আমার মুখ দিয়ে তো আর কথা বের হচ্ছে না","অঁনে যে দাম হইয়্যুন, আঁর মুখুদ্দি তো আর হথা বাইর ন অর"
"এটা আমার বন্ধুর দোকান, সবাই এখান থেকে বাজার করিস","ইয়েন আঁর বন্ধুর দোয়ান, বিয়াজ্ঞুন এত্তুন বাজার গরিস"
"এটা আমার বন্ধুর দোকান, সবাই এখান থেকে বাজার করিস","ইয়েন আঁর বন্ধুর দোয়ান, বেজ্ঞুন এত্তুন বাজার গরিস"
আপনাদের অনলাইন শপে অর্ডার করেছিলাম কিন্তু তিন দিন পরেও ডেলিভারি পাইনি,অঁনোরার অনলাইন শ'পুত অর্ডার গইজ্জিলাম কিন্তু তিন দিন পরও ডেলিভারি ন পাই
জুতাগুলো পাপোসের উপর রাখো,জুতা এগিন ফাফোসুর উদ্দি রাহো
"কিছুদিন কাপড় ধুতে হয়নি, তাই গায়ের ব্যথা একটু কমেছে","কিছুদিন হর ধুঅন ন পরে, এতেল্লে গা'আর ব্যথা এক্কানা হইম্মি"
"কিছুদিন কাপড় ধুতে হয়নি, তাই গায়ের ব্যথা একটু কমেছে","কিছুদিন হর ধুঅন ন পরে, এতেল্লে গা'আর ব্যথা ইক্কিনি হইম্মি"
স্বভাব চরিত্র তো সব তোর ভাইয়ের মতো হয়েছে,হাস্তা হাসিলত তো বিয়াক তুর ভাইয়ুর মতন অইয়্যি
আজকে নিউ মার্কেট থেকে একটা পাঞ্জাবি কিনেছি,আজিয়ে নিউ মার্কেটুত্তুন উজ্ঞো পাঞ্জাবি কিন্নি
আজকে নিউ মার্কেট থেকে একটা পাঞ্জাবি কিনেছি,আজিইয়্যে নিউ মার্কেটুত্তুন উজ্ঞো পাঞ্জাবি কিন্নি
"আগামীকাল থেকে হরতাল, সেজন্য গাড়ি চলবে না","হালিয়েত্তুন অরতাল, এতেল্লে গারি ন চলিবু"
"এমন একটা যুগে এসেছি, যে যুগে নিজের চরিত্র ঠিক রাখা অনেক কঠিন","এন এক্কান যুগুত আইসসি, যে যুগুত নিজুর চরিত্র ঠিক রাহন বত কঠিন"
"আম্মু, আমার জন্য একটু ভাত বেড়ে দাও, অনেক ক্ষুধা লেগেছে","আম্মু, আঁর লাই এক্কানা ভাত বারি দও, বত ভুক গেইজ্ঞি"
"আম্মু, আমার জন্য একটু ভাত বেড়ে দাও, অনেক ক্ষুধা লেগেছে","আম্মু, আঁর লাই ইক্কিনি ভাত বারি দও, বত ভুক গেইজ্ঞি"
পাহাড়ে বেশি ওপরে ওঠা ঠিক হবে না,ফা'রুত বেশি উরে উডন ঠিক ন অইবু
"আমাদের জীবনটা অনেক ছোট, তাই যতদিন বেঁচে আছি ভালো কাজ করা দরকার","আঁরার জীবন ইয়েন বত ছোডো, এতেল্লে যতদিন বাছি আছি ভালা হাজ গরন দরহার"
"আমাদের জীবনটা অনেক ছোট, তাই যতদিন বেঁচে আছি ভালো কাজ করা দরকার","আঁরার জীবন ইয়েন বত ছোডো, এতেল্লে যতদিন বাছি আছি গম হাজ গরন দরহার"
"আমাদের জীবনটা অনেক ছোট, তাই যতদিন বেঁচে আছি ভালো কাজ করা দরকার","আঁরার জীবন ইয়েন বত ছোডো, এতেল্লে যতদিন বাছি আছি ভালা হাম গরন দরহার"
"আমার ডায়াবেটিস বেড়ে গেছে, আবার নিয়ন্ত্রণে আনতে হবে","আঁর ডায়বেটিস বারি গেইয়্যি, আবার নিয়ন্ত্রনুত আনন ফরিবু"
আমি তোকে নিষেধ করার পরও ওখানে কেন গেলি?,আঁই তোরে মানা গরিবের পরও অনডে কিল্লে গেলি?
"দোকান আরেকটায় দেখেছি দাম অনেক কম, তুমি এত বেশি কেন নিচ্ছো?","দোয়ান আরেক্কান উত চাইলাম দাম বত হম, তুঁই এল্লেত বেশি কা লর?"
"দোকান আরেকটায় দেখেছি দাম অনেক কম, তুমি এত বেশি কেন নিচ্ছো?","দোয়ান আরেক্কান উত চাইলাম দাম বত হম, তুঁই এতো বেশি কা লর?"
"লোকাল বাসে উঠলে এই সমস্যা, জায়গায় জায়গায় দাঁড়িয়ে থাকে","লোকাল বাসুত উডিলি এই সমস্যা, জাগাত জাগাত থিয়েই থাহে"
"আমারগুলো একদম টাটকা সবজি, কিছুক্ষণ আগেই ক্ষেত থেকে এনেছি","আঁর এগিন একদম টাটকা সবজি, এক্কানা আগেই ক্ষেতিত্তুন এইন্নি"
এই গরমের দিনে বেশি করে পানি পান করুন এবং যথাসম্ভব বাইরের রোদ এড়িয়ে চলুন,এই গরোমর দিনোত বেশি গরি পানি হন আর যেদ্দুর পারন বাদ্দির রইদুত্তুন দূরে থাহন
"বাচ্চাদের পরীক্ষা সামনে, এমন সময় ঘরে টিভি আনার কী দরকার ছিল?","বাইচ্চে অক্কলুর পরীক্ষে সাম্মোদ্দি, এন সমত ঘরুত টিভি আনিবের কি দরহার আছিল?"
দারোয়ানের ভাব দেখে মনে হচ্ছে যেন বাসার মালিক,দারোওয়ানুর ভাব দেহি মনে অদ্দে যেন বাসার মালিক
"এরা নৌকা ভাড়া বেশি চাচ্ছে, চল আমরা অন্য নৌকা দেখি","ইতারা নৌকো ভারা বেশি চার, চল আঁরা অন্য নৌকো চায়"
"আজকে আর কোনো ঢাকার বাস বাকি নেই, সবগুলো চলে গেছে","আজিয়ে আর হনো ঢাহার বাস বাকি নেই, বিয়াজ্ঞিন চলি গেইয়্যি"
"আজকে আর কোনো ঢাকার বাস বাকি নেই, সবগুলো চলে গেছে","আজিইয়্যে আর হনো ঢাহার বাস বাকি নেই, বিয়াজ্ঞিন চলি গেইয়্যি"
"প্রতিদিন সকালে উঠে চিন্তা করি যে আজকে সারাদিন অনেক কাজ করব, কিন্তু কাজের কাজ কিছুই হয় না","ফইত্তুদিন বেইন্নে উডি চিন্তে গরিদি আজিয়ে আরাদিন বত হাম গইজ্জুম, কিন্তু হাজুর হাজ কিছুই ন অয়"
"প্রতিদিন সকালে উঠে চিন্তা করি যে আজকে সারাদিন অনেক কাজ করব, কিন্তু কাজের কাজ কিছুই হয় না","ফইত্তুদিন ফজোরত উডি চিন্তে গরিদি আজিয়ে আরাদিন বত হাম গইজ্জুম, কিন্তু হাজুর হাজ কিছুই ন অয়"
"প্রতিদিন সকালে উঠে চিন্তা করি যে আজকে সারাদিন অনেক কাজ করব, কিন্তু কাজের কাজ কিছুই হয় না","ফইত্তুদিন বেইন্নে উডি চিন্তে গরিদি আজিইয়্যে আরাদিন বত হাম গইজ্জুম, কিন্তু হাজুর হাজ কিছুই ন অয়"
"প্রতিদিন সকালে উঠে চিন্তা করি যে আজকে সারাদিন অনেক কাজ করব, কিন্তু কাজের কাজ কিছুই হয় না","ফইত্তুদিন বেইন্নে উডি চিন্তে গরিদি আজিয়ে আরাদিন বত হাম গইজ্জুম, কিন্তু হাজুর হাম কিছুই ন অয়"
"প্রতিদিন সকালে উঠে চিন্তা করি যে আজকে সারাদিন অনেক কাজ করব, কিন্তু কাজের কাজ কিছুই হয় না","ফইত্তুদিন বেইন্নে উডি চিন্তে গরিদি আজিয়ে ফুরোদিন বত হাম গইজ্জুম, কিন্তু হাজুর হাজ কিছুই ন অয়"
"এটা কি একদাম, নাকি কম হবে?","ইবে কি একদাম, নাকি হম অইবু?"
"ভাই, এটা একদম অরিজিনাল গার্মেন্টসের মাল","বদ্দা, ইবে একদম অরিজিনাল গার্মেন্টস উর মাল"
শীতকালে ঠান্ডা পানি খেলে গলা ব্যথা হয়ে যাবে,শীতহালে ঠান্ডা পানি হাইলি গলা ব্যথা অই যাইবু
"ভাবি, মনে হয় বেশি টেনশন দেই, মাথার চুল তো সব পড়ে যাচ্ছে","ভাবি মনে অয় বেশি টেনশন দেই, মাথার চুল তো বিয়াক পরি যার"
"আজকে সকালে উঠেই বমি বমি ভাব লাগছে, কিছু খেতে পারছি না","আজিয়ে বেইন্নে উডিই বুমি বুমি ভাব লাগের, কিছু হাইত ন পারির"
"আজকে সকালে উঠেই বমি বমি ভাব লাগছে, কিছু খেতে পারছি না","আজিয়ে ফজোরত উডিই বুমি বুমি ভাব লাগের, কিছু হাইত ন পারির"
"আজকে সকালে উঠেই বমি বমি ভাব লাগছে, কিছু খেতে পারছি না","আজিইয়্যে বেইন্নে উডিই বুমি বুমি ভাব লাগের, কিছু হাইত ন পারির"
"আজকে সেহরি খাওয়ার জন্য উঠতে পারিনি, সেজন্য কিছু না খেয়ে রোজা রেখেছি","আজিয়ে সেহেরি হাইবের লাই উডিত ন ফারি, এতেল্লে কিছু ন হাই রোজা রাইক্কি"
"আজকে সেহরি খাওয়ার জন্য উঠতে পারিনি, সেজন্য কিছু না খেয়ে রোজা রেখেছি","আজিইয়্যে সেহেরি হাইবের লাই উডিত ন ফারি, এতেল্লে কিছু ন হাই রোজা রাইক্কি"
"মা, আমার জামাটা একটু ইস্ত্রি করে রাখো, কাল পরতে হবে","মা, আঁর হুত্তা ইবে এক্কানা ইস্ত্রি গরি রাহো, হালিয়ে পরন ফরিবু"
"মা, আমার জামাটা একটু ইস্ত্রি করে রাখো, কাল পরতে হবে","মা, আঁর হুত্তা ইবে ইক্কিনি ইস্ত্রি গরি রাহো, হালিয়ে পরন ফরিবু"
"খালাম্মা নাকি বেড়াতে গেছেন, আমার সাথে যেতে পারবেন না","হালাম্মা বলে বেরাইতু গেইয়্যি, আঁর লগে যাইত ন ফারিবু"
"খালাম্মা নাকি বেড়াতে গেছেন, আমার সাথে যেতে পারবেন না","হালাম্মা বলে বেরাইতু গেইয়্যি, আঁর ওয়ারে যাইত ন ফারিবু"
"খালাম্মা নাকি বেড়াতে গেছেন, আমার সাথে যেতে পারবেন না","হালাম্মা বলে বেরাইতু গেইয়্যি, আঁর ফুয়ারে যাইত ন ফারিবু"
আমার তাড়াতাড়ি কিছু একটা করতে হবে,আত্তুন তারাতারি কিছু এক্কান গরন ফরিবু
আমার তাড়াতাড়ি কিছু একটা করতে হবে,আত্তুন হারা কিছু এক্কান গরন ফরিবু
আমার তাড়াতাড়ি কিছু একটা করতে হবে,আত্তুন জলদি কিছু এক্কান গরন ফরিবু
তোর শাশুড়ি তো ফোন ধরে না,তুর অরি তো ফোন ন ধরে
মেহমানদের বারান্দায় বসতে দাও এবং দরজার পর্দাটা টেনে দাও,মেমান অক্কলোরে বারান্দাত বইসতো দ আর দরজার পর্দাগান টানি দ
মেহমানদের বারান্দায় বসতে দাও এবং দরজার পর্দাটা টেনে দাও,গরবা অক্কলোরে বারান্দাত বইসতো দ আর দরজার পর্দাগান টানি দ
বাগানের কিছু কাজ এখনো বাকি আছে,বাগানোর কিছু হাম এহনো বাকি আছে
বাগানের কিছু কাজ এখনো বাকি আছে,বাগানোর কিছু হাজ এহনো বাকি আছে
বাগানের কিছু কাজ এখনো বাকি আছে,বাগানোর কিছু হাম এইজু বাকি আছে
তোমার কথা শুনে আমার বুকে ব্যাথা শুরু হয়ে গেছে,তোঁয়ার হতা উনি রে আঁর বুকোত ব্যাথা শুরু অই গেইয়্যি
তোমার কথা শুনে আমার বুকে ব্যাথা শুরু হয়ে গেছে,তোঁয়ার হথা উনি রে আঁর বুকোত ব্যাথা শুরু অই গেইয়্যি
"আপনি একটু বসুন, আমি চা নিয়ে আসছি","অঁনে এক্কানা বইয়্যুন, আঁই চা লই আইর"
"আপনি একটু বসুন, আমি চা নিয়ে আসছি","অঁনে এক্কানা বইয়্যুন, আঁই চা লই আইয়্যির"
"আপনি একটু বসুন, আমি চা নিয়ে আসছি","অঁনে ইক্কিনি বইয়্যুন, আঁই চা লই আইর"
কাজের চাপ বেশি ছিল বলে তোমার ফোন ধরতে পারিনি,হাজুর চাপ বেশি আছিল দি এতেল্লে তোঁয়ার ফোন ধরিত ন ফারি
"আচ্ছা তুমি কাজ শেষ কর, আমি বাইরে অপেক্ষা করছি","আইচ্ছে তুঁই হাজ শেষ গরো, আঁই বাদ্দি অপেক্ষা গরির"
"আচ্ছা তুমি কাজ শেষ কর, আমি বাইরে অপেক্ষা করছি","আইচ্ছে তুঁই হাম শেষ গরো, আঁই বাদ্দি অপেক্ষা গরির"
"আচ্ছা তুমি কাজ শেষ কর, আমি বাইরে অপেক্ষা করছি","আইচ্ছে তুঁই হাজ শেষ গরো, আঁই বাইরে অপেক্ষা গরির"
কি হয়েছে! কি হয়েছে জানিস না?,কি অইয়্যি দে! কি অইয়্যি দে ন জানোস?
এখানের দোকানদারগুলো সব সিন্ডিকেট,এনডের দোয়ানদার এগুন বিয়াক সিন্ডিকেট
"আমাদের এবার সময় কম, তাই সিলেবাস ছোট রাখলে ভালো হবে","আঁরার এবার সময় হম, এতেল্লে সিলেবাস ছোডো রাহিলি ভালা অইবু"
"আমাদের এবার সময় কম, তাই সিলেবাস ছোট রাখলে ভালো হবে","আঁরার এবার সময় হম, এতেল্লে সিলেবাস ছোডো রাহিলি গম অইবু"
"কয়েকদিন ধরে ঠিকমতো ঘুম হচ্ছে না, শরীর একদম ভেঙে পড়েছে","হয়েকদিন ধরি ঠিকমতো ঘুম ন অর, শরীল এব্বেরে ভাঙি ফইজ্জি"
"কয়েকদিন ধরে ঠিকমতো ঘুম হচ্ছে না, শরীর একদম ভেঙে পড়েছে","হয়েকদিন ধরি ঠিকমতো ঘুম ন অর, শরীর এব্বেরে ভাঙি ফইজ্জি"
"আগামীকাল যদি রোদ থাকে, তাহলে মাঠের ধান কেটে রোদে শুকানো যাবে","হালিয়ে যদি রইদ থাহে, তইলি মাডোর ধান হাডি রইদুত ফোওয়োন যাইবু"
আমার মাথায় একটা বুদ্ধি আসছে,আঁর মাথাত এক্কান বুদ্ধি আইসসি
দীর্ঘদিন পর আপনাকে দেখে সত্যিই খুব ভালো লাগল,বতদিন পর অঁনোরে দেহি সত্যিই বত ভালা লাইজ্ঞি
দীর্ঘদিন পর আপনাকে দেখে সত্যিই খুব ভালো লাগল,বতদিন পর অঁনোরে দেহি সত্যিই বত গম লাইজ্ঞি
"শুনলাম যারা সমুদ্রে মাছ ধরতে যায়, তাদেরকে অনেক সময় ডাকাতের কবলে পড়তে হয়","উইন্নি যারা সাগরুত মাছ ধইত্তো যায়, ইতারারে বত সময় ডাহাইতুর কবল উত ফরন ফরে"
"এটা আমার জন্য নিয়েছি, এটা আমি কাউকে দেব না","ইবে আঁর লাই লই, ইবে আঁই কিয়ারে দিতাম নো"
তোকে এত ওপরে কে উঠতে বলছে?,তোরে এল্লেত উরে হনে উইঠতো হইয়্যি দে?
তোকে এত ওপরে কে উঠতে বলছে?,তোরে এতো উরে হনে উইঠতো হইয়্যি দে?
আমি সামনের মাসে হয়তো দেশের বাহিরে চলে যাব,আঁই সামনুর মাসুত হয়তো দেশুর বাইরে চলি যাইয়্যুম
এরকম রোদে বের হলে কালো হয়ে যাব,এরহম রইদোত বাইর অইলি হালা অই যাইয়্যুম
তোমার দিনকাল কেমন যাচ্ছে?,তোঁয়ার দিনহাল কেন যার?
নদীর পানি ধীরে ধীরে ওপরে উঠছে,দইজ্জের পানি আস্তে আস্তে উরে উডের
"ঝাল অনেক বেশি হয়েছে, একটু পানি দাও","ঝাল বত বেশি অইয়্যি, এক্কানা পানি দ"
"ঝাল অনেক বেশি হয়েছে, একটু পানি দাও","ঝাল বত বেশি অইয়্যি, ইক্কিনি পানি দ"
"পাশের বাড়ির ফাহিম কত ভালো রেজাল্ট করেছে, ওর পা ধুয়ে পানি খা","পাশুর বারির ফাহিম হত ভালা রেজাল্ট গইজ্জি, ইতের টেং ধুই পানি হা"
"পাশের বাড়ির ফাহিম কত ভালো রেজাল্ট করেছে, ওর পা ধুয়ে পানি খা","পাশুর বারির ফাহিম হত গম রেজাল্ট গইজ্জি, ইতের টেং ধুই পানি হা"
সারাদিন ফোনের দিকে তাকিয়ে থাকলে তো চোখ এমনিতেই নষ্ট হয়ে যাবে,আরাদিন ফোনুর মিক্কে চাই থাহিলি তো চোখ এনেই নষ্ট অই যাইবু
সারাদিন ফোনের দিকে তাকিয়ে থাকলে তো চোখ এমনিতেই নষ্ট হয়ে যাবে,ফুরোদিন ফোনুর মিক্কে চাই থাহিলি তো চোখ এনেই নষ্ট অই যাইবু
কালো রঙের থ্রি-পিস তোমাকে অনেক মানাবে,হালা রঙ উর থ্রি-পিস তোঁয়ারে বত মানাইবু
"অর্ধেক কাজ করেই যেভাবে হাঁপিয়ে উঠেছি, বাকি কাজ কখন শেষ করব কে জানে","অদ্ধক হাজ গরিই যেন গরি হাপাই উইট্টি, বাকি হাজ হত্তে শেষ গইজ্জুম হনে জানে"
"অর্ধেক কাজ করেই যেভাবে হাঁপিয়ে উঠেছি, বাকি কাজ কখন শেষ করব কে জানে","অদ্ধক হাম গরিই যেন গরি হাপাই উইট্টি, বাকি হাজ হত্তে শেষ গইজ্জুম হনে জানে"
জমিদার আংকেল বলছে ব্যাচেলর ভাড়া দেবে না,জমিদার আংকেল হইয়্যি ব্যাচেলার ভারা দিতু ন
তুমি একটু মামুনের সাথে যাও,তুই এক্কানা মামুনোর লগে যো
তুমি একটু মামুনের সাথে যাও,তুই ইক্কিনি মামুনোর লগে যো
তুমি একটু মামুনের সাথে যাও,তুই এক্কানা মামুনোর ওয়ারে যো
তুমি একটু মামুনের সাথে যাও,তুই এক্কানা মামুনোর ফুয়ারে যো
"শসাগুলোর দাম বেশি বলেছেন, আরেকটু কমিয়ে রাখেন","শসা এগুনুর দাম বেশি হইতে হইয়্যুন, আরেক্কানা হমাই রাহন"
দরজা খুলে দেখি একটা সুন্দরী মেয়ে দাঁড়িয়ে আছে,দরজা খুলি দেহি উজ্ঞো সুন্দরী মেইফুওয়া থিয়েই আছে
ছোটবেলায় আম্মু মাথায় তেল দিয়ে চুল আঁচড়ে দিতেন,গুরো থাকতে আম্মু মাথাত তেল দি চুল আঁচুরি দিতো
কি হয়েছে? চুপ করে কেন আছো?,কি অইয়্যি দে? চুপ গরি কা আছো?
"মিথ্যা বলবে নাকি সত্যি বলবে, সিদ্ধান্ত নাও","মিছে হইবে নাকি আ'ছা হইবে, সিদ্ধান্ত লও"
"এটা আমার ভালো লাগছে না, এটা এখান থেকে নিয়ে যাও","ইয়েন আত্তুন ভালা ন লার, ইয়েন এত্তুন লই যও"
"এটা আমার ভালো লাগছে না, এটা এখান থেকে নিয়ে যাও","ইয়েন আত্তুন গম ন লার, ইয়েন এত্তুন লই যও"
কতগুলো নতুন কাপড় নিতে হবে,হদোজ্ঞুন নতুন হর লন ফরিবু
মানুষটা সারাদিন মাঠে কাজ করে,মানুষ ইবে আরাদিন মাডোত হাজ গরে
মানুষটা সারাদিন মাঠে কাজ করে,মানুষ ইবে আরাদিন মাডোত হাম গরে
মানুষটা সারাদিন মাঠে কাজ করে,মানুষ ইবে ফুরোদিন মাডোত হাজ গরে
ব্যবসা করতে চাইলে অভিজ্ঞতা লাগে,ব্যবসা গইত্তো চাইলি অভিজ্ঞতা লাগে
ওকে দেখে আমার চোরের মতো লাগে,ইতেরে দেহি আত্তুন চোরুর মতন লাগে
"তোমার বাড়ি তো এই রাস্তা দিয়ে না, তাহলে এই রাস্তায় কী করছ?","তোঁয়ার বারি তো রাস্তা ইবে দি নো, তইলি এই রাস্তাত কি গরের?"
"আমার খালাতো ভাই মিজান অনেক দুষ্টু, ছোটবেলায় ওর সাথে অনেক ঝগড়া হতো","আঁর হালতু ভাই মিজান বত জারগো, গুরো থাকতে ইতের লগে বত হইজ্জে অইতু"
"আমার খালাতো ভাই মিজান অনেক দুষ্টু, ছোটবেলায় ওর সাথে অনেক ঝগড়া হতো","আঁর হালতু ভাই মিজান বত জারগো, গুরো থাকতে ইতের ওয়ারে বত হইজ্জে অইতু"
"আমার খালাতো ভাই মিজান অনেক দুষ্টু, ছোটবেলায় ওর সাথে অনেক ঝগড়া হতো","আঁর হালতু ভাই মিজান বত জারগো, গুরো থাকতে ইতের ফুয়ারে বত হইজ্জে অইতু"
"আবহাওয়া আজ একটু ঠাণ্ডা, এডজাস্ট করতে না পারলে জ্যাকেটটা পরে নিলে ভালো হয়","আবাহাওয়া আজিয়ে এক্কানা ঠাণ্ডা, এডজাস্ট গরিত ন পারিলি জ্যাকেট ইবে পরি লইলি ভালা অই"
"আবহাওয়া আজ একটু ঠাণ্ডা, এডজাস্ট করতে না পারলে জ্যাকেটটা পরে নিলে ভালো হয়","আবাহাওয়া আজিয়ে এক্কানা ঠাণ্ডা, এডজাস্ট গরিত ন পারিলি জ্যাকেট ইবে পরি লইলি গম অই"
"আবহাওয়া আজ একটু ঠাণ্ডা, এডজাস্ট করতে না পারলে জ্যাকেটটা পরে নিলে ভালো হয়","আবাহাওয়া আজিয়ে ইক্কিনি ঠাণ্ডা, এডজাস্ট গরিত ন পারিলি জ্যাকেট ইবে পরি লইলি ভালা অই"
শীতকালের দিন তাড়াতাড়ি চলে যায়,শীতহাইল্লে দিন তারাতারি চলি যায়
শীতকালের দিন তাড়াতাড়ি চলে যায়,শীতহাইল্লে দিন হারা চলি যায়
শীতকালের দিন তাড়াতাড়ি চলে যায়,শীতহাইল্লে দিন জলদি চলি যায়
"জার্মানি ব্রাজিলকে সাত গোল দিয়েছিল, সেজন্য ব্রাজিলকে সেভেন আপ বলে","জার্মানি ব্রাজিল উরে সাত গোল দিইয়্যিল, এতেল্লে ব্রাজিল উরে সেভেন আপ হয়"
হাঁস গুলোর দাম কত ভাই?,আঁস এগুনোর দাম হত বদ্দা?
ছোটবেলায় প্রতিদিন রাতে আব্বু আমাদেরকে গল্প শোনাত,গুরো থাকতে ফইত্তোদিন রাতিয়ে আব্বু আঁরারে গল্প উনাইতু
আসমান আর জমিন সবকিছু আল্লাহ সৃষ্টি করেছেন,আসমান আর জবিন বিয়াক কিছু আল্লাহ সৃষ্টি গইজ্জি
"আমার পরিচিত মানুষ আছে, আমি তাদের সাথে কথা বলব","আত্তুন পরিচিত মানুষ আছে, আঁই ইতারার লগে হতা হইয়্যুম"
"আমার পরিচিত মানুষ আছে, আমি তাদের সাথে কথা বলব","আত্তুন পরিচিত মানুষ আছে, আঁই ইতারার ওয়ারে হতা হইয়্যুম"
"আমার পরিচিত মানুষ আছে, আমি তাদের সাথে কথা বলব","আত্তুন পরিচিত মানুষ আছে, আঁই ইতারার ফুয়ারে হতা হইয়্যুম"
"আমার পরিচিত মানুষ আছে, আমি তাদের সাথে কথা বলব","আত্তুন পরিচিত মানুষ আছে, আঁই ইতারার লগে হথা হইয়্যুম"
হতাশ হয়ে বসে না থেকে কাজ কর,হতাশ অইয়্যিরে বই ন থাহি হাম গরো
হতাশ হয়ে বসে না থেকে কাজ কর,হতাশ অইয়্যিরে বই ন থাহি হাজ গরো
"মসজিদে গিয়ে নামাজ পড়ে আসো, দেখবে মন ভালো হয়ে যাবে","মসইদুত যাই নামাজ ফরি আইয়্যো, দেহিবে মন ভালা অই যাইবু"
"মসজিদে গিয়ে নামাজ পড়ে আসো, দেখবে মন ভালো হয়ে যাবে","মসইদুত যাই নামাজ ফরি আইয়্যো, দেহিবে মন গম অই যাইবু"
এবার আমাদের জমিতে অনেক কৃষক কাজ করছেন,এবার আঁরার জবিনুত বত কৃষক হাজ গরের
এবার আমাদের জমিতে অনেক কৃষক কাজ করছেন,এবার আঁরার জবিনুত বত কৃষক হাম গরের
"সবকিছুর শুরু যেমন আছে, শেষও তেমনই আছে","বিয়াক কিছুর শুরু যেল্লেত আছে, শেষও এল্লেত আছে"
খাওয়ার পর থালাবাসন ধোয়ে রান্নাঘরটা পরিষ্কার করে রাখিও,হন'উর পর বাসনহুটারা ধুয় রে বসহানা ইয়েন পরিষ্কার গরি রাইক্কো
খাওয়ার পর থালাবাসন ধোয়ে রান্নাঘরটা পরিষ্কার করে রাখিও,হন'উর পর বাসনহুটারা ধুয় রে পাকঘর ইয়েন পরিষ্কার গরি রাইক্কো
খাওয়ার পর থালাবাসন ধোয়ে রান্নাঘরটা পরিষ্কার করে রাখিও,হন'উর পর বাসনহুটারা ধুয় রে রান্নাঘর ইয়েন পরিষ্কার গরি রাইক্কো
খাওয়ার পর থালাবাসন ধোয়ে রান্নাঘরটা পরিষ্কার করে রাখিও,হন'উর পর বাসনহুটারা ধুয় রে বসহানা ইয়েন সাফ গরি রাইক্কো
"এত টাকা খরচ করে বিদেশ ঘুরতে যাওয়ার দরকার নেই, আমরা দেশে কোনো একটা সুন্দর জায়গায় ঘুরে আসতে পারি","এতো টিয়া হরচ গরি বিদেশ ঘুইত্তো যাইবের দরহার নেই, আঁরা দেশুত হনো এক্কান সুন্দর জাগাত ঘুরি আইত ফারি"
"এত টাকা খরচ করে বিদেশ ঘুরতে যাওয়ার দরকার নেই, আমরা দেশে কোনো একটা সুন্দর জায়গায় ঘুরে আসতে পারি","এল্লেত টিয়া হরচ গরি বিদেশ ঘুইত্তো যাইবের দরহার নেই, আঁরা দেশুত হনো এক্কান সুন্দর জাগাত ঘুরি আইত ফারি"
বৃষ্টিতে ভিজে ঘরে গেলে আম্মু অনেক বকা দেবে,ঝরুত ভিজি ঘরুত গেলি আম্মু বত বকা দিবু
আপনি ভালো আছেন ম্যাম? ,অঁনে গম আছন ম্যাম?
আপনি ভালো আছেন ম্যাম? ,অঁনে ভালা আছন ম্যাম?
"আমার কোন দোষ নাই, এটা আমি করি নাই","আঁর হনো দোষ নাই, ইয়েন আঁই ন গরি"
এখন সন্ধ্যা হয়ে গেছে,এহন আজুইন্নে অই গেইয়্যি
"ভাইয়া, এগুলো একদম ফ্রেশ তরকারি, কোনো ফরমালিন দিইনি","বদ্দা, এগিন একদম ফ্রেশ তরহারি, হনো ফরমালিন ন দিই"
ঢাকা থেকে খুলনা যেতে ট্রেনে এবং বাসে কোনটায় কম সময় লাগে?,ঢাহাত্তুন খুলনা যাইতে ট্রেনুত এবং বাসুত হন্নানুত হম সময় লাগে?
"আমি তোমাকে আটকে রাখতে চাই না, তোমার চলে যেতে মন চাইলে চলে যেতে পার","আঁই তোঁয়ারে আটকাই রাইখতাম ন চাই, তোঁয়াত্তুন চলি যাইতু মন চাইলি চলি যাইত পারো"
এত কষ্ট পাওয়ার পরও কেন মানুষ প্রেমে পড়ে?,এদিজ্ঞিন হষ্ট ফাইবের পরও কেনে মাইনষে প্রেমুত পরে?
যাওয়ার সময় আমাকে কিছু বলে যায়নি,যাইবের সমত আঁরে কিছু হই ন যায়
আমার কাছে সুন্দর একটা বিড়াল আছে,আঁর হাছে সুন্দর উজ্ঞো বিলেই আছে
"প্রেম করিও না, প্রেম করলে তোমার সুন্দর জীবনটা নষ্ট হয়ে যাবে","প্রেম ন গইজ্জো, প্রেম গরিলি তোঁয়ার সুন্দর জীবন ইয়েন নষ্ট অই যাইবু"
"আমি একা যেতে পারব, সমস্যা নাই","আঁই এহেল্লে যাইত পাইজ্জুম, সমস্যা নেই"
"তুমি অনেক পরিবর্তন হয়ে গেছো, আমাকে আর আগের মতো ভালোবাসো না","তুঁই বত বদলাই গেইয়্যু, আঁরে আর আগোর মতন ভালো নবাসো"
"তোদের দুজনের মধ্যে কী সমস্যা, সবসময় ঝগড়া কেন করিস?","তুরা দুনুজনুর মাঝে কী সমাস্যা, সবসময় হইজ্জে কা গরস?"
"এটা কিনেছি বেশিদিন হয়নি, সেজন্য এখন বিক্রি করব না","ইবে কিন্নি বেশিদিন ন অর, এতেল্লে এহন বেইছতাম নো"
অনেক পড়া জমে আছে,বত পরা জমি আছে
আমার এখনো অনেক কাজ বাকি,আঁর এহনো বত হাম বাকি
আমার এখনো অনেক কাজ বাকি,আঁর এহনো বত হাজ বাকি
আমার এখনো অনেক কাজ বাকি,আঁর এইজু বত হাম বাকি
"আমি কফি খাই, তুমি কী করো?","আঁই কপি হাইর, তুঁই কি গরো?"
"আমি গত সপ্তাহে এখান থেকে একটা শার্ট কিনেছিলাম, কিন্তু সেটা একবার ধোয়ার পরেই নষ্ট হয়ে গেছে","আঁই গত সপ্তাত এত্তুন উজ্ঞো শার্ট কিন্নিলাম, কিন্তু ইবে একবার ধুঅন পরেই নষ্ট অই গেইয়্যি"
"মা, খাওয়ার জন্য কি আছে?","আম্মু, হায়বের লাই কি আছে?"
"বন্যার পানিতে অনেক মানুষ মারা গেছে, আর অনেক ঘরবাড়ি ও ফসলের ক্ষতি হয়েছে","বন্যার পানিত বত মানুষ মারা গেইয়্যি, বত ঘরবারি আর ফসলুর হতি অইয়্যি"
বড় মাছটার দাম কত ভাই?,বরো মাছ ইবের দাম হতো বদ্দা?
"রান্নাঘরে ডেকচি পড়ার শব্দ হলো, মনে হয় বিড়াল ঢুকেছে","বসহানাত ডেকচি পরিবের আওয়াজ অইয়্যি, মনে অয় বিলেই ঢুইক্কি"
এখানে আরও একটা বিপদ রয়েছে,এনডে আরও এক্কান বিপদ আছে
তুই আরও অনেক খেলা দেখাবি,তুই আরো বত খেলা দেহাবি
"সামনে একজন মানুষ দেখতে পাচ্ছি, চল উনার কাছ থেকেই জিজ্ঞেস করি","সামনে উজ্ঞো মানুষ দেহির, চল ইবেত্তুনই ফুসর লই"
"সামনে একজন মানুষ দেখতে পাচ্ছি, চল উনার কাছ থেকেই জিজ্ঞেস করি","সামনে উজ্ঞো মানুষ দেহির, চল ইবেত্তুনই ফুস লই"
"আজকে ঈদের দিন, তাই ভাড়া ডাবল","আজিয়ে ঈদুর দিন, এতেল্লে ভারা ডবল"
"আজকে ঈদের দিন, তাই ভাড়া ডাবল","আজিইয়্যে ঈদুর দিন, এতেল্লে ভারা ডবল"
শরীর সুস্থ না থাকলে পৃথিবীর সব সম্পদ থাকলেও কোনো আনন্দ পাওয়া যায় না,শরীল সুস্থ ন থাহিলি পৃথিবীর বিয়াক সম্পদ থাহিলিও হনো আনন্দ পন ন যায়
শরীর সুস্থ না থাকলে পৃথিবীর সব সম্পদ থাকলেও কোনো আনন্দ পাওয়া যায় না,শরীর সুস্থ ন থাহিলি পৃথিবীর বিয়াক সম্পদ থাহিলিও হনো আনন্দ পন ন যায়
"হালকা হালকা বৃষ্টি পড়ে, তোমার কথা মনে পড়ে","ফিনি ফিনি ঝর পরে, তোঁয়ার হতা মনত পরে"
"হালকা হালকা বৃষ্টি পড়ে, তোমার কথা মনে পড়ে","ফিনি ফিনি ঝর পরে, তোঁয়ার হথা মনত পরে"
"মাছের ঝোলে লবণ বেশি হয়ে গেছে, খাওয়া যাচ্ছে না","মাছুর সুরগোত নুন বেশি অই গেইয়্যি, হন ন যার"
এতদিন কোথায় ছিলে?,এতোদিন হনডে আছিলে?
এতদিন কোথায় ছিলে?,এতোদিন হডে আছিলে?
"আমাকে এখন কিছু টাকা ধার দাও, আমি তোমাকে এক সপ্তাহ পরে দিয়ে দিব","আঁরে এহন কিছু টিয়া উধোর দও, আঁই তোঁয়ারে এক সাপ্তাহ পরে দি দিয়্যুম"
"আমার অফিসের একটা কাজে দেশের বাইরে যেতে হবে, তুমি একা ঘর সামলাতে পারবে তো?","আঁর অফিসুর এক্কান হাজে দেশুর বাইরে যন ফরিবু, তুঁই এহেল্লে ঘর সামলাইত ফারিবে তো?"
"আমার অফিসের একটা কাজে দেশের বাইরে যেতে হবে, তুমি একা ঘর সামলাতে পারবে তো?","আঁর অফিসুর এক্কান হাজে দেশুর বাদ্দি যন ফরিবু, তুঁই এহেল্লে ঘর সামলাইত ফারিবে তো?"
"এই বছর শীত অনেক দেরিতে এসেছে, ডিসেম্বর শেষ হয়ে গেলেও ঠান্ডা পড়েনি","এই বছর শীত বত দেরিত আইসসি, ডিসেম্বর শেষ অই গেলিও ঠান্ডা ন ফরে"
"আপু, আমার হয়ে একটু মাকে ফোন করে বলো, আজ রাতে আসতে পারব না","আফা, আঁর অইয়্যিরে এক্কানা আম্মুরে ফোন গরি হও, আজিয়ে রাতিয়ে আইত ন ফাইজ্জুম"
"আপু, আমার হয়ে একটু মাকে ফোন করে বলো, আজ রাতে আসতে পারব না","আফা, আঁর অইয়্যিরে ইক্কিনি আম্মুরে ফোন গরি হও, আজিয়ে রাতিয়ে আইত ন ফাইজ্জুম"
"আপু, আমি তোমাকে অনেক বিরক্ত করছি","আফা, আঁই তোঁয়ারে বত বিরক্ত গরির"
আজ এত গরম যে রান্না করতে মন চাইছে না,আজিয়ে এত গরম যে রান্না গইত্তো মন ন চার
প্রতিদিনের হোমওয়ার্ক প্রতিদিনই শেষ করে ফেলবে,ফইত্তোদিনোর হোমওয়ার্ক ফইত্তোদিনই শেষ গরি ফেলাইবে
মুরগির ডাক শুনে ঘুম ভেঙ্গে গেছে,কুরোর ডাক উনি ঘুম ভাঙ্গি গেইয়্যি
মার্কেটে জিনিসপত্রের দাম আগুনের মতো,মার্কেটুত জিনিসপত্রর দাম অইনুর মতন
"ভাই, বাসের দরজাটা এবার বন্ধ করে দেন, মানুষ আর নেবেন না","বদ্দা, বাসুর দরজা ইয়েন এবার বন্ধ গরি দন, মানুষ আর ন লইয়্যুন"
চিন্তা করছি এবার সবাইকে কাঁচা মাংস দিয়ে দেব,চিন্তে গরির এবার বিয়াজ্ঞুনুরে কেচা গুস্ত দিই দিয়্যুম
বাজার করে আসার সময় ৫০০ টাকার একটা নোট হারিয়ে ফেলেছি,বাজারুত্তুন আইবের সমত ৫০০ টিয়ার নোট এক্কান আঝাই ফেলাই
"আমার কপাল খারাপ, নাহলে তোমার মতো একটা স্বামী পেতাম না","আঁর হুয়াল হারাপ, নইলি তোঁয়ার মতন উজ্ঞো জামাই ন পাইতাম"
সেটা কি আমার মন রাখার জন্য বলেছেন নাকি নিজের মন থেকেই বলেছেন,ইয়েন কি আঁর মন রাহিবের লাই হইয়্যুন নাকি নিজোর মনত্তুন হইয়্যুন
"একটু বসেন, দোকানদার ভাত খেতে গেছেন","এক্কানা বইয়্যুন, দোয়ানদার ভাত হাইতু গেইয়্যি"
"একটু বসেন, দোকানদার ভাত খেতে গেছেন","ইক্কিনি বইয়্যুন, দোয়ানদার ভাত হাইতু গেইয়্যি"
"মুরগি কাটার সময় পাশে দাঁড়িয়ে থেকো, ওরা সুযোগ পেলে মাংস চুরি করে","মুরগি হাডিবের সমত ডাহুদ্দি থিয়েই থেইক্কো, ইতারা সুযোগ পাইলি মাংস চুরি গরে"
ঋণ নিয়ে ব্যবসা করতে গেলে ব্যবসায় উন্নতি করা যাবে না,হজ্জো লই ব্যবসা গইত্তো যাইলি ব্যবসাত উন্নাতি গরন যাইতু ন
গাড়ির চাকা অনেক জোরে ঘুরছে,গারির চাক্কা বত জোরে ঘুরের
আজকে এত রোদ উঠেছে যে মাঠে কাজ করা কৃষকদের খুব কষ্ট হচ্ছে,আজিয়ে এল্লেত রইদ উইট্টি দে মাডুত হাজ গরা কৃষক অক্কল উত্তুন বত হষ্ট অর
আজকে এত রোদ উঠেছে যে মাঠে কাজ করা কৃষকদের খুব কষ্ট হচ্ছে,আজিইয়্যে এল্লেত রইদ উইট্টি দে মাডুত হাজ গরা কৃষক অক্কল উত্তুন বত হষ্ট অর
আজকে এত রোদ উঠেছে যে মাঠে কাজ করা কৃষকদের খুব কষ্ট হচ্ছে,আজিয়ে এতো রইদ উইট্টি দে মাডুত হাজ গরা কৃষক অক্কল উত্তুন বত হষ্ট অর
আজকে এত রোদ উঠেছে যে মাঠে কাজ করা কৃষকদের খুব কষ্ট হচ্ছে,আজিয়ে এল্লেত রইদ উইট্টি দে মাডুত হাম গরা কৃষক অক্কল উত্তুন বত হষ্ট অর
এত মজার বেগুন ভাজা আমি আগে কখনো খাইনি,এল্লেত মজার বেগুন ভাজা আঁই আগে হনোদিন ন হাই
এত মজার বেগুন ভাজা আমি আগে কখনো খাইনি,এতো মজার বেগুন ভাজা আঁই আগে হনোদিন ন হাই
এই যে শুনছেন? আপনি কি বিশ্ববিদ্যালয়ের শিক্ষক?,এই যে উইনতে লেইজ্ঞুন? অঁনে কি বিশ্ববিদ্যালয় উর শিক্ষক?
"কাস্টমারের সাথে ভালোভাবে ব্যবহার করতে হবে, তাহলে বিক্রি বেশি হবে","কাস্টোমারুর লগে ভালাগরি বেবার গরন ফরিবু, তইলি বেছা বেশি অইবু"
"কাস্টমারের সাথে ভালোভাবে ব্যবহার করতে হবে, তাহলে বিক্রি বেশি হবে","কাস্টোমারুর ওয়ারে ভালাগরি বেবার গরন ফরিবু, তইলি বেছা বেশি অইবু"
"কাস্টমারের সাথে ভালোভাবে ব্যবহার করতে হবে, তাহলে বিক্রি বেশি হবে","কাস্টোমারুর ফুয়ারে ভালাগরি বেবার গরন ফরিবু, তইলি বেছা বেশি অইবু"
তোর ছোট ভাই নাকি বিয়ে করেছে? তার এত জলদি বিয়ে হবে চিন্তা করিনায়,তুর ছোডো ভাই বলে বিয়ে গইজ্জি? ইতের এল্লেত তারাতারি বিয়ে অইবু ইয়েন চিন্তে নো গরি
তোর ছোট ভাই নাকি বিয়ে করেছে? তার এত জলদি বিয়ে হবে চিন্তা করিনায়,তুর ছোডো ভাই বলে বিয়ে গইজ্জি? ইতের এতো তারাতারি বিয়ে অইবু ইয়েন চিন্তে নো গরি
তোর ছোট ভাই নাকি বিয়ে করেছে? তার এত জলদি বিয়ে হবে চিন্তা করিনায়,তুর ছোডো ভাই বলে বিয়ে গইজ্জি? ইতের এল্লেত হারা বিয়ে অইবু ইয়েন চিন্তে নো গরি
তোর ছোট ভাই নাকি বিয়ে করেছে? তার এত জলদি বিয়ে হবে চিন্তা করিনায়,তুর ছোডো ভাই বলে বিয়ে গইজ্জি? ইতের এল্লেত জলদি বিয়ে অইবু ইয়েন চিন্তে নো গরি
"গরুটা দেখে তো মনে হয় না বয়স হয়েছে, দাম এত বেশি কেন চাচ্ছেন?","গরু ইবে দেহি তো মনে ন অর বয়স বেশি অইয়্যি, দাম এল্লেত বেশি কা চাইতে লেইজ্ঞুন?"
"গরুটা দেখে তো মনে হয় না বয়স হয়েছে, দাম এত বেশি কেন চাচ্ছেন?","গরু ইবে দেহি তো মনে ন অর বয়স বেশি অইয়্যি, দাম এতো বেশি কা চাইতে লেইজ্ঞুন?"
"স্যার, ক্লাস টেস্টের ফলাফল কবে দেবেন, অনেক দিন ধরে অপেক্ষা করছি","স্যার, ক্লাস টেস্ট উর ফলাফল হত্তে দিবেন, বত দিন ধরি অপেক্ষা গরির"
"যত চাপ নিবি, সমস্যা তত বাড়বে",যত চাপ লইবি সমস্যা ততো বারিবু
"নিজের যদি টাকা থাকত, তাহলে কারো কাছ থেকে খুঁজতে হতো না","নিজুত্তুন যদি টিয়া থাইকতু, তইলি কিয়াত্তুন হুজন ন ফইত্তু"
তোমার সাথে ওর কাজ কি?,তোঁয়ার লগে ইবের হাম কি?
তোমার সাথে ওর কাজ কি?,তোঁয়ার ওয়ারে ইবের হাম কি?
তোমার সাথে ওর কাজ কি?,তোঁয়ার ফুয়ারে ইবের হাম কি?
তোমার সাথে ওর কাজ কি?,তোঁয়ার লগে ইবের হাজ কি?
"মায়ের সাথে থাকলে অনেক ঝগড়া হয়, কিন্তু মায়ের থেকে দূরে থাকলে তখন মায়ের কথা মনে পড়ে","মা'র লগে থাহিলি বত হইজ্জে অই, কিন্তু মা'ত্তুন দুরে থাহিলি তহন মা'র হতা মনত ফরে"
"মায়ের সাথে থাকলে অনেক ঝগড়া হয়, কিন্তু মায়ের থেকে দূরে থাকলে তখন মায়ের কথা মনে পড়ে","মা'র ওয়ারে থাহিলি বত হইজ্জে অই, কিন্তু মা'ত্তুন দুরে থাহিলি তহন মা'র হতা মনত ফরে"
"মায়ের সাথে থাকলে অনেক ঝগড়া হয়, কিন্তু মায়ের থেকে দূরে থাকলে তখন মায়ের কথা মনে পড়ে","মা'র ফুয়ারে থাহিলি বত হইজ্জে অই, কিন্তু মা'ত্তুন দুরে থাহিলি তহন মা'র হতা মনত ফরে"
"মায়ের সাথে থাকলে অনেক ঝগড়া হয়, কিন্তু মায়ের থেকে দূরে থাকলে তখন মায়ের কথা মনে পড়ে","মা'র লগে থাহিলি বত হইজ্জে অই, কিন্তু মা'ত্তুন দুরে থাহিলি তহন মা'র হথা মনত ফরে"
বাসে সিট খালি আছে? আমি দাঁড়িয়ে যেতে পারব না,বাসুত সিট হেইল্যে আছে? আঁই থিয়েই যাইত ফাইত্তাম নো
বাসে সিট খালি আছে? আমি দাঁড়িয়ে যেতে পারব না,বাসুত সিট হালি আছে? আঁই থিয়েই যাইত ফাইত্তাম নো
প্রতিবছর কুতুবদিয়া যাওয়ার সময় নৌকা ডুবে মানুষ মারা যায়,ফইত্তো বছর কুতুবদিয়ে যাইবের সমত নৌকো ডুফি মানুষ মরি যায়
"আপনি একটু এখানে দাঁড়ান, আমি ডাক্তারকে ডেকে আনছি","অঁনে এক্কানা এনডে থিয়ন, আঁই ডাক্তার উরে ডাহি আনির"
"আপনি একটু এখানে দাঁড়ান, আমি ডাক্তারকে ডেকে আনছি","অঁনে ইক্কিনি এনডে থিয়ন, আঁই ডাক্তার উরে ডাহি আনির"
"আলিফারা সবাই যাচ্ছে, তুই যাবি না?","আলিফা তারা বিয়াজ্ঞুন যার, তুই ন যাবি?"
"আলিফারা সবাই যাচ্ছে, তুই যাবি না?","আলিফা তারা বেজ্ঞুন যার, তুই ন যাবি?"
"দুপুরে ভাত খেয়ে একটু ঘুমিয়েছিলাম, কিছুক্ষণ পর উঠে দেখি সন্ধ্যা হয়ে গেছে","দুইজ্জে ভাত হায় এক্কানা ঘুম গেইলাম, হতক্ষন পরে উডি দেহি আজুইন্নে অই গেইয়্যি"
"দুপুরে ভাত খেয়ে একটু ঘুমিয়েছিলাম, কিছুক্ষণ পর উঠে দেখি সন্ধ্যা হয়ে গেছে","দুইরগে ভাত হায় এক্কানা ঘুম গেইলাম, হতক্ষন পরে উডি দেহি আজুইন্নে অই গেইয়্যি"
"দুপুরে ভাত খেয়ে একটু ঘুমিয়েছিলাম, কিছুক্ষণ পর উঠে দেখি সন্ধ্যা হয়ে গেছে","দুইজ্জে ভাত হায় ইক্কিনি ঘুম গেইলাম, হতক্ষন পরে উডি দেহি আজুইন্নে অই গেইয়্যি"
বিকালের আগে কাজ শেষ করতে না পারলে টাকা দিব না,বিয়েলোর আগে হাম শেষ গরিত ন ফারিলি টিয়া দিতাম ন
বিকালের আগে কাজ শেষ করতে না পারলে টাকা দিব না,বিয়েলোর আগে হাজ শেষ গরিত ন ফারিলি টিয়া দিতাম ন
"রাতের বাস জার্নি একটু বিপদজনক, তাই সাবধান থাকা উচিত","রাতিয়ের বাস জার্নি এক্কানা বিপদজনক, এতেল্লে সাবধান থাহন উচিত"
"রাতের বাস জার্নি একটু বিপদজনক, তাই সাবধান থাকা উচিত","রাতিয়ের বাস জার্নি ইক্কিনি বিপদজনক, এতেল্লে সাবধান থাহন উচিত"
বাসে চড়তে না পারলে তোদেরকে টুরে যেতে বলল কে?,বাসুত চরিত ন ফারিলি তোরারে টুরুত যাইতু হইয়্যি হনে?
ছেলে মানুষ করা অনেক কঠিন,মরতফুওয়া মানুষ গরন বত কঠিন
নৌকার মাঝি গান গেয়ে গেয়ে নৌকা চালাচ্ছে,নৌকোর মাঝি গান গাই গাই নৌকো চলার
"বান্দরের মতো শুধু গাছে গাছে ঘোরে, কোনোদিন পরে হাত পা ভাঙবে কে জানে","বান্দরোর মতোন উধো গাছে গাছে ঘুরে, হনদিন ফরি আত টেং ভাঙিবু হনে জানে"
"আচ্ছা ঠিকাছে, আমি মারিয়ার সঙ্গে কথা বলব, আশা করি, ও আমার কথা শুনবে","আইচ্ছে ঠিকাছে, আঁই মারিয়ার লগে হতা হইয়্যুম, আশা গরি, ইতি আঁর হতা উনিবু"
"আচ্ছা ঠিকাছে, আমি মারিয়ার সঙ্গে কথা বলব, আশা করি, ও আমার কথা শুনবে","আইচ্ছে ঠিকাছে, আঁই মারিয়ার লগে হথা হইয়্যুম, আশা গরি, ইতি আঁর হতা উনিবু"
"মুখে বলা অনেক সহজ, করে দেখানো অনেক কঠিন","মুখে হন বত সোজা, গরি দেহন বত কঠিন"
"পরীক্ষা একটা খারাপ হয়েছে তো কী হয়েছে, সামনেরগুলো ভালো করে দাও","পরীক্ষে উজ্ঞো হারাপ অইয়্যি তো কি অইয়্যি, সামনুর এগুন ভালা গরি দও"
"পরীক্ষা একটা খারাপ হয়েছে তো কী হয়েছে, সামনেরগুলো ভালো করে দাও","পরীক্ষে উজ্ঞো হারাপ অইয়্যি তো কি অইয়্যি, সামনুর এগুন গম গরি দও"
ঢাকা থেকে রাজশাহী যেতে ট্রেনে কত ঘণ্টা লাগে সাধারণত?,ঢাহাত্তুন রাজশাহী যাইতে ট্রেনুত হত ঘন্টা লাগে সাধারণত
"প্রথম প্রথম একটু ভয় পেয়েছিলাম, এখন আর ভয় লাগে না","ফইল্লে ফইল্লে এক্কানা ডরাইলাম, এহন আর ডর ন লাগে"
"প্রথম প্রথম একটু ভয় পেয়েছিলাম, এখন আর ভয় লাগে না","ফইল্লে ফইল্লে ইক্কিনি ডরাইলাম, এহন আর ডর ন লাগে"
"যেভাবেই হোক, আমাদেরকে এই বিপদ থেকে বের হতে হবে","যেনগরি অক, আরাত্তুন এই বিপদ উত্তুন বাইর অন পরিবো"
কাপড়গুলো আমি এসে ধুব,হর এগিন আঁই আইরে ধুইয়্যুম
"সবাই সামনে থেকে সরে দাঁড়ান, ট্রাক আসছে","বিয়াজ্ঞুন সামনুত্তুন সরি থিয়ন, টেরাক আইয়্যির"
"সবাই সামনে থেকে সরে দাঁড়ান, ট্রাক আসছে","বেজ্ঞুন সামনুত্তুন সরি থিয়ন, টেরাক আইয়্যির"
মুলা কেজি কত করে? আমাকে এক কেজি দেন,মুলো কেজি হত গরি? আঁরে এক কেজি দন
"তোর মনে যে এত ময়লা, সেটা আমি আগে বুঝতে পারিনি",তুর মনোত যে এদিজ্ঞিন হাচারা ইয়েন আঁই আগে ন বুঝি
আরে ভাই! তুই এখানে? আমি কি ঠিক দেখতাছি নাকি চোখের ভুল,আরে বদ্দা! তুই এনডে? আই কি ঠিক দেহির নাকি চখোর ভুল
মেয়েটা একদম তার মায়ের মতো হয়েছে,মেইফুওয়া একদম ইতির মা'র মতন অইয়্যি
এবার বিশ্বকাপে ব্রাজিল জিতবে,এবার বিশ্বকাপুত ব্রাজিল জিতিবু
"এই মাঠে কাদা বেশি, এখানে খেলা যাবে না","এই মাডোত ফুট বেশি, এনডে খেলন যাইতু ন"
"মা, আমি এখন ভাত খাব না, তুমি খেয়ে নাও","আম্মু, আঁই এহন ভাত ন হাইয়্যুম, তুঁই হায় লও"
"মাঠে খুব বেশি রোদ, আমি এখন খেলব না","মাডোত বত বেশি রইদ, আঁই এহন খেইলতাম ন"
"আমি রমিজের মা, রাতুলের দাদি","আঁই রমিজুর মা, রাতুলুর দাদি"
এগুলো তো ভাই সব পুরাতন মডেলের শার্ট,এগুন তো বদ্দা বিয়াক ফুরন মডেলুর শার্ট
"পুকুরের মাছগুলো মরে যাচ্ছে, ওষুধ দিতে হবে","ফইরোর মাছ এগুন মরি যার, ওষুধ দন ফরিবু"
তোমার বাড়ি কি কলেজের পাশে?,তোঁয়ার বারি কি কলেজুর পাশে?
"আমার দেরি হবে, তুমি চলে যাও","আত্তুন দেরি অইবু, তুঁই চলি যো"
বজ্রপাতের সময় খোলা মাঠে থাকা অনেক বিপজ্জনক,টাডাল ফরিবের সমত খোলা মাডুত থাহন বত বিপজ্জনক
"স্যার, কোন টপিকগুলো পরীক্ষায় আসবে যদি বলতেন","স্যার, হন টপিকগিন পরীক্ষেত আইবু যদি হইতেন"
সন্ধ্যার পর মার্কেট বন্ধ হয়ে যাবে,আজুইন্নের পর মার্কেট বন্ধ অই যাইবু
"আমি বাজারে যেতে পারব না, আমার অনেক কাজ বাকি আছে","আঁই বাজারুত যাইত ন পাইজ্জুম, আত্তুন বত হাম বাকি আছে"
"আমি বাজারে যেতে পারব না, আমার অনেক কাজ বাকি আছে","আঁই বাজারুত যাইত ন পাইজ্জুম, আত্তুন বত হাজ বাকি আছে"
খেজুরের রস দিয়ে ভাপা পিঠা খেতে সেই মজা,হাঁজুর রস দি ধু পিডে হাইতু সেই মজা
রুমের সাথে অ্যাটাচড ওয়াশরুম আছে কি না দেখতে হবে,রুমুর লগে এটাচ ওয়াশরুম আছেনা সন ফরিবু
রুমের সাথে অ্যাটাচড ওয়াশরুম আছে কি না দেখতে হবে,রুমুর ওয়ারে এটাচ ওয়াশরুম আছেনা সন ফরিবু
রুমের সাথে অ্যাটাচড ওয়াশরুম আছে কি না দেখতে হবে,রুমুর ফুয়ারে এটাচ ওয়াশরুম আছেনা সন ফরিবু
"মাফ চাই, আমার ভুল হয়েছে থিসিসে এই টপিক নিয়ে","মাফ চাই, আত্তুন ভুল অইয়্যিদে থিসিসুত টপিক ইবে লই"
কেমন আছেন?,কেন আছন?
অনলাইন থেকে একটা জামা অর্ডার দিয়েছি,অনলাইন উত্তুন উজ্ঞো হুত্তা অর্ডার দিই
"স্যার, আমার খাতা নেবেন না, আমি ওর থেকে দেখিনি","স্যার, আঁর হাতা ন লইয়্যুন, আঁই ইতেত্তুন নো চাই"
যে সময়ের কাজ ঐ সময় শেষ করতে হবে,যেই সময়োর হাজ ঐ সময় শেষ গরন পরিবো
যে সময়ের কাজ ঐ সময় শেষ করতে হবে,যেই সময়োর হাম ঐ সময় শেষ গরন পরিবো
এভাবে বোকার মতো আমার দিকে না তাকিয়ে কাজ করো,এল্লেত বেকুবুর মতো আঁর মিক্কে ন চাই হাজ গরো
এভাবে বোকার মতো আমার দিকে না তাকিয়ে কাজ করো,এল্লেত বেকুবুর মতো আঁর মিক্কে ন চাই হাম গরো
এভাবে বোকার মতো আমার দিকে না তাকিয়ে কাজ করো,এন গরি বেকুবুর মতো আঁর মিক্কে ন চাই হাজ গরো
এভাবে বোকার মতো আমার দিকে না তাকিয়ে কাজ করো,এইল্লেত বেকুবুর মতো আঁর মিক্কে ন চাই হাজ গরো
এভাবে বোকার মতো আমার দিকে না তাকিয়ে কাজ করো,ইল্লেত বেকুবুর মতো আঁর মিক্কে ন চাই হাজ গরো
"আপনি শান্ত হয়ে বসুন, আমি আপনার কথা শুনব","অঁনে শান্ত অই বইয়্যুন, আঁই অঁনোর হথা উইন্নুম"
"আপনি শান্ত হয়ে বসুন, আমি আপনার কথা শুনব","অঁনে শান্ত অই বইয়্যুন, আঁই অঁনোর হতা উইন্নুম"
"দাঁড়িয়ে থেকো না, আমার দেরি হয়ে যাচ্ছে","থিয়েই ন থাইক্কো, আত্তুন দেরি অই যার"
"আমার বেশি মাথাব্যথা করছে, তাই আজকে মার্কেটে যাব না","আত্তুন বেশি মাথাব্যথা গরের, এতেল্লে আজিয়ে মার্কেটুত যাইতাম নো"
"আমার বেশি মাথাব্যথা করছে, তাই আজকে মার্কেটে যাব না","আত্তুন বেশি মাথাব্যথা গরের, এতেল্লে আজিইয়্যে মার্কেটুত যাইতাম নো"
"লাভ কম, মাস শেষে দোকান ভাড়াও উঠে না","লাভ হম, মাস শেষে দোয়ান ভারাও ন উডে"
"এই দুনিয়াতে সবাই স্বার্থপর, খারাপ সময় আসলে বোঝা যায়","এই দুনিয়েত বিয়াজ্ঞুন স্বার্থপর, হারাপ সময় আইলি বুঝা যায়"
"এই দুনিয়াতে সবাই স্বার্থপর, খারাপ সময় আসলে বোঝা যায়","এই দুনিয়েত বেজ্ঞুন স্বার্থপর, হারাপ সময় আইলি বুঝা যায়"
তোর জন্য মেয়ে খুঁজতে খুঁজতে আমরা সবাই বিরক্ত হয়ে গেছি,তোর লাই মেইফুওয়া থোওয়াতে থোওয়াতে আঁরা বিয়াজ্ঞুন বিরক্ত অই গেই
তোর জন্য মেয়ে খুঁজতে খুঁজতে আমরা সবাই বিরক্ত হয়ে গেছি,তোর লাই মেইফুওয়া থোওয়াতে থোওয়াতে আঁরা বেজ্ঞুন বিরক্ত অই গেই
তুর বাবা মাঠে গেছে কাজ করতে,তুর বাফ মাডোত গেইয়্যি হাম গইত্তো
তুর বাবা মাঠে গেছে কাজ করতে,তুর বাফ মাডোত গেইয়্যি হাজ গইত্তো
"ঘরের সব জায়গায় বৃষ্টির পানি পড়ছে, এভাবে কি থাকা যায়?","ঘরুর বিয়াক জাগাত বৃষ্টির পানি ফরের, এন গরি কি থাহন যায়?"
আমার শুরু থেকেই ওর ওপর সন্দেহ ছিল,আঁর শুরুদ্দিত্তুনই ইতের উদ্দি সন্দেহ আছিল
বাজার থেকে পুঁই শাক নিয়ে আসো,বাজারোত্তুন পিয়েশ শাক লই আইস
"বাগানে তোমার লাগানো নতুন গাছটা কত দ্রুত বাড়ছে, দেখলে সত্যিই মন ভরে যায়","বাগানোত তোঁয়ার লাগানো নয়া গাছ ইবে হত দ্রুত বরো অর, দেহিলি সত্যিই মন ভরি যায়"
স্টেশনে পৌঁছাতে কতক্ষণ লাগবে? দেরি হলে কিন্তু ট্রেন মিস হয়ে যাবে,স্টেশনুত পৌছতে হতক্ষন লাগিবু? দেরি অইলি কিন্তু ট্রেন মিস অই যাইবু
"এখনো আমরা অর্ধেকও যাইনি, আরও অনেক পথ বাকি আছে","এহনো আঁরা অদ্দকও নো যাই, আরও বত পথ বাকি আছে"
"এখনো আমরা অর্ধেকও যাইনি, আরও অনেক পথ বাকি আছে","এইজু আঁরা অদ্দকও নো যাই, আরও বত পথ বাকি আছে"
আমাকে একটু রান্নাঘর কোনদিকে সেটা দেখিয়ে দিন,আঁরে এক্কানা বসহানা হুনদি ইয়েন দেহায় দন
আমাকে একটু রান্নাঘর কোনদিকে সেটা দেখিয়ে দিন,আঁরে ইক্কিনি বসহানা হুনদি ইয়েন দেহায় দন
আমাকে একটু রান্নাঘর কোনদিকে সেটা দেখিয়ে দিন,আঁরে এক্কানা পাকঘর হুনদি ইয়েন দেহায় দন
আমাকে একটু রান্নাঘর কোনদিকে সেটা দেখিয়ে দিন,আঁরে এক্কানা রান্নাঘর হুনদি ইয়েন দেহায় দন
আমি একটা বিপদে পড়েছি,আঁই এক্কান বিপোদত পইজ্জি
"আমাদের এখানে আগে ঠিক ছিল, এখন বেশি সমস্যা করছে","আঁরার এনডে আগে ঠিক আছিল, এহন বেশি সমস্যা গরের"
আমাদের বাড়ির পাশে একটা পাহাড় আছে,আঁরো বারির পাশে উজ্ঞো ফা'র আছে
আমাদের বাড়ির পাশে একটা পাহাড় আছে,আঁরো বারির ডাহে উজ্ঞো ফা'র আছে
একা একা না ঘুরে আমার সাথে ঘুরতে পারো,এহেল্লে এহেল্লে ন ঘুরি আঁর লগে ঘুরিত ফারো
একা একা না ঘুরে আমার সাথে ঘুরতে পারো,এহেল্লে এহেল্লে ন ঘুরি আঁর ওয়ারে ঘুরিত ফারো
একা একা না ঘুরে আমার সাথে ঘুরতে পারো,এহেল্লে এহেল্লে ন ঘুরি আঁর ফুয়ারে ঘুরিত ফারো
"আগামীকাল যদি আবহাওয়া ভালো থাকে, তাহলে আমরা পিকনিকে যাব",হালিয়ে যদি আবাহাওয়া ভালা থাহে তইলি আঁরা পিকনিকুত যাইয়্যুম
"আগামীকাল যদি আবহাওয়া ভালো থাকে, তাহলে আমরা পিকনিকে যাব",হালিয়ে যদি আবাহাওয়া গম থাহে তইলি আঁরা পিকনিকুত যাইয়্যুম
"তাহলে তুই ট্রেনের টিকিট কেটে ফেল সবার জন্য, আমরা সময়মতো বের হয়ে যাব","তইলি তুই ট্রেনুর টিকেট হাডি ফেলা বিয়াজ্ঞুনুর লাই, আঁরা সময়মতো বাইর অই যাইয়্যুম"
এবার কাপ্তাই লেকে গেলে নৌকা নিয়ে ঘুরব,এবার কাপ্তাই লেকুত গেলি নৌকো লই ঘুইজ্জুম
কয়েকদিন ঠিকমতো ঘুম না হলে মেজাজ এমনিতেই খিটখিটে হয়ে থাকে,হয়েকদিন ঠিকমতো ঘুম ন অইলি মেজাজ এনেই খিটখিট্টে অই যায়।
এই কারণে আমি এই দোকানে আসতে চাই না,এই হারনে আঁই এই দোয়ানুত আইসতু ন চাই
বাবা যেরকম ছেলেও সেরকম হয়েছে,বাফ যেরহম ফুওয়া ও সেরহম অইয়্যি
তুই পাগল হয়েছিস যে ঘরে যানে?,তুই ফঅল অইয়্যুস যে ঘরোত যানে?
স্রোত বেশি হওয়ার কারনে নৌকা চালাতে কষ্ট হয়ে যাচ্ছে,উত বেশি অ'নোর হারনে নৌকো চলাতে হষ্ট অই যার
"এগুলো খেয়ো না, এগুলো বেশি ঠাণ্ডা","এগিন ন হাইয়্যো, এগিন বেশি ঠাণ্ডা"
"কি খবর বন্ধু, কেমন আছিস?","কি হবর বন্ধু, কেন আছোস?"
"বিল থেকে কতগুলো টাকি মাছ ধরে এনেছি, এগুলো ভাল করে ধুয়ে মসলা দিয়ে তেলে ভেজে ফেল","বিলুত্তুন হদোজ্ঞুন টাই মাছ ধরি আইন্নি, এগুন ভালা গরি ধুয় মসল্লা দি তেলুত ভাজি ফেলো"
"বিল থেকে কতগুলো টাকি মাছ ধরে এনেছি, এগুলো ভাল করে ধুয়ে মসলা দিয়ে তেলে ভেজে ফেল","বিলুত্তুন হদোজ্ঞুন টাই মাছ ধরি আইন্নি, এগুন গম গরি ধুয় মসল্লা দি তেলুত ভাজি ফেলো"
আমার জন্য অপেক্ষা করতে হবেনা,আঁর লাই অপেক্ষা গরন পইত্তুনো
দাম বেশি কম বলেছেন ভাই,দাম বেশি হম হইয়্যুন বদ্দা
"আপনি কি সত্যিই এটা বললেন, নাকি আমি ঘুমের মধ্যে শুনলাম?","অঁনে কি সত্যি ইয়েন হইয়্যুন, নাকি আঁই ঘুমুর মধ্যে উইন্নিলাম?"
চট্টগ্রামের মানুষজন মেজবান অনেক পছন্দ করে,চট্টগ্রামোর মানুষজন  মেজ্জান বত পছন্দ গরে
"সেহরি ভোরে খেয়েছিলাম, এখন কেন খাব?","সেহেরি ফোওয়াত্তে হাইলাম, এহন কিল্লে হাইয়্যুম?"
সাথে একটা কাঁঠাল দিতে বলিও,ওয়ারে উজ্ঞো হাট্টল দিতো হইয়্যো
সাথে একটা কাঁঠাল দিতে বলিও,লগে উজ্ঞো হাট্টল দিতো হইয়্যো
সাথে একটা কাঁঠাল দিতে বলিও,ফুয়ারে উজ্ঞো হাট্টল দিতো হইয়্যো
মেয়েদের সাথে মার্কেটে গেলে সারাদিন ঘুরতে হয়,মেইফুওয়ার লগে  মার্কেটুত গেলি আরাদিন ঘুরন ফরে
মেয়েদের সাথে মার্কেটে গেলে সারাদিন ঘুরতে হয়,মেইফুওয়ার ওয়ারে মার্কেটুত গেলি আরাদিন ঘুরন ফরে
মেয়েদের সাথে মার্কেটে গেলে সারাদিন ঘুরতে হয়,মেইফুওয়ার ফুয়ারে মার্কেটুত গেলি আরাদিন ঘুরন ফরে
মেয়েদের সাথে মার্কেটে গেলে সারাদিন ঘুরতে হয়,মেইফুওয়ার লগে মার্কেটুত গেলি ফুরোদিন ঘুরন ফরে
তুই জানিস আমি কে? কি আমার পরিচয়?,তুই জানোস আই হন? কি আঁর পরিচয়?
পাশের বাড়ির মেয়েগুলো প্রতিদিন আমাদের পেয়ারা গাছ থেকে পেয়ারা চুরি করে,পাশোর বারির মেইফুওয়া এগুন ফইত্তোদিন আঁরো গুয়াসি গাছুত্তুন গুয়াছি চুরি গরে
এত রাতে কে আমার নাম ধরে ডাকিস?,এদ্দুর রাতিয়ে হনে আঁর নাম ধরি ডাহস?
"এখন জিনিসপত্রের দাম বেশি, ঈদের পর দাম কমবে","এহন জিনিসপত্রর দাম বেশি, ঈদুর পর দাম হমিবু"
"কী সমস্যা ভাই, বাস ছাড়তে এত দেরি কেন?","কি সমস্যা বদ্দা, বাস ছারতে এল্লেত দেরি কা?"
"কী সমস্যা ভাই, বাস ছাড়তে এত দেরি কেন?","কি সমস্যা বদ্দা, বাস ছারতে এতো দেরি কা?"
"চলেন, আজকে দুপুরে একসাথে খাবার খায়","চলন, আজিয়ে দুইজ্জে এক্কোত্তরে হানা হায়"
"চলেন, আজকে দুপুরে একসাথে খাবার খায়","চলন, আজিইয়্যে দুইজ্জে এক্কোত্তরে হানা হায়"
"চলেন, আজকে দুপুরে একসাথে খাবার খায়","চলন, আজিয়ে দুইরগে এক্কোত্তরে হানা হায়"
"চলেন, আজকে দুপুরে একসাথে খাবার খায়","চলন, আজিয়ে দুইজ্জে এক্কোওয়ারে হানা হায়"
"চলেন, আজকে দুপুরে একসাথে খাবার খায়","চলন, আজিয়ে দুইজ্জে একলগে হানা হায়"
"চলেন, আজকে দুপুরে একসাথে খাবার খায়","চলন, আজিয়ে দুইজ্জে এক্কোফুয়ারে হানা হায়"
"তুমি যদি নিজের খাওয়াদাওয়া নিয়ন্ত্রণ না কর, তাহলে পরে গিয়ে অনেক সমস্যা হবে","তুঁই যদি নিজুর হানাপিনে নিয়ন্ত্রন ন গরো, তইলি পরে যায় বত সমস্যা অইবু"
"এসি বাসের টিকিটের দাম একটু বেশি, আমরা নরমাল বাসে করে যাব","এসি বাসুর টিকেট উর দাম এক্কানা বেশি, আঁরা নরমাল বাসুত গরি যাইয়্যুম"
"এসি বাসের টিকিটের দাম একটু বেশি, আমরা নরমাল বাসে করে যাব","এসি বাসুর টিকেট উর দাম ইক্কিনি বেশি, আঁরা নরমাল বাসুত গরি যাইয়্যুম"
"কাশি বেশি হচ্ছে, একটা কফ সিরাপ খাওয়া দরকার","হাশি বেশি অর, উজ্ঞো হফ সিরেপ হন দরহার"
আমাদের ক্লাসে নতুন একজন ছাত্র ভর্তি হয়েছে,আঁরার ক্লাসুত নতুন উজ্ঞো ছাত্র ভর্তি অইয়্যি
"ইশতিয়াক একটু শোনো, তোমার ছোট ভাইকে একটু পার্ক থেকে ঘুরিয়ে নিয়ে এসো","ইশতিয়াক এক্কানা উনো, তোঁয়ার ছোডো ভাই রে এক্কানা পার্ক উত্তুন ঘুরাই আনো"
"ইশতিয়াক একটু শোনো, তোমার ছোট ভাইকে একটু পার্ক থেকে ঘুরিয়ে নিয়ে এসো","ইশতিয়াক ইক্কিনি উনো, তোঁয়ার ছোডো ভাই রে এক্কানা পার্ক উত্তুন ঘুরাই আনো"
তোমার ছোট ভাই সামিরের কি খবর? এখন কোন ক্লাসে পড়ে?,তোঁয়ার ছোডো ভাই সামিরোর কি হবর? এহন হন ক্লাসোত পরে?
অন্য কোনো দোকানে না গিয়ে আপনার দোকানে চলে এলাম,অন্য হনো দোয়ানুত ন যায় অঁনোর দোয়ানুত চলি আইস্যি
আমাদের মাদরাসা পুরো রমজান বন্ধ থাকবে,আঁরার মাদরাসা পুরো রমজান বন্ধ থাহিবু
"বৃষ্টির পরে রাস্তায় যে কাদা হয়, তাতে চলাচল করা সত্যিই অনেক ঝামেলার","বৃষ্টির পরে রাস্তাত যে ফুট অয়, এগিনুত আডাচলা গরন সত্যিই বত ঝামিলের"
"যখন আমার জ্ঞান ফিরে, তখন দেখি আম্মু আমার সামনে দাঁড়িয়ে আছে","যহন আঁর উশ আইয়্যি, তহন দেহি আম্মু আঁর সাম্মোদ্দি থিয়েই থেইক্কি"
কিরে বন্ধু! তুই নাকি লুকাই লুকাই প্রেম করছিস?,কিরে বন্ধু! তুই বলে গুজি গুজি প্রেম গরর?
"মোবাইল হারিয়ে গেছে, সেটার জন্য চিন্তা হচ্ছে না, আমার গুরুত্বপূর্ণ ডকুমেন্টগুলোর জন্য চিন্তা হচ্ছে","মোবাইল আঝি গেইয়্যি ইয়েন উর লাই চিন্তে ন অর, আঁর গুরুত্বপূর্ণ ডকুমেন্টস এগিনুর লাই চিন্তে লার"
"অফিসের বসকে বলে কিছুদিনের জন্য ছুটি নাও, সবাই মিলে দূরে কোথাও ঘুরতে যাব","অফিসুর বস উরে হই কিছুদিনুর লাই ছুটি লও, বিয়াজ্ঞুন মিলি দূরে হনোমিক্কে ঘুইত্তাম যায়"
"অফিসের বসকে বলে কিছুদিনের জন্য ছুটি নাও, সবাই মিলে দূরে কোথাও ঘুরতে যাব","অফিসুর বস উরে হই কিছুদিনুর লাই ছুটি লও, বেজ্ঞুন মিলি দূরে হনোমিক্কে ঘুইত্তাম যায়"
বাংলাদেশের মানুষজন ব্রাজিল-আর্জেন্টিনা নিয়ে পাগল,বাংলাদেশুর মানুষজন ব্রাজিল-আর্জেন্টিনা লই ফঅল
আপনার কি মন খারাপ?,অঁনোর কি মন হারাপ?
"আমার ভাল লাগছেনা, আমি এখন চলে যাচ্ছি","আত্তুন গম নলার, আঁই এহন চলি যাইর"
"আমার ভাল লাগছেনা, আমি এখন চলে যাচ্ছি","আত্তুন ভালা নলার, আঁই এহন চলি যাইর"
১৯৯১ সালের বন্যায় লাখ লাখ মানুষ মারা গিয়েছিল,১৯৯১ সালুর বন্যাত লাখ লাখ মানুষ মারা গেইয়্যিল
আমার একটা স্বপ্ন সৌদি আরবে গিয়ে মক্কা শরিফে হজ করা,আঁর এক্কান স্বপ্ন সৌদি আরবুত যাই মক্কা শরিফুত হজ গরন
তোমার মেয়ে ঘুম থেকে উঠেছে কি না দেখো তো,তোঁয়ার মেইফুওয়া ঘুমুত্তুন উইট্টি কিনা স তো
আমার হলুদ রঙের কাপড় ভালো লাগে না,আত্তুন অলিদ্দে কালারুর হর গম ন লাগে
আমার হলুদ রঙের কাপড় ভালো লাগে না,আত্তুন অলিদ্দে কালারুর হর ভালা ন লাগে
কাপড়ের দাম শুনে তো আমার ভয় লাগছে,হরুর দাম উনি তো আত্তুন ডর লাগের
কাপড়ের দাম শুনে তো আমার ভয় লাগছে,হরুর দাম উনি তো আত্তুন ডর লার
"আপনি বিয়ের জন্য একদম পেকে গেছেন, এবার জলদি বিয়েটা করে নিন","অঁনে বিয়ের লাই এব্বেরে পাগি গেইয়্যুন, এবার জলদি বিয়েগান গরি লন"
"আপনি বিয়ের জন্য একদম পেকে গেছেন, এবার জলদি বিয়েটা করে নিন","অঁনে বিয়ের লাই এব্বেরে পাগি গেইয়্যুন, এবার তারাতারি বিয়েগান গরি লন"
"আপনি বিয়ের জন্য একদম পেকে গেছেন, এবার জলদি বিয়েটা করে নিন","অঁনে বিয়ের লাই এব্বেরে পাগি গেইয়্যুন, এবার হারা বিয়েগান গরি লন"
"আমি ডক্তারের কাছে যাচ্ছি, তুমি কি আমার সাথে যাবে?","আঁই ডাক্তারোর হাছে যাইর, তুঁই কি আঁর ফুয়ারে যাইবে?"
"আমি ডক্তারের কাছে যাচ্ছি, তুমি কি আমার সাথে যাবে?","আঁই ডাক্তারোর হাছে যাইর, তুঁই কি আঁর লগে যাইবে?"
"আমি ডক্তারের কাছে যাচ্ছি, তুমি কি আমার সাথে যাবে?","আঁই ডাক্তারোর হাছে যাইর, তুঁই কি আঁর ওয়ারে যাইবে?"
"আমি আর জীবনে তোদের সাথে কোথাও যাব না, একবার গিয়ে শিক্ষা হয়ে গেছে","আঁই আর জীবনুত তোরার লগে হনোমিক্কে যাইতাম ন, একবার যায় শিক্ষা অই গেইয়্যি"
"আমি আর জীবনে তোদের সাথে কোথাও যাব না, একবার গিয়ে শিক্ষা হয়ে গেছে","আঁই আর জীবনুত তোরার ওয়ারে হনোমিক্কে যাইতাম ন, একবার যায় শিক্ষা অই গেইয়্যি"
"আমি আর জীবনে তোদের সাথে কোথাও যাব না, একবার গিয়ে শিক্ষা হয়ে গেছে","আঁই আর জীবনুত তোরার ফুয়ারে হনোমিক্কে যাইতাম ন, একবার যায় শিক্ষা অই গেইয়্যি"
সরকার নতুন নিয়ম করেছে মার্কেট দ্রুত বন্ধ করে দেওয়ার,সরকারে নতুম নিয়ম গইজ্জি মার্কেট হারা বন্ধ গরি দিবের
সরকার নতুন নিয়ম করেছে মার্কেট দ্রুত বন্ধ করে দেওয়ার,সরকারে নতুম নিয়ম গইজ্জি মার্কেট তারাতারি বন্ধ গরি দিবের
সরকার নতুন নিয়ম করেছে মার্কেট দ্রুত বন্ধ করে দেওয়ার,সরকারে নতুম নিয়ম গইজ্জি মার্কেট জলদি বন্ধ গরি দিবের
"আমি তাদের বারবার নিষেধ করেছিলাম, কিন্তু তারা আমার কথা শোনে নি","আঁই ইতারারে বারবার নিষেধ গইজ্জিলাম, কিন্তু ইতারা আঁর হতা নো উনে"
"আমি তাদের বারবার নিষেধ করেছিলাম, কিন্তু তারা আমার কথা শোনে নি","আঁই ইতারারে বারবার নিষেধ গইজ্জিলাম, কিন্তু ইতারা আঁর হথা নো উনে"
তুমি যেকোনোভাবে আজকের মধ্যেই কাগজে সই করে নাও,তুঁই যেহনোভাবে আজিয়ের মধ্যেই হাগজুত সই গরি লও
নানুর বাড়ি গেলে মামাতো ভাইবোনদের সাথে অনেক গল্প হয়,নানারো বারিত যাইলি মঅতু ভাই বইন অক্কলুর লগে বত গল্প অই
নানুর বাড়ি গেলে মামাতো ভাইবোনদের সাথে অনেক গল্প হয়,নানারো বারিত যাইলি মঅতু ভাই বইন অক্কলুর ওয়ারে বত গল্প অই
নানুর বাড়ি গেলে মামাতো ভাইবোনদের সাথে অনেক গল্প হয়,নানারো বারিত যাইলি মঅতু ভাই বইন অক্কলুর ফুয়ারে বত গল্প অই
"কি আর বলব, তুমি তো আমাকে ভুলে গেছো","কি আর হইয়্যুম, তুঁই তো আঁরে ভুলি গেইয়্যো"
রাতে দেরি করে ঘুমানো উচিত না,রাতিয়ে দেরি গরি ঘুম যন উচিত ন
মুরগির মাংসের চেয়ে ডাল আর আলু ভর্তা বেশি ভালো লাগে,কুরো গোস্তত্তুন বর ডেইল আর আলুচ চান্নি বেশি ভালা লাগে
মুরগির মাংসের চেয়ে ডাল আর আলু ভর্তা বেশি ভালো লাগে,কুরো গোস্তত্তুন বর ডেইল আর আলুচ চান্নি বেশি গম লাগে
মুরগির মাংসের চেয়ে ডাল আর আলু ভর্তা বেশি ভালো লাগে,কুরো গোস্তত্তুন বর ডেইল আর আলুচ ভত্তা বেশি ভালা লাগে
মুরগির মাংসের চেয়ে ডাল আর আলু ভর্তা বেশি ভালো লাগে,কুরা গোস্তত্তুন বর ডেইল আর আলুচ চান্নি বেশি ভালা লাগে
"লিখতে লিখতে আমার হাত ব্যথা হয়ে গেছে, তাও লেখা শেষ হয় না","লেখতে লেখতে আঁর আত ব্যথা অই গেইয়্যি, তাও লেহা শেষ ন অর"
"অফিসের নতুন কলিগটা অনেক মিশুক, সবার সঙ্গে খুব তাড়াতাড়ি মিশে যাচ্ছে","আফিসুর নতুন কলিগ ইবে বত মিশুক, বিয়াজ্ঞুনুর লগে বত তারাতারি মিশি যার"
"গত দুই দিন ধরে গায়ে অনেক জ্বর, কিছু খেতে পারছি না","গত দুদিন ধরি গা'আত বত জ্বর, কিছু হাইত ন পারির"
"আমার স্বামীর চাকরি ওখানে, তাই আমরা ওখানেই থাকি","আঁর জামাই উর চঅরি অনডে, এতেল্লে আঁরা অনডে থাহি"
"বাজার থেকে শিম এনেছি, আজকে দুপুরে শিম ভর্তা করো","বাজারোত্তুন ছৈই আইন্নি, আজিয়ে দুইজ্জে ছৈই ভত্তা গরো"
"বাজার থেকে শিম এনেছি, আজকে দুপুরে শিম ভর্তা করো","বাজারোত্তুন ছৈই আইন্নি, আজিইয়্যে দুইজ্জে ছৈই ভত্তা গরো"
"বাজার থেকে শিম এনেছি, আজকে দুপুরে শিম ভর্তা করো","বাজারোত্তুন ছৈই আইন্নি, আজিয়ে দুইরগে ছৈই ভত্তা গরো"
"বাজার থেকে শিম এনেছি, আজকে দুপুরে শিম ভর্তা করো","বাজারোত্তুন ছৈই আইন্নি, আজিয়ে দুইজ্জে ছৈই চান্নি গরো"
সারারাত জেগে থেকে ভোরে দুই ঘণ্টা ঘুমালাম,আঁরারাইত চেতন থাহি ফোওয়াত্তে দুই ঘন্টা ঘুম গেইলাম
"মুরগি কিনলে ওখান থেকে জবাই করে আনিয়েন, এখানে জবাই করতে পারব না","কুরো কিনিলি এত্তুন জুওয়ারাই আইন্নুন, এনডে জুওয়ারাইত ন ফাইজ্জুম"
"মুরগি কিনলে ওখান থেকে জবাই করে আনিয়েন, এখানে জবাই করতে পারব না","কুরা কিনিলি এত্তুন জুওয়ারাই আইন্নুন, এনডে জুওয়ারাইত ন ফাইজ্জুম"
বাসে বসে অনেকক্ষণ অপেক্ষা করতে হয়েছে,বাসোত বই রে বত হতক্ষন অপেক্ষা গরন পইজ্জি
"আজকে শুক্রবার, আজকে বেশি কাজ, সেজন্য বেশি ব্যস্ত থাকব","আজিয়্যে শুক্কুরবার, আজিয়্যে বেশি হাম, এতেল্লে বেশি বিজি থাইক্কুম"
"ভাই, সামনে রাস্তা ভাঙা, গাড়ি আর সামনে যেতে পারবে না","বদ্দা, সামনে রাস্তা ভাঙা, গারি আর সামনে যাইত ন ফারিবু"
"আমার টিকেট হারিয়ে গেছে, এখন কি নতুন করে কিনতে হবে নাকি অন্য কোনো ব্যবস্থা আছে?","আঁর টিকেট আঝি গেইয়্যি, এহন কি নতুন গরি কিনন ফরিবু নাকি অন্য হনো ব্যবাস্থা আছে?"
আপনি কেমন আছেন? ,অঁনে কেন আছন?
"আম্মু যদি কোনোভাবে জেনে যায়, তাহলে অনেক সমস্যা হবে","আম্মু যদি হনোভাবে জানি যায়, তইলি বত সমস্যা অইবু"
মুরগির পিসগুলো মিডিয়াম সাইজের করতে বলিও,মুরগির পিস এগিন মিডিয়াম সাইজুর গইত্তো হইয়্যো
"আজকে একটা আকাম হয়েছে, আমার জুতা চুরি হয়ে গেছে","আজিয়ে এক্কান আকাম অইয়্যি, আঁর জুতা চুরি অই গেইয়্যি"
"আজকে একটা আকাম হয়েছে, আমার জুতা চুরি হয়ে গেছে","আজিইয়্যে এক্কান আকাম অইয়্যি, আঁর জুতা চুরি অই গেইয়্যি"
রান্নাঘর থেকে বিরিয়ানির সুগন্ধি আসছে,বসহানাত্তুন বিরেনির হুসবো আইয়্যির
"সামনে ফুটবল বিশ্বকাপ, তাই নতুন টিভি কিনে এনেছি","সাম্মোদ্দি ফটবল বিশ্বকাপ, এতেল্লে নতুন টিভি কিনি এইন্নি"
এভাবে চলাফেরা করলে গ্রামের মানুষজন আমাদেরকে খারাপ বলবে,এন গরি চালাফেরা গরিলি গ্রামুর মানুষজন আঁরারে হারাফ হইবু
লিস্টে কি আমার নাম আসেনি? এমন তো হওয়ার কথা না,লিস্ট উত কি আঁর নাম ন আইয়্যি? এরহম অইবের তো হতা নো
লিস্টে কি আমার নাম আসেনি? এমন তো হওয়ার কথা না,লিস্ট উত কি আঁর নাম ন আইয়্যি? এরহম অইবের তো হথা নো
এত দাম দিয়ে কিনলে আমার পোষাবে না,এল্লেত দাম দি লইলি আত্তুন ন পোষাইবু
এত দাম দিয়ে কিনলে আমার পোষাবে না,এতো দাম দি লইলি আত্তুন ন পোষাইবু
"আম্মু, আমার মাথায় একটু তেল দিয়ে দাও না","আম্মু, আঁর মাথাত এক্কানা তেল দি দও না"
"আম্মু, আমার মাথায় একটু তেল দিয়ে দাও না","আম্মু, আঁর মাথাত ইক্কিনি তেল দি দও না"
তোমার মন খারাপ দেখে তোমার জন্য বিরিয়ানি রান্না করেছি,তোঁয়ার মন হারাপ দেহি তোঁয়ার লাই বিরেনি রান্না গইজ্জি
"বাজারে সিন্ডিকেট বেড়ে গেছে, এদের কারণে সব জিনিসের দাম বেশি","বাজারুত সিন্ডিকেট বারি গেইয়্যি, ইতারার হারনে বিয়াক জিনিসুর দাম বেশি"
"তামিমের একটা অভ্যাস আছে, সে প্রতিদিন সকালে উঠে এক কাপ চা খায়","তামিমুর এক্কান অভ্যেস আছে, ইতে পইত্তোদিন বেইন্নে উডি এক হাপ চা হায়"
"তামিমের একটা অভ্যাস আছে, সে প্রতিদিন সকালে উঠে এক কাপ চা খায়","তামিমুর এক্কান অভ্যেস আছে, ইতে পইত্তোদিন ফজোরত উডি এক হাপ চা হায়"
বলটি কোনদিকে মারছো? খোজে পাচ্ছিনা,বল ইবে হুনদি মাইজ্জো? তোওয়াই ন পাইদ্দি
"আমাকে তাড়াতাড়ি আপডেট জানান, এখানে সবাই চিন্তায় আছে","আঁরে তারাতারি আপডেট জানোন, এনডে বিয়াজ্ঞুন চিন্তেত আছে"
"আমাকে তাড়াতাড়ি আপডেট জানান, এখানে সবাই চিন্তায় আছে","আঁরে তারাতারি আপডেট জানোন, এনডে বেজ্ঞুন চিন্তেত আছে"
চুরি করে কোনো কিছু অর্জন করে কী লাভ?,চুরি গরি হনো কিছু অর্জন গরি কি লাভ?
"আমার মাথা ব্যথা করছে বেশি, মনে হয় ঠাণ্ডা লেগে গেছে","আত্তুন মাথা ব্যথা গরের বেশি, মনে অয় ঠাণ্ডা লাগি গেইয়্যি"
তুমি কি আসবে?,তুঁই কি আইবে?
"কী রে, তোর চেহারা দেখে মনে হচ্ছে সারারাত ঘুমাসনি","কী রে, তোর চিয়ারা দেহি মনে অর আঁরারাইত নো ঘুমস"
"আজকে কিছু জিনিস আনতে ভুলে গেছি, কাল আবারও বাজার করতে হবে","আজিয়ে কিছু জিনিস আনিবের লাই ভুলি গেই, হালিয়ে আবারও বাজার গরন ফরিবু"
"আজকে কিছু জিনিস আনতে ভুলে গেছি, কাল আবারও বাজার করতে হবে","আজিইয়্যে কিছু জিনিস আনিবের লাই ভুলি গেই, হালিয়ে আবারও বাজার গরন ফরিবু"
"আমার বউটা অনেক ভাগ্যবতী, সে ঘরে আসার পর থেকে সবকিছু ভালো হচ্ছে","আঁর বউ ইবে বত ভেগ্যবতী, ইবে ঘরুত আইবের পরুত্তুন বিয়াক কিছু ভালা অর"
"আমার বউটা অনেক ভাগ্যবতী, সে ঘরে আসার পর থেকে সবকিছু ভালো হচ্ছে","আঁর বউ ইবে বত ভেগ্যবতী, ইবে ঘরুত আইবের পরুত্তুন বিয়াক কিছু গম অর"
"বেশি জোরে বাতাস হচ্ছে, মনে হয় আজ আর কারেন্ট আসবে না","বেশি জোরে বাতাস অর, মনে অয় আজিয়ে আর কারোন ন আইবু"
আজকে মুরগি দিয়ে আলু এবং টমেটো ভর্তা করব,আজিয়ে কুরো দি আলু আর হাট্টা বেইয়্যুন চান্নি গইজ্জুম
আজকে মুরগি দিয়ে আলু এবং টমেটো ভর্তা করব,আজিইয়্যে কুরো দি আলু আর হাট্টা বেইয়্যুন চান্নি গইজ্জুম
আজকে মুরগি দিয়ে আলু এবং টমেটো ভর্তা করব,আজিয়ে কুরো দি আলু আর হাট্টা বেইয়্যুন ভত্তা গইজ্জুম
আজকে মুরগি দিয়ে আলু এবং টমেটো ভর্তা করব,আজিয়ে কুরা দি আলু আর হাট্টা বেইয়্যুন চান্নি গইজ্জুম
আপনি আগামীকাল আসতে পারবেন?,অঁনে হালিইয়্যে আইত ফারিবেন?
"আসার সময় ঘরে তালা মেরে আসিস, না হলে চোর এসে চুরি করে সব নিয়ে যাবে","আইবের সমত ঘরোত তালা মারি আইস, নইলি চোর আই রে বিয়াক চুরি গরি লই যাইবু"
"এই শার্টটা নেন, গরমে পরে আরাম পাবেন","এই শার্ট ইবে লন, গরমুত পরি আরাম ফাইবেন"
"আদনান বলেছিল বিয়ে আগামীকাল, তাহলে আজ এত আয়োজন কিসের?","আদনান হইয়্যিল বিয়ে হালিয়ে, তইলি আজিয়ে এল্লেত আয়োজন কিয়ুর?"
"আদনান বলেছিল বিয়ে আগামীকাল, তাহলে আজ এত আয়োজন কিসের?","আদনান হইয়্যিল বিয়ে হালিয়ে, তইলি আজিয়ে এতো আয়োজন কিয়ুর?"
আমার হাত পা ব্যথা করছে,আঁর আত পা ব্যথা গরের
"আমি সারাদিন না খেয়ে আছি, আমাকে কিছু খেতে দিন","আঁই আরাদিন ন হায় আছি, আঁরে কিছু হাইতু দন"
"আমি সারাদিন না খেয়ে আছি, আমাকে কিছু খেতে দিন","আঁই ফুরোদিন ন হায় আছি, আঁরে কিছু হাইতু দন"
"আচ্ছা ঠিকাছে, আমি উঠছি","আইচ্ছে ঠিকাছে, আঁই উডির"
"আমি মামির সাথে কথা বলেছি, মামি বলছে তুমি চাইলে আমার সাথে বাসা দেখতে যেতে পার","আঁই মামির লগে হতা হইলাম, মামি হদ্দে তুঁই চাইলি আঁর লগে বাসা চাইতু যাইত পারো"
"আমি মামির সাথে কথা বলেছি, মামি বলছে তুমি চাইলে আমার সাথে বাসা দেখতে যেতে পার","আঁই মামির ওয়ারে হতা হইলাম, মামি হদ্দে তুঁই চাইলি আঁর লগে বাসা চাইতু যাইত পারো"
"আমি মামির সাথে কথা বলেছি, মামি বলছে তুমি চাইলে আমার সাথে বাসা দেখতে যেতে পার","আঁই মামির ফুয়ারে হতা হইলাম, মামি হদ্দে তুঁই চাইলি আঁর লগে বাসা চাইতু যাইত পারো"
"আমি মামির সাথে কথা বলেছি, মামি বলছে তুমি চাইলে আমার সাথে বাসা দেখতে যেতে পার","আঁই মামির লগে হথা হইলাম, মামি হদ্দে তুঁই চাইলি আঁর লগে বাসা চাইতু যাইত পারো"
এটা আমি খুঁজে পেয়েছি,ইয়েন আঁই তোওয়াই পায়
পুকুরে অনেক বড় একটা শোল মাছ দেখেছি,ফইরোত বত বরো উজ্ঞো অলি মাছি দেইক্কি
"ঝড় তো থামার নাম নিচ্ছে না, একটানা পড়েই যাচ্ছে","ঝর তো থামিবের নাম ন লর, একটানা পরিই যার"
"আমরা তিনজন বন্ধু, আমাদের একটা বড় রুম দিলেই হবে","আঁরা তিনজন বন্ধু, আঁরারে এক্কান বরো রুম দিলিই অইবু"
"তুমি তো এখনো সেন্ট মার্টিন যাওনি, গেলে বুঝতে সুন্দর কাকে বলে","তুঁই তো এহনো সেন্ট মার্টিন ন যও, গেলি বুইজতে সুন্দর হারে হয়"
"তুমি তো এখনো সেন্ট মার্টিন যাওনি, গেলে বুঝতে সুন্দর কাকে বলে","তুঁই তো এইজু সেন্ট মার্টিন ন যও, গেলি বুইজতে সুন্দর হারে হয়"
"ডাক্তার বললেন, রক্তে শর্করার মাত্রা বেড়ে গেছে, খাওয়াদাওয়া নিয়ন্ত্রণ করতে হবে","ডাক্তার হইয়্যি রক্তত শর্করার মাত্রা বারি গেইয়্যি, হানাপিনে নিয়ন্ত্রণ গরন ফরিবু"
মন খারাপ থাকলে বন্ধুদের সঙ্গে ঘুরে আয়,মন হারাপ থাহিলি বন্ধু অক্কলুর লগে ঘুরি আয়
"স্যার, কাগজটায় একটু সই করে দিন, দেরি হয়ে যাচ্ছে","স্যার, হাগজ ইয়েনুত এক্কানা সই গরি দন, দেরি অই যার"
"স্যার, কাগজটায় একটু সই করে দিন, দেরি হয়ে যাচ্ছে","স্যার, হাগজ ইয়েনুত ইক্কিনি সই গরি দন, দেরি অই যার"
আজকের আবহাওয়া দেখে মনে হচ্ছে ছাতা ছাড়া বের হওয়া ঠিক হবে না,আজিয়ের আবাহাওয়া দেহি মনে অদ্দে ছাতি ছাড়া বাইর অন ঠিক ন অইবু
"ফ্রিজের টমেটোগুলো পচে গেছে, বাজার থেকে এক কেজি টমেটো নিয়ে এসো","ফ্রিজুর হাট্টা বেইয়্যুন এগুন পুচি গেইয়্যি, বাজারুত্তুন এক কেজি হাট্টা বেইয়্যুন লই আইয়্যো"
"দাঁড়াও, একটু অপেক্ষা করো, আগে আমারটা করে ফেলি, তারপর তোমারটা করে দেব","থিয়েও, এক্কানা অপেক্ষা গরো, আগে আঁর ইয়েন গরি ফেলাই, তারপর তোঁয়ার ইয়েন গইজ্জুম"
"দাঁড়াও, একটু অপেক্ষা করো, আগে আমারটা করে ফেলি, তারপর তোমারটা করে দেব","থিয়েও, ইক্কিনি অপেক্ষা গরো, আগে আঁর ইয়েন গরি ফেলাই, তারপর তোঁয়ার ইয়েন গইজ্জুম"
"তুই আমার চাকর, আমি যা বলব তোকে তা শুনতে হবে","তুই আঁর চঅর, আঁই যা হইয়্যুম তোরতুন তা উনোন ফরিবু"
"আজকে শুক্রবার, সেজন্য আজকে জুমার নামাজ পড়তে হবে","আজিয়ে শুক্কুরবার, এতেল্লে আজিয়ে জুমার নামাজ ফরন ফরিবো"
"আজকে শুক্রবার, সেজন্য আজকে জুমার নামাজ পড়তে হবে","আজিইয়্যে শুক্কুরবার, এতেল্লে আজিয়ে জুমার নামাজ ফরন ফরিবো"
এবার রমজানে পেঁয়াজের দাম আগুনের মতো,এবার রমজানুত পিয়েজুর দাম অইনুর মতন
দূরে কোথাও গেলে ঘর থেকে দোয়া পড়ে বের হতে হয়,দুরে হনোমিক্কে গেলি ঘরুত্তুন দোয়া পরি বাইর অন ফরে
"আম্মু বেত নিয়ে আসছে, তাড়াতাড়ি পুকুর থেকে উঠে আয়","আম্মু বেত লইয়্যিরে আইয়্যির, তারাতারি ফইরোত্তুন উডি আই"
"স্যার, আমার সিভিটা একটু দেখেন, আর কোথাও ভুল থাকলে ঠিক করে দিন","স্যার, আঁর সিভিগান এক্কানা সন, আর হনোমিক্কে ভুল থাহিলি ঠিক গরি দন"
"স্যার, আমার সিভিটা একটু দেখেন, আর কোথাও ভুল থাকলে ঠিক করে দিন","স্যার, আঁর সিভিগান ইক্কিনি সন, আর হনোমিক্কে ভুল থাহিলি ঠিক গরি দন"
"আর এটা যদি আমি না আনতাম, তাহলে তোমার কষ্ট করে আবার আনতে হতো না?","আর ইয়েন যদি আঁই নো আইন্তাম, তইলি তোঁয়াত্তুন হষ্ট গরি আবার আনন ন ফইত্তো?"
"বালি আর্কেডে যাব না এবার, গত বছর পাঞ্জাবি একটা নিয়ে ঠকেছি ওখান থেকে","বালি আর্কেডুত যাইতাম ন এবার, গত বছর পাঞ্জাবি উজ্ঞো লই ঠইক্কিলাম এত্তুন"
মালিহার নাকি বিয়ে ঠিক হয়েছে? তার এত জলদি বিয়ে হবে চিন্তা করিনায়,মালিহার বলে বিয়ে ঠিক অইয়্যি? ইতির এল্লেত তারাতারি বিয়ে অইবু ইয়েন চিন্তে নো গরি
মালিহার নাকি বিয়ে ঠিক হয়েছে? তার এত জলদি বিয়ে হবে চিন্তা করিনায়,মালিহার বলে বিয়ে ঠিক অইয়্যি? ইতির এতো তারাতারি বিয়ে অইবু ইয়েন চিন্তে নো গরি
মালিহার নাকি বিয়ে ঠিক হয়েছে? তার এত জলদি বিয়ে হবে চিন্তা করিনায়,মালিহার বলে বিয়ে ঠিক অইয়্যি? ইতির এল্লেত হারা বিয়ে অইবু ইয়েন চিন্তে নো গরি
মালিহার নাকি বিয়ে ঠিক হয়েছে? তার এত জলদি বিয়ে হবে চিন্তা করিনায়,মালিহার বলে বিয়ে ঠিক অইয়্যি? ইতির এল্লেত জলদি বিয়ে অইবু ইয়েন চিন্তে নো গরি
তুমি কে? আমি কি তোমাকে চিনি?,তুঁই হন? আঁই কি তোঁয়ারে চিনি?
এত চিন্তা করলে মাথার চুল যা আছে সব পড়ে যাবে,এত চিন্তে গরিলি মাথাত চুল যা আছে বিয়াক পরি যাইবু
জেলেরা নদীতে গিয়ে জাল দিয়ে মাছ ধরে,জেইল্লে অক্কল দইজ্জেত যাই জাল দি মাছ ধরে
বৃষ্টির মধ্যে ট্রেন জার্নি অনেক মজা হবে,ঝরোর মধ্যে ট্রেন জার্নি বত মজা অইবু
বাস কি সামনের স্টেশনে থামবে? নামাজের সময় হয়ে গেছে,বাস কি সামনুর স্টেশনুত থামিবু? নামাজুর সময় অই গেইয়্যি
"বাবা, আমার ল্যাপটপটা একটু ঠিক করিয়ে দাও, কাল থেকে অনলাইন ক্লাস আছে","আব্বু, আঁর লেপটপ ইবে এক্কানা ঠিক গরি দও, হালিয়েত্তুন অনলাইন ক্লাস আছে"
"বাবা, আমার ল্যাপটপটা একটু ঠিক করিয়ে দাও, কাল থেকে অনলাইন ক্লাস আছে","আব্বু, আঁর লেপটপ ইবে ইক্কিনি ঠিক গরি দও, হালিয়েত্তুন অনলাইন ক্লাস আছে"
চলে যাবেন? কেন চলে যাবেন?,চলি যাইবেন? কিল্লে চলি যাইবেন?
"আগে মাঠে গেলে আমার সব বন্ধুদের দেখতাম, এখন সবাই নিজেদের জীবন নিয়ে ব্যস্ত","আগে মাডুত যাইলি আঁর বিয়াক বন্ধু অক্কলুরে দেহিতাম, এহন বিয়াজ্ঞুন নিজুর জীবন লই ব্যস্ত"
"আগে মাঠে গেলে আমার সব বন্ধুদের দেখতাম, এখন সবাই নিজেদের জীবন নিয়ে ব্যস্ত","আগে মাডুত যাইলি আঁর বিয়াক বন্ধু অক্কলুরে দেহিতাম, এহন বেজ্ঞুন নিজুর জীবন লই ব্যস্ত"
সারাদিন ফোনে গেমস না খেলে একটু বাইরে মাঠে গিয়ে খেলতে পারিস না,আরাদিন ফোনুত গেম ন খেলি এক্কানা বাইরে মাডুত যাই খেলিত ন পারস?
সারাদিন ফোনে গেমস না খেলে একটু বাইরে মাঠে গিয়ে খেলতে পারিস না,আরাদিন ফোনুত গেম ন খেলি ইক্কিনি বাইরে মাডুত যাই খেলিত ন পারস?
সারাদিন ফোনে গেমস না খেলে একটু বাইরে মাঠে গিয়ে খেলতে পারিস না,আরাদিন ফোনুত গেম ন খেলি এক্কানা বাদ্দি মাডুত যাই খেলিত ন পারস?
সারাদিন ফোনে গেমস না খেলে একটু বাইরে মাঠে গিয়ে খেলতে পারিস না,ফুরোদিন ফোনুত গেম ন খেলি এক্কানা বাইরে মাডুত যাই খেলিত ন পারস?
আমি বলেছি যখন অবশ্যই সাহায্য করব,আঁই হইয়্যি যহন অবশ্যই সাহায্য গইজ্জুম
"তুই সারাদিন এত এত খাস, তাও মোটা হোস না, আর আমি অল্প খেলেই মোটা হয়ে যাই","তুই আরাদিন এত এত হস, তাও মোটা ন অস, আর আঁই অল্প হাইলিই মোটা অই যাই"
"তুই সারাদিন এত এত খাস, তাও মোটা হোস না, আর আমি অল্প খেলেই মোটা হয়ে যাই","তুই ফুরোদিন এত এত হস, তাও মোটা ন অস, আর আঁই অল্প হাইলিই মোটা অই যাই"
ছেলেমেয়ে একসাথে দূরে ঘুরতে যাওয়া ঠিক না,ফুওয়া-মেইফুওয়া একলগে দুরে ঘুইত্তু যন ঠিক ন
ছেলেমেয়ে একসাথে দূরে ঘুরতে যাওয়া ঠিক না,ফুওয়া-মেইফুওয়া এক্কোত্তরে দুরে ঘুইত্তু যন ঠিক ন
ছেলেমেয়ে একসাথে দূরে ঘুরতে যাওয়া ঠিক না,ফুওয়া-মেইফুওয়া এক্কোওয়ারে দুরে ঘুইত্তু যন ঠিক ন
ছেলেমেয়ে একসাথে দূরে ঘুরতে যাওয়া ঠিক না,ফুওয়া-মেইফুওয়া এক্কোফুয়ারে দুরে ঘুইত্তু যন ঠিক ন
এই জায়গায় একটা ভুল হয়েছে,এই জাগাত এক্কান ভুল অইয়্যি
"মারজানের কি খবর? শুনেছি তার নাকি বিয়ে ঠিক হয়ে গেছে, এটা কি সত্যি?","মারজানোর কি হবর? উইন্নিলাম তার নাকি বিয়ে ঠিক অই গেইয়্যি, ইয়েন কি আ'ছা?"
এবার ঠান্ডা একটু বেশি পড়ছে,এবার ঠান্ডা এক্কানা বেশি পরের
এবার ঠান্ডা একটু বেশি পড়ছে,এবার ঠান্ডা ইক্কিনি বেশি পরের
দোয়ার মাধ্যমে মানুষের ভাগ্য পরিবর্তন হয়,দোয়ার মাইধ্যমে মাইনষুর ভেগ্য পরিবর্তন অয়
দোয়ার মাধ্যমে মানুষের ভাগ্য পরিবর্তন হয়,দোয়ার মাইধ্যমে মাইনষুর ভাইগ্য পরিবর্তন অয়
দোয়ার মাধ্যমে মানুষের ভাগ্য পরিবর্তন হয়,দোয়ার মাইধ্যমে মাইনষুর হুয়াল পরিবর্তন অয়
"নাস্তা করতে আসো, ঠান্ডা হয়ে যাচ্ছে","নাস্তা গইত্তো আইয়্যু, ঠান্ডা অই যার"
"রেগে গেলে তো হেরে গেলেন, রাগ কন্ট্রোল করতে হবে","রাগি গেলি তো অডি গেইয়্যুন, রাগ কন্ট্রোল গরন ফরিবু"
সব ঠিকঠাক থাকলে আমরা আগামীকাল সকাল সকাল বের হয়ে যাব,বিয়াক ঠিকঠাক থাহিলি আঁরা হালিয়ে সকাল সকাল বাইর অই যাইয়্যুম
"বাবা রাতে ভারী খাবার খায় না, শুধু হালকা কিছু খেয়ে ঘুমিয়ে পড়েন","আব্বু রাতিয়ে ভারী হানা ন হায়, উধো হালকা কিছু হায় ঘুম যাগো"
"বাবা রাতে ভারী খাবার খায় না, শুধু হালকা কিছু খেয়ে ঘুমিয়ে পড়েন","আব্বু রাতিয়ে ভারী হানা ন হায়, উধো আলহা কিছু হায় ঘুম যাগো"
তুমি কেমন আছো?,তুঁই কেন আছো?
ভাই এগুলো কি দেখাচ্ছেন? সুতির শাড়ি দেখান,বদ্দা এগিন ক দেহাইতে লাইজ্ঞুন? সুতোর শারি দেহন
"ক্রিকেটে ভারত অনেক ভালো খেলে, কিন্তু ফুটবলে ভালো না","ক্রিকেটুত ভারত বত ভালা খেলে, কিন্তু ফুটবলুত ভালা ন"
"ক্রিকেটে ভারত অনেক ভালো খেলে, কিন্তু ফুটবলে ভালো না","ক্রিকেটুত ভারত বত গম খেলে, কিন্তু ফুটবলুত ভালা ন"
"আর কত লাভ করবেন আপনারা, এত টাকা নিয়ে কী কবরে যাবেন?","আর হত লাভ গরিবেন অঁনেরা, এত টিয়া লই কী হবরুত যাইবেন?"
"ঘরে রোদ ঢুকছে, জানালার পর্দাটা টেনে দাও","ঘরোত রইদ ঢুকের, জনালার পর্দাগান টানি দ"
সন্ধ্যায় চা খাবে নাকি কফি খাবে?,আজুইন্নে চা হাইবে নাকি কফি হাইবে?
"আমার নানু যখন বেঁচে ছিলেন, তখন উনি আমাদের পিঠা বানিয়ে খাওয়াতেন","আঁর নানু যহন বাছি আছিল, তহন ইবে আঁরারে পিডে বানাই হাবাইতু"
"আপু, তোমার বাচ্চা পায়খানা করে দিয়েছে","আফা, তোঁয়ার ফুয়া ফেহেনা গরি দিইয়্যি"
"স্যার, এই অধ্যায়টা পরীক্ষার জন্য কতটা গুরুত্বপূর্ণ বলে মনে করেন?","স্যার, এই অধ্যায় ইবে পরীক্ষের লাই হতটা গুরুত্বপূর্ণ বলি মনে গরন?"
আমার মনে হচ্ছে মেয়েটা তোকে যাদু করেছে,আত্তুন মনে অদ্দে মেইফুওয়া ইবে তুরে যাদু গইজ্জি
আলসেমি না করে তাড়াতাড়ি বাজার নিয়ে এসো,আলসেমি ন গরি তারাতারি বাজার লই আইয়্যো
"আমি তোমার সঙ্গে যাব না, আমি একা চলে যেতে পারব","আঁই তোঁয়ার লগে যাইতাম নো, আঁই এহেল্লে যাইত পাইজ্জুম"
একবার আম্মু ওদের দুজনকে অনেক মেরেছিল,একবার আম্মু ইতারা দুনুজনোরে বত মেইজ্জিল
আমি একটা কথা বলতে চাচ্ছি,আঁই এক্কান হতা হইতাম চাইদ্দি
আমি একটা কথা বলতে চাচ্ছি,আঁই এক্কান হথা হইতাম চাইদ্দি
"সায়েমকে ফোন করে জিজ্ঞেস কর, পরীক্ষা কখন সেটা","সায়েম উরে ফোন গরি ফুস গর, পরীক্ষে হত্তে ইয়েন"
"সায়েমকে ফোন করে জিজ্ঞেস কর, পরীক্ষা কখন সেটা","সায়েম উরে ফোন গরি ফুসর গর, পরীক্ষে হত্তে ইয়েন"
আরো অনেক কাজ বাকি আছে,আরো বত হাজ বাকি আছে
আরো অনেক কাজ বাকি আছে,আরো বত হাম বাকি আছে
বাইরে এভাবে চিৎকার করছে কে? আমার আগামীকাল পরীক্ষা,বাইরে এন গরি চিল্লেদ্দে হনে? আঁর হালিয়ে পরীক্ষে
বাইরে এভাবে চিৎকার করছে কে? আমার আগামীকাল পরীক্ষা,বাদ্দি এন গরি চিল্লেদ্দে হনে? আঁর হালিয়ে পরীক্ষে
এই গরমের মধ্যে মাঠে কাজ করা অনেক কষ্টকর,এই গরমুর মধ্যে মাডুত হাজ গরন বত হষ্টকর
এই গরমের মধ্যে মাঠে কাজ করা অনেক কষ্টকর,এই গরমুর মধ্যে মাডুত হাম গরন বত হষ্টকর
ডাক্তার বললেন বেশি রাত জেগে থাকার কারণে স্বাস্থ্যের অনেক ক্ষতি হচ্ছে,ডাক্তার হইয়্যি বেশি রাইত চেতন থাহিবের হারনে স্বাইস্থর বত হতি অর
দেখো আমার বাগানটা কত সুন্দর!,স আঁর বাগান ইয়েন হতো সুন্দর!
স্যার যে হোমওয়ার্ক দিয়েছে সেগুলো করেছ?,স্যার যে হোমওয়ার্ক দিয়ি এগিন গইজ্জো?
"নানুর বয়স হয়েছে, সেজন্য সবকিছু ভুলে যায়","নানির বয়স অইয়্যি, এতেল্লে বিয়াক ভুলি যায়"
"পানি পড়ে চুলার আগুন নিভে গেছে, আবার জ্বালিয়ে দাও তো","পানি পরি চুলোর অইন নিফি গেইয়্যি, আবার জলাই দও তো"
আমি তোমাকে অনেক অনেক ভালবাসি,আঁই তোঁয়ারে বত বত ভালবাসি
মনে থাকবে কি কি আনতে হবে?,মনোত থাহিবু কি কি আনন ফরিবু?
"আজ সূর্য কোন দিকে উঠছে, তুই আমার বাড়িতে!","আজিয়ে সুর্য হুনদি উইট্টি, তুই আঁর বারিত!"
তোমাকে সবুজ রঙের কাপড়ে অনেক মানাবে,তোঁয়ারে সবুজ রঙুর হরে বত মানাইবু
"মা, আমি বন্ধুর সাথে বিকেলে একটু হাঁটতে বের হব","আম্মু, আঁই বন্ধুর লগে বিয়েলে এক্কানা আইটতাম বাইর অইয়্যুম"
"মা, আমি বন্ধুর সাথে বিকেলে একটু হাঁটতে বের হব","আম্মু, আঁই বন্ধুর লগে বিয়েলে ইক্কিনি আইটতাম বাইর অইয়্যুম"
"মা, আমি বন্ধুর সাথে বিকেলে একটু হাঁটতে বের হব","আম্মু, আঁই বন্ধুর ওয়ারে বিয়েলে এক্কানা আইটতাম বাইর অইয়্যুম"
"মা, আমি বন্ধুর সাথে বিকেলে একটু হাঁটতে বের হব","আম্মু, আঁই বন্ধুর ফুয়ারে বিয়েলে এক্কানা আইটতাম বাইর অইয়্যুম"
"তোরে দেখে চেনা চেনা লাগছে, তোর নাম কি শরীফ?","তোরে দেহি চিনা চিনা লাগের, তোর নাক কি শরীফ?"
"আমাদের বাস কুমিল্লায় একটা হোটেলে থামবে, আমরা ওখান থেকে রাতের খাবার খেয়ে নেব","আঁরার বাস কুমিল্লেত এক্কান হোটেলুত থামিবু, আঁরা এনডেত্তুন রাতিয়ের হানা হায় লইয়্যুম"
তোমাকে হাসলে অনেক সুন্দর লাগে,তোঁয়ারে আ'সিলি বত সুন্দর লাগে
"আজ ক্লাসে যা পড়িয়েছে, সব আমার মাথার ওপর দিয়ে গেছে",আজিয়ে ক্লাসুত যা পরাইয়্যি বিয়াক আঁর মাথার উদ্দি গেইয়্যি
ভাগ্য ভালো ছিল বলেই সেদিন দুর্ঘটনা থেকে বেঁচে গিয়েছিলাম,ভেগ্য ভালা আছিল বলি এদিন্নে দুর্ঘটনাত্তুন বাচি গেইলাম
ভাগ্য ভালো ছিল বলেই সেদিন দুর্ঘটনা থেকে বেঁচে গিয়েছিলাম,ভেগ্য গম আছিল বলি এদিন্নে দুর্ঘটনাত্তুন বাচি গেইলাম
ভাগ্য ভালো ছিল বলেই সেদিন দুর্ঘটনা থেকে বেঁচে গিয়েছিলাম,ভাইগ্য ভালা আছিল বলি এদিন্নে দুর্ঘটনাত্তুন বাচি গেইলাম
ভাগ্য ভালো ছিল বলেই সেদিন দুর্ঘটনা থেকে বেঁচে গিয়েছিলাম,হুয়াল ভালা আছিল বলি এদিন্নে দুর্ঘটনাত্তুন বাচি গেইলাম
"বেশি ঠান্ডা লাগছে, ফ্যানটা বন্ধ করো","বেশি ঠান্ডা লার, ফ্যান ইবে বন গরো"
"আগে যে শাড়িটা নিয়েছিলাম, ওটার মতো আরেকটা শাড়ি দিন","আগে যে শারি গান লইলাম, ইয়েনুর মতন আরেক্কান শারি দন"
বাহির থেকে চেয়ারটা ঘরে নিয়ে এসো,বাদ্দিত্তুন চিয়ার ইয়েন ঘরুত লই আইয়্যো
"মারুফ, তোর আপুকে একটু মেহেদি লাগিয়ে দে","মারুফ, তুর আফারে এক্কানা মে'দি লাগায় দে"
"মারুফ, তোর আপুকে একটু মেহেদি লাগিয়ে দে","মারুফ, তুর আফারে ইক্কিনি মে'দি লাগায় দে"
"আকাশে কালো মেঘ জমছে, মনে হচ্ছে আজকে রাতে ভারী বৃষ্টি হবে","আকাশুত হালা মৌলো জইম্মি, মনে অদ্দে আজিয়ে রাতিয়ে ভারী বৃষ্টি অইবু"
"আকাশে কালো মেঘ জমছে, মনে হচ্ছে আজকে রাতে ভারী বৃষ্টি হবে","আকাশুত হালা মৌলো জইম্মি, মনে অদ্দে আজিইয়্যে রাতিয়ে ভারী বৃষ্টি অইবু"
"তোর আপুর প্রেশার বেড়ে গেছে, জলদি একটা ডাক্তার নিয়ে আয়","তুর আফার প্রেশার বারি গেইয়্যি, হারা উজ্ঞো ডাক্তোর লই আয়"
"তোর আপুর প্রেশার বেড়ে গেছে, জলদি একটা ডাক্তার নিয়ে আয়","তুর আফার প্রেশার বারি গেইয়্যি, তারাতারি উজ্ঞো ডাক্তোর লই আয়"
"তোর আপুর প্রেশার বেড়ে গেছে, জলদি একটা ডাক্তার নিয়ে আয়","তুর আফার প্রেশার বারি গেইয়্যি, জলদি উজ্ঞো ডাক্তোর লই আয়"
"বন্যার পানিতে যাদের ক্ষতি হয়েছে, তাদেরকে সরকারের পক্ষ থেকে কিছু টাকা ক্ষতিপূরণ দেওয়া হবে","বন্যার পানিত যারার হতি অইয়্যি, ইতারারে সরকারুর পক্ষত্তুন কিছু টিয়া হতিফুরন দিবু"
তুমি কি জান আজকে কি হয়েছে?,তুঁই কি হইত পারো আজিয়ে কি অইয়্যি?
তুমি কি জান আজকে কি হয়েছে?,তুঁই কি হইত পারো আজিইয়্যে কি অইয়্যি?
"আমার সাথে ছোট বাচ্চা আছে, তাই একটু সামনের সিট দিলে ভালো হতো","আঁর লগে ছোডো ফুওয়া আছে, এতেল্লে এক্কানা সামনুর সিট দিলি ভালা অইতু"
"আমার সাথে ছোট বাচ্চা আছে, তাই একটু সামনের সিট দিলে ভালো হতো","আঁর লগে ছোডো ফুওয়া আছে, এতেল্লে এক্কানা সামনুর সিট দিলি গম অইতু"
"আমার সাথে ছোট বাচ্চা আছে, তাই একটু সামনের সিট দিলে ভালো হতো","আঁর লগে ছোডো ফুওয়া আছে, এতেল্লে ইক্কিনি সামনুর সিট দিলি ভালা অইতু"
"আমার সাথে ছোট বাচ্চা আছে, তাই একটু সামনের সিট দিলে ভালো হতো","আঁর ওয়ারে ছোডো ফুওয়া আছে, এতেল্লে এক্কানা সামনুর সিট দিলি ভালা অইতু"
"আমার সাথে ছোট বাচ্চা আছে, তাই একটু সামনের সিট দিলে ভালো হতো","আঁর ফুয়ারে ছোডো ফুওয়া আছে, এতেল্লে এক্কানা সামনুর সিট দিলি ভালা অইতু"
"আমার ঘরে ঝামেলা করছে, তাই যেতে পারছি না","আঁরো ঘরুত ঝামিলে গরের, এতেল্লে যাইত ন ফারির"
নানুর বাড়ি থেকে খালুর বাড়ি কম যাওয়া হয়,নানারো বারিত্তুন হালারো বারিত হম যন অয়
গরম কাপড় পড়ে বের হয়েছেন তো? আজকে বাইরে বেশি ঠাণ্ডা,গরম হর পরি বাইর অইয়্যুন তো? আজিয়্যে বাইরে বেশি ঠাণ্ডা
গরম কাপড় পড়ে বের হয়েছেন তো? আজকে বাইরে বেশি ঠাণ্ডা,গরম হর পরি বাইর অইয়্যুন তো? আজিয়্যে বাদ্দি বেশি ঠাণ্ডা
বাজারে যাওয়ার সময় ৫০০ টাকা হারিয়ে ফেলেছি,বাজারোত যাইবের সমত ৫০০ টিয়া আঝায় ফেলাই
তুই কি পাগল হয়ে গেছিস! এসব কী বলিস?,তুই কি ফঅল অই গেইয়্যুস! এগিন কি হস?
আপনার দোকানে ছোট বাচ্চাদের কাপড়ের কালেকশন কেমন?,অঁনোর দোয়ানুত গুরো ফুওয়া অলুর হরুর কালেকশন কেন?
"সব দোষ তোমার, তোমার জন্য এসব হচ্ছে","বিয়াক দোষ তোঁয়ার, তোঁয়ার হারোনে এগিন অর"
"দরজাটা একটু বন্ধ করে দাও, বাইরে থেকে শব্দ আসছে","দরজা ইয়েন বন্ধ গরি দও, বাইরেত্তুন শব্দ আইয়্যির"
"কেউ আমাদের ওপর যাদু করেছে, না হলে আমাদের মধ্যে এত ঝগড়া কেন হচ্ছে?","কিয়াই আঁরার উদ্দি যাদু গইজ্জি, নইলি আঁরার ভিতুর এল্লেত হইজ্জে কা অর?"
"কেউ আমাদের ওপর যাদু করেছে, না হলে আমাদের মধ্যে এত ঝগড়া কেন হচ্ছে?","কিয়াই আঁরার উদ্দি যাদু গইজ্জি, নইলি আঁরার ভিতুর এতো হইজ্জে কা অর?"
"আমরা সবাই মাঠে, তুই এখন কোথায়?","আঁরা বিয়াজ্ঞুন মাডোত, তুই এহন হনডে?"
"আমরা সবাই মাঠে, তুই এখন কোথায়?","আঁরা বেজ্ঞুন মাডোত, তুই এহন হনডে?"
"আমার পেটে আর জায়গা নাই, আর দিও না","আঁর পেডোত আর জাগা নাই, আর নইদ্দো"
"আজ আর ভর্তা করো না, বেশি ভর্তা খেলে পেট খারাপ হয়ে যাবে","আজিয়ে আর ভত্তা ন গইজ্জো, বেশি ভত্তা হাইলি পেট হারাপ অই যাইবু"
"আজ আর ভর্তা করো না, বেশি ভর্তা খেলে পেট খারাপ হয়ে যাবে","আজিয়ে আর চান্নি ন গইজ্জো, বেশি ভত্তা হাইলি পেট হারাপ অই যাইবু"
খাবার তো সব ঠান্ডা হয়ে যাচ্ছে,হানা তো বিয়াক ঠান্ডা অই যার
কেমন আছো জরিনা? তোমাকে অনেক মিস করতাছি,কেন আছো জরিনা? তোঁয়ার লাই বত পেট পুরের
"আর কত মানুষ নেবেন, এখানে জায়গা কোথায়?","আর হতো মানুষ লইবেন, এনডে জাগা হনডে?"
সকালের সূর্য অনেক সুন্দর,বেইন্নের সূর্য ইবে বত সুন্দর
"অতিরিক্ত দুশ্চিন্তা করলে মাথায় যন্ত্রণা শুরু হয়, কোনো কাজেই মন বসে না","অতিরিক্ত দুশ্চিন্তে গরিলি মাথাত যন্ত্রনা শুরু অয়, হনো হাজুত মন ন বইয়্যি"
বিপদে পড়লে তখন মানুষের আসল চেহারা দেখা যায়,বিপদুত ফরিলি তহন  মানুষুর আসল চিয়ারা দেহা যায়
"আমার এখন খেতে ইচ্ছে করছে না, তুমি খেয়ে নাও, আমি পরে খাব","আত্তুন এহন হাইতু মনে ন হর, তুঁই হায় লও, আঁই পরে হাইয়্যুম"
"তোমাকে বলেছিলাম রাত ১০টার আগে ঘুমিয়ে যেতে, আর তুমি কিনা ফোন টিপো!","তোঁয়ারে হইলাম দে রাতিয়ে ১০টার আগে ঘুমাই যাইতু, আর তুঁই কিন ফোন টিপো!"
"কিরে, তোর প্রেমিকার নাকি বিয়ে হয়ে যাচ্ছে?","কিরে, তোর প্রেমিকার বলে বিয়ে অই যার?"
"আমার মাথা ঘুরছে, কী করব বুঝছি না","আঁর মাথা ঘুরার, কী গইজ্জুম ন বুঝির"
"জামিল স্যারের ক্লাসে আমার খুব বিরক্ত লাগে, কী পড়ান আগামাথা বুঝি না","জামিল স্যার উর ক্লাসুত আঁর খুব বিরক্ত লাগে, কি পরাই আগামাথা ন বুঝি"
"আমার ছোট ভাই সারাদিন শুধু ভাত আর ডাল খায়, অন্য কিছু মুখে তোলে না","আঁর ছোডো ভাই আরাদিন উদো ভাত আর ডেইল হায়, অন্য কিছু মুখুত ন তোলে"
"আমার ছোট ভাই সারাদিন শুধু ভাত আর ডাল খায়, অন্য কিছু মুখে তোলে না","আঁর ছোডো ভাই ফুরোদিন উদো ভাত আর ডেইল হায়, অন্য কিছু মুখুত ন তোলে"
"আমার ছোট ভাই সারাদিন শুধু ভাত আর ডাল খায়, অন্য কিছু মুখে তোলে না","আঁর ছোডো ভাই আরাদিন শুধু ভাত আর ডেইল হায়, অন্য কিছু মুখুত ন তোলে"
"না ভাই, এখানে কোনো রিকশা নেই, আপনাকে হেঁটেই হোটেলে যেতে হবে","না বদ্দা, এনডে হনো রিকশা নেই, অঁনুত্তুন আডিইরে হোটেল উত যন ফরিবু"
"আমি ডাক্তারের সিরিয়াল পেয়েছি একদম শেষে, সবই বিরক্ত লাগছে","আঁই ডাক্তারুর সিরিয়েল পাইদি এব্বেরে শেষে, বিয়াক বিরক্ত লাগের"
"আমি ডাক্তারের সিরিয়াল পেয়েছি একদম শেষে, সবই বিরক্ত লাগছে","আঁই ডাক্তারুর সিরিয়েল পাইদি এব্বেরে শেষে, বিয়াক বিরক্ত লার"
আমি গত দুদিন ধরে শরীরে জ্বর নিয়ে কাজ করেছি,আঁই গত দুদিন ধরি শরীলুত জ্বর লই হাজ গরির
আমি গত দুদিন ধরে শরীরে জ্বর নিয়ে কাজ করেছি,আঁই গত দুদিন ধরি শরীলুত জ্বর লই হাম গরির
"আজকে আসতে পারব না, অন্য আরেকদিন আসব","আজিয়ে আইত ফাইত্তাম ন, অন্য আরেকদিন আইসসুম"
"আজকে আসতে পারব না, অন্য আরেকদিন আসব","আজিইয়্যে আইত ফাইত্তাম ন, অন্য আরেকদিন আইসসুম"
তোর বাবা নাকি আরেকটা বিয়ে করছেন? ঘটনাটা কি সত্যি?,তোর বাফ বলে আরেকগো বিয়ে গইজ্জি? ঘটনা ইয়েন কি সত্যি?
"রমজানে বেশি বেশি নামাজ আর জিকির করতে হবে, আর সুযোগ হলে একটা কোরআন খতম দিতে হবে","রমজানুত বেশি বেশি নামাজ আর জিকির গরন ফরিবু, আর সুযোগ অইলি উজ্ঞো কোরআন হতম দন ফরিবু"
আমাকে আজকের কাজের টাকাগুলো দিয়ে দিন,আঁরে আজিয়ের হাজুর টিয়াগুন দি দন
সকালে উঠে কিছুক্ষণ হাঁটলে শরীর ভালো থাকে,সকালে উডি হতক্ষন আডিলি শরীল ভালা থাহে
সকালে উঠে কিছুক্ষণ হাঁটলে শরীর ভালো থাকে,সকালে উডি হতক্ষন আডিলি শরীল গম থাহে
সকালে উঠে কিছুক্ষণ হাঁটলে শরীর ভালো থাকে,সকালে উডি হতক্ষন আডিলি শরীর ভালা থাহে
নানু থাকলে আম্মু আর আমাদেরকে বকা দিতে পারে না,নানি থাহিলি আম্মু আর আঁরারে গেইল দিত ন ফারে
আসসালামু আলাইকুম স্যার,আসসালামু আলাইকুম স্যার
সাথে এটাও নিয়ে যাও,লগে ইবেও লই যো
সাথে এটাও নিয়ে যাও,ওয়ারে ইবেও লই যো
সাথে এটাও নিয়ে যাও,ফুয়ারে ইবেও লই যো
"বাইরে যা ইচ্ছা কর, কিন্তু ঘরে অশান্তি করা যাবে না","বাইরে যেল্লেত ইচ্ছে গর, কিন্তু ঘরোত অশান্তি গরন যাইতু ন"
"বাইরে যা ইচ্ছা কর, কিন্তু ঘরে অশান্তি করা যাবে না","বাদ্দি যেল্লেত ইচ্ছে গর, কিন্তু ঘরোত অশান্তি গরন যাইতু ন"
"নাদিম কাপড় ধুতে গেছে, সে একটু পরে আসবে","নাদিম হর ধুইতো গেইয়্যি, ইতে এক্কানা পরে আইবু"
"নাদিম কাপড় ধুতে গেছে, সে একটু পরে আসবে","নাদিম হর ধুইতো গেইয়্যি, ইতে ইক্কিনি পরে আইবু"
কাপড়টা তো ধোয়ার পরে রঙ উঠে যাবে,হর ইবে তো ধোঅনুর পরে রঙ উডি যাইবু
"বাবা, স্যার বললেন স্কুলের বেতন আজ দিয়ে দিতে","আব্বু, স্যার হইয়্যিল স্কুলুর বেতন আজিয়ে দি দিতো"
"স্যার, একটু শুনুন, আমার একটা জরুরি কথা বলার ছিল","স্যার, এক্কানা উনন, আঁর এক্কান জরুরি হতা হইবের আছিল"
"স্যার, একটু শুনুন, আমার একটা জরুরি কথা বলার ছিল","স্যার, ইক্কিনি উনন, আঁর এক্কান জরুরি হতা হইবের আছিল"
"স্যার, একটু শুনুন, আমার একটা জরুরি কথা বলার ছিল","স্যার, এক্কানা উনন, আঁর এক্কান জরুরি হথা হইবের আছিল"
গাধার মতো সারাদিন না খেটে একটু চালাকি করলে কাজটা অনেক আগেই শেষ হয়ে যেত,গাধার মতন আরাদিন ন হাডি এক্কানা চালাকি গরিলি হাজ ইয়েন বত আগেই শেষ অই যাইতু
গাধার মতো সারাদিন না খেটে একটু চালাকি করলে কাজটা অনেক আগেই শেষ হয়ে যেত,গাধার মতন আরাদিন ন হাডি ইক্কিনি চালাকি গরিলি হাজ ইয়েন বত আগেই শেষ অই যাইতু
গাধার মতো সারাদিন না খেটে একটু চালাকি করলে কাজটা অনেক আগেই শেষ হয়ে যেত,গাধার মতন আরাদিন ন হাডি এক্কানা চালাকি গরিলি হাম ইয়েন বত আগেই শেষ অই যাইতু
গাধার মতো সারাদিন না খেটে একটু চালাকি করলে কাজটা অনেক আগেই শেষ হয়ে যেত,গাধার মতন ফুরোদিন ন হাডি এক্কানা চালাকি গরিলি হাজ ইয়েন বত আগেই শেষ অই যাইতু
কোনো সমস্যা হয়েছে? তোমাকে দেখে চিন্তিত মনে হচ্ছে,হনো সমস্যা অইয়্যি? তোঁয়ারে দেহি চিন্তিত মনে অর
"আজকে হঠাৎ বুকে চাপ অনুভব করছি, কী হয়েছে বুঝছি না","আজিয়ে হঠাৎ বুকুত চাপ অনুভব গরির, কি অইয়্যি ন বুঝির"
"আজকে হঠাৎ বুকে চাপ অনুভব করছি, কী হয়েছে বুঝছি না","আজিইয়্যে হঠাৎ বুকুত চাপ অনুভব গরির, কি অইয়্যি ন বুঝির"
"পাগলে কী না বলে, আর ছাগলে কী না খায়",ফঅলে কী নহয় আর ছঅলে কী ন হায়
বিদেশে গেলে আমার কথা মনে থাকবে তো?,বিদেশুত গেলি আঁর হতা মনত থাহিবু তো?
বিদেশে গেলে আমার কথা মনে থাকবে তো?,বিদেশুত গেলি আঁর হথা মনত থাহিবু তো?
"সবকিছু সম্ভব, কিন্তু আমার মুখ দিয়ে মিথ্যা বের হওয়া সম্ভব না","বিয়াক কিছু সম্ভব, কিন্তু আঁর মুখ দি মিছে বাইর অন সম্ভব নো"
"আচ্ছা ঠিক আছে, আমি এখন যাচ্ছি","আইচ্ছে ঠিক আছে, আঁই এহন যাইর"
প্রতিদিন একই কাজ করতে করতে বিরক্ত হয়ে গেছি,ফইত্তোদিন একই হাজ গত্তে গত্তে বিরক্ত অই গেই
প্রতিদিন একই কাজ করতে করতে বিরক্ত হয়ে গেছি,ফইত্তোদিন একই হাম গত্তে গত্তে বিরক্ত অই গেই
"চট্টগ্রাম-কক্সবাজার রোড অনেক বিপদজনক, এই রোডে প্রতিদিন এক্সিডেন্ট হয়","চট্টগ্রাম-কক্সবাজার রোড বত বিপদজনক, এই রোড উত ফইত্তুদিন এক্সিডেন্ট অয়"
"স্যার, আপনি বলেছিলেন ক্লাস টেস্ট না নিয়ে অ্যাসাইনমেন্ট দেবেন","স্যার, অঁনে হইলেন ক্লাস টেস্ট ন লই অ্যাসাইনমেন্ট দিবেন"
"আমার ঘুম চলে আসছিল, কখন যে ঢাকায় পৌঁছে গেছি বুঝতেই পারিনি","আঁর ঘুম চলি আইসসিল, হত্তে যে ঢাহাত পৌছি গেই বুঝিতিই ন ফারি"
"আপনি একসময় অনেক ভালো ছিলেন, এখন খারাপ হয়ে গেছেন","অঁনে একসময় বত ভালা আছিলেন, এহন হারাপ অই গেইয়্যুন"
"আপনি একসময় অনেক ভালো ছিলেন, এখন খারাপ হয়ে গেছেন","অঁনে একসময় বত গম আছিলেন, এহন হারাপ অই গেইয়্যুন"
"ভাই, এক গ্লাস ঠান্ডা পানি দিন তো, খুব পানির তৃষ্ণা পেয়েছে","বদ্দা, এক গ্লাস ঠান্ডা পানি দন তো, বত পানির তিরেশ পেইয়্যি"
"মা, আজ একটু আগে রান্না করো, বাবার অফিসে যেতে দেরি হয়ে যাচ্ছে","মা, আজিয়ে এক্কানা আগে রান্না গরো, আব্বুর অফিসুত যাইতে দেরি অই যার"
"মা, আজ একটু আগে রান্না করো, বাবার অফিসে যেতে দেরি হয়ে যাচ্ছে","মা, আজিয়ে ইক্কিনি আগে রান্না গরো, আব্বুর অফিসুত যাইতে দেরি অই যার"
বিয়ে আজ নাকি আগামীকাল?,বিয়ে আজিয়ে নাকি হালিয়ে?
"বন্ধু, বিড়ি খাওয়া ভাল না","বন্ধু, বিরি হন ভালা ন"
"বন্ধু, বিড়ি খাওয়া ভাল না","বন্ধু, বিরি হন গম ন"
আমি ওখানে যেতে বাধ্য নই,আঁই অনডে যাইতে বাধ্য নই
"মা, আমার জন্য দোয়া করিও, আজকে একটা ইন্টারভিউ দিতে যাচ্ছি","আম্মু, আঁর লাই দোয়া গইজ্জো, আজিয়ে এক্কান ইন্টারভিউ দিতাম যাইর"
"মা, আমার জন্য দোয়া করিও, আজকে একটা ইন্টারভিউ দিতে যাচ্ছি","আম্মু, আঁর লাই দোয়া গইজ্জো, আজিইয়্যে এক্কান ইন্টারভিউ দিতাম যাইর"
"আরে, বন্ধু ছাড়া জীবনটা যেন লবণ ছাড়া তরকারির মতো","আরে, বন্ধু ছারা জীবন ইয়েন যেন লবণ ছারা তরহারির মতন"
আমি হিসাব করে দেখিনি কত টাকা আছে,আঁই হিসেব গরি ন চায় হতো টিয়া আছে
"পরীক্ষার আর বেশি দিন বাকি নাই, কিন্তু এখনো কোনো পড়ালেখা করছিনা","পরীক্ষের আর বেশি দিন বাকি নেই, কিন্তু এহনো হনো পরালেহা ন গরির"
"পরীক্ষার আর বেশি দিন বাকি নাই, কিন্তু এখনো কোনো পড়ালেখা করছিনা","পরীক্ষের আর বেশি দিন বাকি নেই, কিন্তু এইজু হনো পরালেহা ন গরির"
প্রতিবেশীদের হক আদায় করা উচিত,প্রতিবেশী অক্কলোর হক আদায় গরন উচিত
"পরিবার, বন্ধু আর ভালোবাসার মানুষদের সঙ্গে সময় কাটাতে পারলে মনটা একদম ভালো হয়ে যায়","পরিবার, বন্ধু আর ভালোবাসার মানুষুর লগে সময় হাডাইত ফারিলি মন ইয়েন একদম ভালা অই যায়"
"পরিবার, বন্ধু আর ভালোবাসার মানুষদের সঙ্গে সময় কাটাতে পারলে মনটা একদম ভালো হয়ে যায়","পরিবার, বন্ধু আর ভালোবাসার মানুষুর লগে সময় হাডাইত ফারিলি মন ইয়েন একদম গম অই যায়"
অতিরিক্ত গরমে কাজ করলে শরীর থেকে পানি বেরিয়ে যায়,অতিরিক্ত গরমুত হাজ গরিলি শরীলুত্তুন পানি বাইর অই যায়
অতিরিক্ত গরমে কাজ করলে শরীর থেকে পানি বেরিয়ে যায়,অতিরিক্ত গরমুত হাম গরিলি শরীলুত্তুন পানি বাইর অই যায়
ছোটবেলায় আমাদের পায়খানা–প্রস্রাব আম্মু পরিষ্কার করতেন,গুরো থাকতে আঁরার গু-মুত আম্মু সাফ গইত্তো
ছোটবেলায় আমাদের পায়খানা–প্রস্রাব আম্মু পরিষ্কার করতেন,গুরো থাকতে আঁরার গু-মুত আম্মু পরিষ্কার গইত্তো
এই বৃষ্টিতে আমাদের গ্রামের কাঁচা রাস্তা একেবারে কাদায় ভরে গেছে,এই বৃষ্টিত আঁরার গ্রামুর কেচা রাস্তা একেবারে ফুটে ভরি গেইয়্যি
"ভাই, বাসের এসিটা অন করেন, অনেক গরম লাগছে","বদ্দা, বাসুর এসি ইবে অন গরন, বত গরম লাগের"
"ভাই, বাসের এসিটা অন করেন, অনেক গরম লাগছে","বদ্দা, বাসুর এসি ইবে অন গরন, বত গরম লার"
"বাজারে এখন সব জিনিসে ভেজাল, কোনো কিছু কিনতে মন চায় না","বাজারুত এহন বিয়াক জিনিসুত ভেজাল, হনো কিছু কিনতু মনে ন চায়"
বড় ভাইয়ের শ্বশুরবাড়ি অনেক দূরে,বদ্দার অরো বারি বত দুরে
এখন আর নানুর বাড়িতে আগের মতো ভালো লাগে না,এহন আর নানারো বারিত আগোর মতন ভালা ন লাগে
এখন আর নানুর বাড়িতে আগের মতো ভালো লাগে না,এহন আর নানারো বারিত আগোর মতন গম ন লাগে
"এই গরমে বাইরে বের হওয়া সত্যিই অনেক কষ্টের, রোদের তাপ সহ্য করা যাচ্ছে না","এই গরোমত বাইরে বাইর অন সত্যিই বত হষ্টর, রইদুর তাপ সইয্য গরন ন যার"
"এই গরমে বাইরে বের হওয়া সত্যিই অনেক কষ্টের, রোদের তাপ সহ্য করা যাচ্ছে না","এই গরোমত বাদ্দি বাইর অন সত্যিই বত হষ্টর, রইদুর তাপ সইয্য গরন ন যার"
"আজকে সকাল থেকেই মাথা ঘুরছে, মনে হচ্ছে জ্বর আসছে","আজিয়ে বেইন্নেত্তুন মাথা ঘুরার, মনে অদ্দে জ্বর আইয়্যির"
"আজকে সকাল থেকেই মাথা ঘুরছে, মনে হচ্ছে জ্বর আসছে","আজিইয়্যে বেইন্নেত্তুন মাথা ঘুরার, মনে অদ্দে জ্বর আইয়্যির"
"বাচ্চাটা কয়েকদিন ধরে জ্বরে ভুগছে, ডাক্তারের কাছে নিয়ে যেতে হবে","বাইচ্চে ইবে হয়েকদিন ধরি জ্বরুত ভুগের, ডাক্তারুর হাছে লই যন ফরিবু"
"আমার নাম রফিক, আমি এই গ্রামে বেড়াতে এসেছি। তুমি কি আমাকে এই গ্রামটা ঘুরে দেখাবে?","আঁর নাম রফিক, আঁই এই গ্রামুত বেরাইতাম আইসসি। তুঁই কি আঁরে এই গ্রাম ইয়েন ঘুরি দেহাইবে?"
"আমার স্ত্রীর অনেক দিন ধরে অসুখ, তাই আমার কয়েক দিনের ছুটি দরকার","আঁর বউ উর বতদিন ধরি অসুখ, এতেল্লে আত্তুন হয়েকদিনুর ছুটি দুরহার"
"ট্রেনের ভেতরে আর জায়গা নেই, ছাদে উঠতে হবে","ট্রেনুর ভিতুরে আর জাগা নেই, ছাদুত উডন ফরিবু"
তুমি চলে যাওয়ার পর থেকে ঘরটা একদম খালি হয়ে গেছে,তুঁই চলি যাইবের পরুত্তুন ঘর ইয়েন এব্বেরে হেইল্যে অই গেইয়্যি
তুমি চলে যাওয়ার পর থেকে ঘরটা একদম খালি হয়ে গেছে,তুঁই চলি যাইবের পরুত্তুন ঘর ইয়েন এব্বেরে হালি অই গেইয়্যি
আজকে এত বেশি গরম পড়ছে যে ফ্যানের বাতাসও গরম মনে হচ্ছে,আজিয়ে এতো বেশি গরম পরেদ্দে ফ্যানুর বাতাসও গরম মনে অর
আজকে এত বেশি গরম পড়ছে যে ফ্যানের বাতাসও গরম মনে হচ্ছে,আজিইয়্যে এতো বেশি গরম পরেদ্দে ফ্যানুর বাতাসও গরম মনে অর
আজকে এত বেশি গরম পড়ছে যে ফ্যানের বাতাসও গরম মনে হচ্ছে,আজিয়ে এল্লেত বেশি গরম পরেদ্দে ফ্যানুর বাতাসও গরম মনে অর
তুই আমার চোখের সামনে থেকে সরে যা,তুই আঁর চোখুর সামনুত্তুন সরি যা
তোর শাশুড়িকে বলিস সামনের মাসে বেড়াতে আসতে,তোর অরিরে হইস সামনুর মাসুত বেরাইতু আইসতো
শীতকালে টাটকা টাটকা সবজি পাওয়া যায়,শীতহালে টাটকা টাটকা সবজি পন যায়
"আমি খুঁজে পেয়েছি, তোমাকে আর খুঁজতে হবে না","আঁই তোওয়াই ফাই, তোঁয়াত্তুন আর তোওয়ান ফইত্তো নো"
"আগে যেগুলো খেয়েছি সেগুলো হজম করি, তারপর বাকিগুলো খাব","আগে যেগুন হায় এগুন অজম গরি, তারপর বাকিগুন হাইয়্যুম"
"যদি ঝামেলা করতে না চাও, তাহলে এখনই এখান থেকে চলে যাও",যদি ঝামিলে গইত্তো ন চও তইলি এহনই এত্তুন চলি যও
বিদেশে দেখি কুকুরদের অনেক আদর করে,বিদেশুত দেহি কুত্তো অক্কলুরে বত আদর গরে
গরুর জন্য কিছু ঘাস কেটে নিয়ে আসতে হবে,গরুর লাই কিছু কের হাডি আনন ফরিবু
সূর্য কখন উঠছে কোন খবর আছে? এখনো ঘুমাচ্ছো,সূর্য হত্তে  উইট্টি হনো হবর আছে? এহনো ঘুম যার
সূর্য কখন উঠছে কোন খবর আছে? এখনো ঘুমাচ্ছো,সূর্য হত্তে উইট্টি হনো হবর আছে? এইজু ঘুম যার
মাছগুলো দেখে মনে হচ্ছে নষ্ট হয়ে গেছে,মাছ এগুন দেহি মনে অদ্দে নষ্ট অই গেইয়্যি
গোসল করিস না প্রতিদিন? গা দিয়ে কেমন গন্ধ বের হচ্ছে,গোসল নগরস পইত্তোদিন? গা'আদ্দি কেন গন্ধ বাইর অর
"নিজেকে একবার আমার জায়গায় বসিয়ে দেখ, তাহলে বুঝবি আমার কেমন লাগছে","নিজোরে একবার আঁর জাগাত বুওয়াই চা, তইলি বুঝিবি আত্তুন কেন লাগের"
"নিজেকে একবার আমার জায়গায় বসিয়ে দেখ, তাহলে বুঝবি আমার কেমন লাগছে","নিজোরে একবার আঁর জাগাত বুওয়াই চা, তইলি বুঝিবি আত্তুন কেন লার"
ঘড়িটা তো অনেক সুন্দর! কত নিয়েছে এটা?,ঘড়ি ইবে তো বত সুন্দর! হতো লইয়্যি ইবে?
তুই যেটা করেছিস সেটার ফল কিন্তু ভাল হবে না,তুই যিয়েন গইজ্জুস ইয়েন উর ফল কিন্তু ভালা অইতু ন
তুই যেটা করেছিস সেটার ফল কিন্তু ভাল হবে না,তুই যিয়েন গইজ্জুস ইয়েন উর ফল কিন্তু গম অইতু ন
"আগে বলো টুরে তুমি যাচ্ছ কি না, কারণ তুমি না গেলে আমিও যাব না","আগে হ টুরুত তুঁই যাইতে লেইজ্ঞু কিনা, হারন তুঁই ন যাইলি আঁই ও যাইতাম ন"
তোমার বয়সে আমি বন্ধুদের নিয়ে কত ঘোরাঘুরি করেছি,তোঁয়ার বয়সুত আঁই বন্ধু অক্কল লই হতো ঘোরাঘুরি গইজ্জি
"পরীক্ষার হলে যদি শব্দ করো, তাহলে সবার খাতা নিয়ে ফেলব","পরীক্ষের হলুত যদি শব্দ গরো, তইলি বিয়াজ্ঞুনুর হাতা লই ফেলাইয়্যুম"
"আমাদের গ্রুপে আমরা বিশজন আছি, পুরো বাস ভাড়া নিলে কত পড়বে?","আঁরার গ্রুপুত আঁরা বিশজন আছি, পুরো বাস ভারা লইলি হতো ফরিবু?"
সারাদিন ফোন দেখলে তো মাথা এমনিতেই ব্যথা করবে,আরাদিন ফোন চাইলি তো মাথা এনেই ব্যথা গরিবু
সারাদিন ফোন দেখলে তো মাথা এমনিতেই ব্যথা করবে,ফুরোদিন ফোন চাইলি তো মাথা এনেই ব্যথা গরিবু
"কসম করে বলছি ভাই, এই কাপড়ে আমার বেশি লাভ হবে না","কসম গরি হইদ্দি বদ্দা, এই হর উত আত্তুন বেশি লাভ ন অইবু"
টাকা দিয়ে সবকিছু কেনা যায় না,টিয়া দি বিয়াক কিছু কিনন ন যায়
"ভাই, সদরঘাট লঞ্চ টার্মিনাল থেকে বরিশালের লঞ্চ কখন ছাড়ে রাতে?","বদ্দা, সদরঘাট লঞ্চ টার্মিনালুত্তুন বারিশালুর লঞ্চ হত্তে ছারে রাতিয়ে?"
"ভাই, গানটা একটু বন্ধ করুন, ফোনে কথা বলতে পারছি না","বদ্দা, গান ইবে এক্কানা বন্ধ গরন, ফোনুত হথা হইত ন ফারির"
"ভাই, গানটা একটু বন্ধ করুন, ফোনে কথা বলতে পারছি না","বদ্দা, গান ইবে ইক্কিনি বন্ধ গরন, ফোনুত হথা হইত ন ফারির"
"ভাই, গানটা একটু বন্ধ করুন, ফোনে কথা বলতে পারছি না","বদ্দা, গান ইবে এক্কানা বন্ধ গরন, ফোনুত হতা হইত ন ফারির"
"ঘর ওটাতে থাকার মতো অবস্থা নেই, চারদিকে অনেক ময়লা","ঘর ইয়েনুত থাহিবের মতোন অবস্থা নেই, চেরোমিক্কে বত হাচারা"
"এখানে কেউ কাউকে বাধ্য করছে না, সবাই নিজের ইচ্ছায় যাচ্ছে","এনডে কিয়াই কিয়ারে বাধ্য ন গরের, বিয়াজ্ঞুন নিজুর ইচ্ছেই যার"
"এখানে কেউ কাউকে বাধ্য করছে না, সবাই নিজের ইচ্ছায় যাচ্ছে","এনডে কিয়াই কিয়ারে বাধ্য ন গরের, বেজ্ঞুন নিজুর ইচ্ছেই যার"
"পিঠের ব্যথাটা বেশি বেড়ে গেছে, বসে বসে কাজ করার কারণে এমন হচ্ছে","পিডুর ব্যথাগান বেশি বারি গেইয়্যি, বই বই হাজ গরনুর হারনে এন অর"
"পিঠের ব্যথাটা বেশি বেড়ে গেছে, বসে বসে কাজ করার কারণে এমন হচ্ছে","পিডুর ব্যথাগান বেশি বারি গেইয়্যি, বই বই হাম গরনুর হারনে এন অর"
রাতের জন্য ফুলকপির তরকারি আর বেগুন ভর্তা আছে,রাতিয়ের লাই ফুলহপ্পির তরহারি আর বেইয়ুন চান্নি আছে
রাতের জন্য ফুলকপির তরকারি আর বেগুন ভর্তা আছে,রাতিয়ের লাই ফুলহপ্পির তরহারি আর বেইয়ুন ভত্তা আছে
"আমার সঙ্গে মজা করিস না, আমি এখন মজা করার মুডে নেই","আঁর লগে মজা ন গরিস, আঁই এহন মজা গরিবের মুড উত নেই"
সেটা কি আমার মন রাখার জন্য বলছ নাকি মানুষ কিছু বলবে সেজন্য বলছ?,ইয়েন কি আঁর মন রাহিবের লাই হইয়্যু নাকি মাইনষে কিছু হইবু এতেল্লে হইয়্যু?
"এই কাপড়ের কোনো দিনও রং উঠবে না, আমি গ্যারান্টি দিলাম","হর ইবের হনো দিনও রং ন উড়িবু, আঁই গ্যারান্টি দিলাম"
"আমি সত্যি বলছি, আমার মনে কোনো ময়লা নেই","আঁই সত্যি হইদ্দি, আঁর মনোত হনো হাচারা নেই"
"আমি সত্যি বলছি, আমার মনে কোনো ময়লা নেই","আঁই সত্যি হইদ্দি, আঁর মনোত হনো ময়লা নেই"
পিকনিক শেষে আমরা সমুদ্রপাড়ে সবাই মিলে ফুটবল খেলব,পিকনিক শেষে আঁরা সাগরুর ফারুত বিয়াজ্ঞুন মিলি ফটবল খেইল্লুম
পিকনিক শেষে আমরা সমুদ্রপাড়ে সবাই মিলে ফুটবল খেলব,পিকনিক শেষে আঁরা সাগরুর ফারুত বেজ্ঞুন মিলি ফটবল খেইল্লুম
এভাবে কাজ করলে শেষ হবে না,এন গরি হাম গরিলি শেষ ন অইবু
এভাবে কাজ করলে শেষ হবে না,এন গরি হাজ গরিলি শেষ ন অইবু
তোমার মাথায় কি কোন বুদ্ধি নাই?,তোঁয়ার মাথাত কি হনো বুদ্ধি নেই?
"তোমার বন্ধু এত ভালো রেজাল্ট করল, আর তুমি কিনা ফেল করলা!","তোঁয়ার বন্ধু এল্লেত ভালা রেজাল্ট গইজ্জি, আর তুঁই কিনা ফেইল গইজ্জু!"
"তোমার বন্ধু এত ভালো রেজাল্ট করল, আর তুমি কিনা ফেল করলা!","তোঁয়ার বন্ধু এল্লেত গম রেজাল্ট গইজ্জি, আর তুঁই কিনা ফেইল গইজ্জু!"
"তোমার বন্ধু এত ভালো রেজাল্ট করল, আর তুমি কিনা ফেল করলা!","তোঁয়ার বন্ধু এতো ভালা রেজাল্ট গইজ্জি, আর তুঁই কিনা ফেইল গইজ্জু!"
"আজ কলিগের সাথে একটু ভুল-বোঝাবুঝি হয়েছে, তাই একটু মুড অফ","আজিয়ে কলিগুর লগে এক্কানা ভুল বোঝাবুঝি অইয়্যি, এতেল্লে এক্কানা মুড অফ"
"আজ কলিগের সাথে একটু ভুল-বোঝাবুঝি হয়েছে, তাই একটু মুড অফ","আজিয়ে কলিগুর লগে ইক্কিনি ভুল বোঝাবুঝি অইয়্যি, এতেল্লে এক্কানা মুড অফ"
"আজ কলিগের সাথে একটু ভুল-বোঝাবুঝি হয়েছে, তাই একটু মুড অফ","আজিয়ে কলিগুর ওয়ারে এক্কানা ভুল বোঝাবুঝি অইয়্যি, এতেল্লে এক্কানা মুড অফ"
"আজ কলিগের সাথে একটু ভুল-বোঝাবুঝি হয়েছে, তাই একটু মুড অফ","আজিয়ে কলিগুর ফুয়ারে এক্কানা ভুল বোঝাবুঝি অইয়্যি, এতেল্লে এক্কানা মুড অফ"
মুখে মুখে কথা বললে তো মাথা এমনিতেই খারাপ হয়ে যাবে,মুখে মুখে হতা হইলি তো মাথা এনেই হারাপ অই যাইবু
মুখে মুখে কথা বললে তো মাথা এমনিতেই খারাপ হয়ে যাবে,মুখে মুখে হথা হইলি তো মাথা এনেই হারাপ অই যাইবু
মামুন ওখানে কি করছে সেটা তো আমি জানি না,মামুন অনডে কি গরের ইয়েন তো আঁই ন জানি
মামুন ওখানে কি করছে সেটা তো আমি জানি না,মামুন অনডে কি গরের ইয়েন তো আঁই ন হইত পারি
"আচ্ছা, ও কি সবার সঙ্গেই এমন খারাপ ব্যবহার করে?","আইচ্ছে, ইবে কি বিয়াজ্ঞুনুর লগেই এন হারাপ বেবার গরে?"
এই মোবাইলটার ব্যাটারি ব্যাকআপ কেমন?,এই মোবাইল ইবের ব্যাটারি ব্যাকাপ কেন?
"আজকে বাসায় মেহমান আসবে, সেজন্য তাড়াতাড়ি উঠে গেছি","আজিয়ে বাসাত মেমান আইবো, এতেল্লে তারাতারি উডি গেই"
"আজকে বাসায় মেহমান আসবে, সেজন্য তাড়াতাড়ি উঠে গেছি","আজিইয়্যে বাসাত মেমান আইবো, এতেল্লে তারাতারি উডি গেই"
"আজকে বাসায় মেহমান আসবে, সেজন্য তাড়াতাড়ি উঠে গেছি","আজিয়ে বাসাত মেমান আইবো, এতেল্লে হারা উডি গেই"
"আজকে বাসায় মেহমান আসবে, সেজন্য তাড়াতাড়ি উঠে গেছি","আজিয়ে বাসাত মেমান আইবো, এতেল্লে জলদি উডি গেই"
"আজকে বাসায় মেহমান আসবে, সেজন্য তাড়াতাড়ি উঠে গেছি","আজিয়ে বাসাত গরবা আইবো, এতেল্লে তারাতারি উডি গেই"
আমি ভাত খাব না রাগ করব আমার মনে জ্বালা,আঁই ভাত ন হাইয়্যুম গুসসা অইয়্যুম আঁর মনোত জ্বালা
"মাঝে মাঝে পাহাড় থেকে হাতি আসে, একবার একটা হাতি একজন মানুষকে মেরে ফেলেছিল","মাঝে মাঝে ফা'রুত্তুন আ'তি আইয়্যি, একবার উজ্ঞো আ'তি মানুষ উজ্ঞোরে মারি ফেলাইয়্যিল"
তোর রেজাল্ট কখন দেবে? পাশ করবি তো এবার?,তুর রেজাল্ট হত্তে দিবু? পাশ গরিবিনি এবার?
কোমরে বেশি ব্যথা করছে,কেইলুত বেশি ব্যথা গরের
আমাকে দেখে সালাম দিয়েছে এবং ঘরের সবাই কেমন আছে জিজ্ঞেস করেছে,আঁরে দেহি সালাম দিয়ি আর ঘরোর বিয়াজ্ঞুন কেন আছে ফুস গইজ্জি
আমাকে দেখে সালাম দিয়েছে এবং ঘরের সবাই কেমন আছে জিজ্ঞেস করেছে,আঁরে দেহি সালাম দিয়ি আর ঘরোর বেজ্ঞুন কেন আছে ফুস গইজ্জি
আমাকে দেখে সালাম দিয়েছে এবং ঘরের সবাই কেমন আছে জিজ্ঞেস করেছে,আঁরে দেহি সালাম দিয়ি আর ঘরোর বিয়াজ্ঞুন কেন আছে ফুসর গইজ্জি
"ঘরে আমার সঙ্গে কেউ ভয়ে কথাও বলে না, কখন কাকে কী শুনিয়ে দিই, তার কোনো বিশ্বাস নেই","ঘরুত আঁর লগে কিয়াই ডরে হথাও ন হয়, হত্তে হারে কি উনই দি, তার হনো বিশ্বেস নেই"
"অনেক বেশি জার্নি হয়ে গেছে, আজকের দিনটা রেস্ট নিতে হবে","বত বেশি জার্নি অই গেইয়্যি, আজিয়ের দিন ইয়েন রেস্ট লন ফরিবু"
"আপু, এটা বাসায় নিয়ে গিয়ে পরে দেখেন, যদি সাইজ না হয় তাহলে চেঞ্জ করে দেব","আপা, ইবে বাসাত লই যায় পরি চন, যদি সাইজ ন অয় তইলি চেঞ্জ গরি দিয়্যুম"
"আজ যে মেয়েটাকে দেখতে গিয়েছিলাম, ওকে ভালো মনে হলো","আজিয়ে যে মেইফুওয়ারে চাইতাম গেইলাম, ইবেরে ভালা মনে অইলু"
"আজ যে মেয়েটাকে দেখতে গিয়েছিলাম, ওকে ভালো মনে হলো","আজিয়ে যে মেইফুওয়ারে চাইতাম গেইলাম, ইবেরে গম মনে অইলু"
"নানা যখন বেঁচে ছিলেন, তখন আমাদেরকে অনেক দেখতে পারতেন","নানা যহন বাঁছি আছিল, তহন আঁরারে বত দেইত ফাইত্তো"
"বেশি রাত জাগিস না, জলদি ঘুমিয়ে যা","বেশি রাইত ন জাগিস, হারা ঘুম যাগো"
"বেশি রাত জাগিস না, জলদি ঘুমিয়ে যা","বেশি রাইত ন জাগিস, তারাতারি ঘুম যাগো"
"বেশি রাত জাগিস না, জলদি ঘুমিয়ে যা","বেশি রাইত ন জাগিস, জলদি ঘুম যাগো"
আমার চাচারা আমাদের দেখে হিংসা করে,আঁর চাচা অক্কল আঁরারে দেহি হিংসে গরে
"তোমার সঙ্গে কথা বললে সময় যে কখন চলে যায়, বুঝতেই পারি না","তোঁয়ার লগে হতা হইলি সময় যে হত্তে চলি যায়, বুঝিতই ন পারি"
"তোমার সঙ্গে কথা বললে সময় যে কখন চলে যায়, বুঝতেই পারি না","তোঁয়ার লগে হথা হইলি সময় যে হত্তে চলি যায়, বুঝিতই ন পারি"
"সবকিছুর দাম বেশি, সেজন্য এক কেজি আলু নিয়ে চলে এলাম","বিয়াক কিছুর দাম বেশি, এতেল্লে এক কেজি আলু লই চলি আইস্যি"
"আমার অর্ধেক কাজ শেষ হয়ে গেছে, বাকি অর্ধেক পরে করব","আঁর অদ্ধক হাজ শেষ অই গেইয়্যি, বাকি অদ্ধক পরে গইজ্জুম"
"আমার অর্ধেক কাজ শেষ হয়ে গেছে, বাকি অর্ধেক পরে করব","আঁর অদ্ধক হাম শেষ অই গেইয়্যি, বাকি অদ্ধক পরে গইজ্জুম"
"এখন দিনকাল ভালো না, বাইরে বের হবি না","এহন দিনহাল ভালা ন, বাদ্দি বাইর ন অইস"
"এখন দিনকাল ভালো না, বাইরে বের হবি না","এহন দিনহাল গম ন, বাদ্দি বাইর ন অইস"
"এখন দিনকাল ভালো না, বাইরে বের হবি না","এহন দিনহাল ভালা ন, বাইরে বাইর ন অইস"
"বন্ধু, ভাবির হাতের রান্না তো সেই মজা","বন্ধু, ভাবির আতোর রান্না তো সেই মজা"
"তুমি অনেক দুষ্টু আছো, তোমাকে আমার ভাল লেগেছে","তুঁই বত জারগো আছো, তোঁয়ারে আত্তুন ভালা লেইজ্ঞি"
"তুমি অনেক দুষ্টু আছো, তোমাকে আমার ভাল লেগেছে","তুঁই বত জারগো আছো, তোঁয়ারে আত্তুন গম লেইজ্ঞি"
"এমনি বলে যাচ্ছি আর কী, কে শোনে কার কথা","এনে হই যাইর এরি, হনে উনে হার হতা"
"এমনি বলে যাচ্ছি আর কী, কে শোনে কার কথা","এনে হই যাইর এরি, হনে উনে হার হথা"
সে কোথায় গেছে সেটা কি তুমি জানো?,ইতে হনডে গেইয়্যি ইয়েন কি তুঁই জানো?
বাড়ির কাজ না করলে ম্যাম আসলে বকা দেবে,বারির হাজ ন গরিলি ম্যাম আইলি বকা দিবু
বাড়ির কাজ না করলে ম্যাম আসলে বকা দেবে,বারির হাম ন গরিলি ম্যাম আইলি বকা দিবু
তুর মাকে বলিস এবার আমাদেরকে কিছু আম দিতে,তুর মারে হইস এবার আঁরারে কিছু আম দিতো
বাতাসের কারনে আম গাছের আমগুলো সব উঠানে পড়ে গেছে,বাতাসোর হারনে আম গাছোর আম এগুন বিয়াক উডোনোত পরি গেইয়্যি
"মুরগির পাগুলো আনিয়েন না, ওগুলো রেডি করা ঝামেলা","কুরোর টেং এগিন ন আইন্নুন, এগিন রেডি গরন ঝামিলে"
এর থেকে কমে বিক্রি করলে আমাদের আর ব্যবসা করা হবে না,ইয়াত্তুন হমে বেছিলি আরাত্তুন আর ব্যবসা গরন ন অইবু
সাদা রঙের পাঞ্জাবিতে শুধু দাগ লেগে যায়,সাদা রঙুর পাঞ্জাবিত উধো দাগ লাগি যায়
আমি যদি ছেলে হতাম তাহলে অনেক কিছু করতে পারতাম,আঁই যদি মরতফুওয়া অইতাম তইলি বত কিছু গরিত ফাইত্তাম
আমি সকালে তাড়াতাড়ি উঠি,আঁই বেইন্নে তারাতারি উডি
আমি সকালে তাড়াতাড়ি উঠি,আঁই ফজোরত তারাতারি উডি
আমি সকালে তাড়াতাড়ি উঠি,আঁই বেইন্নে হারা উডি
আমি সকালে তাড়াতাড়ি উঠি,আঁই বেইন্নে জলদি উডি
"রফিক সাহেব কেমন আছেন? অনেকদিন তাঁর সাথে দেখা হয় নাই, আমার চিন্তা হচ্ছে এখন","রফিক সাব কেন আছে? বতদিন ইবের লগে দেহা ন আই, আত্তোন চিন্তে লাগের এহন"
"রফিক সাহেব কেমন আছেন? অনেকদিন তাঁর সাথে দেখা হয় নাই, আমার চিন্তা হচ্ছে এখন","রফিক সাব কেন আছে? বতদিন ইবের ওয়ারে দেহা ন আই, আত্তোন চিন্তে লাগের এহন"
"রফিক সাহেব কেমন আছেন? অনেকদিন তাঁর সাথে দেখা হয় নাই, আমার চিন্তা হচ্ছে এখন","রফিক সাব কেন আছে? বতদিন ইবের ফুয়ারে দেহা ন আই, আত্তোন চিন্তে লাগের এহন"
"সরি ভাই, আর কম হবে না","সরি বদ্দা, আর হম ন অইবু"
"ধন্যবাদ, আবার আসবেন","ধইন্যবাদ, আবার আইস্যুন"
"আপনি আমার পুরোনো কাস্টমার, তাই দাম বেশি বলব না","অঁনে আঁর ফুরন কাস্টোমার, এতেল্লে দাম বেশি হইতাম নো"
"আজকে মেহমান আসছে, বাজার থেকে গরুর মাংস আর চিংড়ি মাছ নিয়ে আসো","আজিয়ে মেমান আইয়্যির, বাজারোত্তুন গরু গোস্ত আর ইছে মাছ আনো"
"আজকে মেহমান আসছে, বাজার থেকে গরুর মাংস আর চিংড়ি মাছ নিয়ে আসো","আজিইয়্যে মেমান আইয়্যির, বাজারোত্তুন গরু গোস্ত আর ইছে মাছ আনো"
"আজকে মেহমান আসছে, বাজার থেকে গরুর মাংস আর চিংড়ি মাছ নিয়ে আসো","আজিয়ে গরবা আইয়্যির, বাজারোত্তুন গরু গোস্ত আর ইছে মাছ আনো"
তোমাকে আমি বারবার বারণ করেছিলাম যে বৃষ্টিতে না ভিজতে,তোঁয়ারে আঁই বারবার মানা গইজ্জিলাম যে বৃষ্টিত ন ভিজতু
আস্তে আস্তে আমরা একদম শেষের দিকে চলে আসছি,আস্তে আস্তে আঁরা এব্বেরে শেষুর দিকে চলি আইসসি
আমি আজকে রিয়াজ উদ্দিন বাজার থেকে সব নিয়ে আসব,আঁই আজিয়ে রিয়াজ উদ্দিন বাজারোত্তুন বিয়াক লই আসসুম
আমি আজকে রিয়াজ উদ্দিন বাজার থেকে সব নিয়ে আসব,আঁই আজিইয়্যে রিয়াজ উদ্দিন বাজারোত্তুন বিয়াক লই আসসুম
সব কাপড় তোমাকে ধুতে হবে,বিয়াক হর তোঁয়াত্তুন ধোয়ন পরিবো
শীতকাল গিয়ে এখন গরমকাল চলে আসছে,শীতহাল যাইরে এহন গরমহাল চলি আইস্যি
"বাবা, আমার সাইকেলটা একটু মেরামত করিয়ে দাও, চাকা নষ্ট হয়ে গেছে","আব্বু, আঁর সাইকেলগান এক্কানা মেরামত গরাই দও, চাক্কা নষ্ট অই গেইয়্যি"
"বাবা, আমার সাইকেলটা একটু মেরামত করিয়ে দাও, চাকা নষ্ট হয়ে গেছে","আব্বু, আঁর সাইকেলগান ইক্কিনি মেরামত গরাই দও, চাক্কা নষ্ট অই গেইয়্যি"
"আজকে শেষবারের মত বলছি, আর বলব না","আজিয়ে শেষবারোর মতন হইদ্দি, আর হইতাম ন"
"আজকে শেষবারের মত বলছি, আর বলব না","আজিইয়্যে শেষবারোর মতন হইদ্দি, আর হইতাম ন"
"যা হয়েছে অনেক বেশি হয়েছে, আর করতে হবে না","যা অইয়্যি বত বেশি অইয়্যি, আর গরন ফইত্তো ন"
"দাদুকে অনেক মিস করি, দাদু মারা যাওয়ার পর থেকে ঘরটা কেমন জানি অন্ধকার হয়ে গেছে","দাদারে বত মিস গরির, দাদা মরি যাইবের পরুত্তুন ঘর ইয়েন কেন জানি আধার অই গেইয়্যি"
"দাদুকে অনেক মিস করি, দাদু মারা যাওয়ার পর থেকে ঘরটা কেমন জানি অন্ধকার হয়ে গেছে","দাদারে বত মিস গরির, দাদা মরি যাইবের পরুত্তুন ঘর ইয়েন কেন হইত পারি আধার অই গেইয়্যি"
আমার লাগেজটা কোনদিকে রাখব? বাসে কি লাগেজ রাখার জায়গা আছে?,আঁর লাগেজ ইবে হুনদি রাইক্কুম? বাসুত কি লাগেজ রাহিবের জাগা আছে?
"মাছগুলো একদম জীবিত, নড়ছে দেখেন","মাছ এগুন এব্বেরে জিয়াতা, নরেদ্দে সো"
"তোমার কথা আমার অনেক মনে পড়ে, কিন্তু সেটা আমি প্রকাশ করি না","তোঁয়ার হতা আত্তুন বত মনত পরে, কিন্তু ইয়েন আঁই প্রকাশ ন গরি"
"তোমার কথা আমার অনেক মনে পড়ে, কিন্তু সেটা আমি প্রকাশ করি না","তোঁয়ার হথা আত্তুন বত মনত পরে, কিন্তু ইয়েন আঁই প্রকাশ ন গরি"
কল দেব ভাইয়া? আমি এখন বাইরে আছি,কল দিয়্যুম ভাইয়ে? আঁই এহন বাইরে আছি
কল দেব ভাইয়া? আমি এখন বাইরে আছি,কল দিয়্যুম ভাইয়ে? আঁই এহন বাদ্দি আছি
"ভাই, বাসস্ট্যান্ড থেকে হোটেলে যেতে কি রিকশা পাওয়া যাবে?","বদ্দা, বাসস্ট্যান্ড উত্তুন হোটেল উত যাইতে কি রিকশা পন যাইবু?"
"বৃষ্টির দিনে ঘরবন্দী হয়ে বসে আছি, কোনো কাজ করতে পারছি না","বৃষ্টির দিনুত ঘরবন্দী অই বই আছি, হনো হাজ গরিত ন পারির"
"বৃষ্টির দিনে ঘরবন্দী হয়ে বসে আছি, কোনো কাজ করতে পারছি না","বৃষ্টির দিনুত ঘরবন্দী অই বই আছি, হনো হাম গরিত ন পারির"
বৃষ্টির দিনে কাপড় শুকাতে অনেক কষ্ট হয়ে যায়,ঝরোর দিনোত হর ফুঅতে বত হষ্ট অই যায়
"কী হয়েছে বুঝছি না, অনেকক্ষণ ধরে ফোন বন্ধ পাচ্ছি","কী অইয়্যি ন বুঝির, বত হতক্ষন ধরি ফোন বন্ধ ফাইর"
তোকে দেখে অসুস্থ মনে হচ্ছে,তুরে দেহি রে অসুস্থ মনে অর
"আমি তোমাকে বাধ্য করছি না, যদি তোমার ইচ্ছা থাকে তাহলে কর","আঁই তোঁয়ারে বাধ্য ন গরির, যদি তোঁয়ার ইচ্ছে থাহে তইলি গরো"
"আমি ভালো আছি, তুমি কেমন আছো?","আঁই গম আছি, তুঁই কেন আছো?"
"আমি ভালো আছি, তুমি কেমন আছো?","আঁই ভালা আছি, তুঁই কেন আছো?"
এই ঈদে আমরা একটা ফ্যামিলি টুর দেব,এই ঈদুত আঁরা উজ্ঞো ফ্যামেলি টুর দিয়্যুম
"ওর থেকে নিয়েন না, ওর মাছগুলো গতকালের মাছ","ইতেত্তুন ন লইয়্যুন, ইতের মাছ এগুন গত হালিয়ের মাছ"
বন্ধুদের সাথে আড্ডা না দিয়ে জলদি ঘরে এসে পড়তে বস,বন্ধু অক্কলোর লগে আড্ডা ন দি হারা ঘরোত আই রে পইত্তো বই
বন্ধুদের সাথে আড্ডা না দিয়ে জলদি ঘরে এসে পড়তে বস,বন্ধু অক্কলোর ওয়ারে আড্ডা ন দি হারা ঘরোত আই রে পইত্তো বই
বন্ধুদের সাথে আড্ডা না দিয়ে জলদি ঘরে এসে পড়তে বস,বন্ধু অক্কলোর ফুয়ারে আড্ডা ন দি হারা ঘরোত আই রে পইত্তো বই
বন্ধুদের সাথে আড্ডা না দিয়ে জলদি ঘরে এসে পড়তে বস,বন্ধু অক্কলোর লগে আড্ডা ন দি তারাতারি ঘরোত আই রে পইত্তো বই
বন্ধুদের সাথে আড্ডা না দিয়ে জলদি ঘরে এসে পড়তে বস,বন্ধু অক্কলোর লগে আড্ডা ন দি জলদি ঘরোত আই রে পইত্তো বই
"বন্ধু চল, আজকে বহাদ্দারহাট থেকে ওরশ বিরিয়ানি খেয়ে আসি","বন্ধু চল, আজিয়ে বহাদ্দারহাটুত্তুন ওরশ বিরেনি হায় আই"
"বন্ধু চল, আজকে বহাদ্দারহাট থেকে ওরশ বিরিয়ানি খেয়ে আসি","বন্ধু চল, আজিইয়্যে বহাদ্দারহাটুত্তুন ওরশ বিরেনি হায় আই"
আমি জানিনা আজকে কি হয়েছে,আঁই ন জানি আজিয়ে কি অইয়্যি
আমি জানিনা আজকে কি হয়েছে,আঁই ন জানি আজিইয়্যে কি অইয়্যি
আমি জানিনা আজকে কি হয়েছে,আঁই ন হইত পারি আজিয়ে কি অইয়্যি
প্রতিদিন সকালে তাড়াতাড়ি উঠে কোরআন তেলাওয়াত করবে,ফইত্তোদিন বেইন্নে তারাতারি উডি কোরআন তেলাওয়াত গরিবে
প্রতিদিন সকালে তাড়াতাড়ি উঠে কোরআন তেলাওয়াত করবে,ফইত্তোদিন ফজোরত তারাতারি উডি কোরআন তেলাওয়াত গরিবে
আমি সকালে উঠে খালি পেঠে এক গ্লাস পানি খায়,আঁই বেইন্নে উডি হেইল্যে ফেডে এক গ্লাস পানি হায়
আমি সকালে উঠে খালি পেঠে এক গ্লাস পানি খায়,আঁই ফজোরত উডি হেইল্যে ফেডে এক গ্লাস পানি হায়
আমি সকালে উঠে খালি পেঠে এক গ্লাস পানি খায়,আঁই বেইন্নে উডি হালি ফেডে এক গ্লাস পানি হায়
কুকুরের পেঠে নাকি ঘি হজম হয় না,কুত্তর ফেডুত বলে ঘি অজম ন অয়
"ভাই, পাওরুটি এটা কখনের? মেয়াদ আছে?","বদ্দা, পওরুটি ইবে হত্তের? মিয়াদ আছে না?"
যেন তোমার কষ্ট না হয় সেজন্য আমি নিয়ে আসছি,যেন তোঁয়াত্তুন হষ্ট ন আয় এতেল্লে আঁই লই আইসসি
"বড় ভাই, কাজ হবে তো?","বদ্দা, হাম অইবু না?"
"বড় ভাই, কাজ হবে তো?","বদ্দা, হাজ অইবু না?"
"কী রে, তুই এখনো সেই পুরোনো অভ্যাস ছাড়তে পারলি না","কি রে, তুই এহনো সেই পুরন অভ্যেস ছারিত ন পারিলি"
"কী রে, তুই এখনো সেই পুরোনো অভ্যাস ছাড়তে পারলি না","কি রে, তুই এইজু সেই পুরন অভ্যেস ছারিত ন পারিলি"
অসুখ নিয়ে বসে থাকা ভালো না,অসুখ লই বই থাহন ভালা ন
অসুখ নিয়ে বসে থাকা ভালো না,অসুখ লই বই থাহন গম ন
"আমাদের হাতে এখন বেশি সময় নেই, যা করার তাড়াতাড়ি করতে হবে","আঁরার আ'তুত এহন বেশি সময় নেই, যা গরিবের তারাতারি গরন ফরিবু"
কথা না বলে চুপ চাপ খাবার খাও,হতা ন হইরে চুপ চাপ হানা হ
কথা না বলে চুপ চাপ খাবার খাও,হথা ন হইরে চুপ চাপ হানা হ
"স্যার, অনেকক্ষণ হয়ে গেল, এবার যদি আমার খাতাটা দিয়ে দিতেন","স্যার, বত হতক্ষন অই গেইয়্যি, এবার যদি আঁর হাতাগো দি দিতেন"
"ভাইয়া, এগুলো সাগরের মাছ, তাই দাম বেশি","ভাইয়ে, এগুন সাগরুর মাছ, এতেল্লে দাম বেশি"
আমরা দুবাই না গিয়ে আরও কম টাকায় অন্য কোথাও ঘুরে আসতে পারি,আঁরা দুবাই ন যাই আরও হম টিয়া দি অন্য হনোমিক্কে ঘুরি আইত ফারি
আবির কাঁধে ব্যাগ নিয়ে বের হয়ে গেছে,আবির হাধুত ব্যাগ লই বাইর অই গেইয়্যি
"দেখো, আমার তোমার সঙ্গে মুখ লাগানোর কোনো ইচ্ছা নেই। এমনিতেই মন-মেজাজ ভালো না","স, আত্তুন তোঁয়ার লগে মুখ লাগাইবের হনো ইচ্ছে নেই, এনেই মন-মেজাজ ভালা নো"
"দেখো, আমার তোমার সঙ্গে মুখ লাগানোর কোনো ইচ্ছা নেই। এমনিতেই মন-মেজাজ ভালো না","স, আত্তুন তোঁয়ার লগে মুখ লাগাইবের হনো ইচ্ছে নেই, এনেই মন-মেজাজ গম নো"
দরজার পর্দাটা টেনে দিলে কি সমস্যা? আমার লজ্জা লাগছে তো,দরজার পর্দাগান টানি দিলি কি সমস্যা? আত্তুন শরম লাগের তো
দরজার পর্দাটা টেনে দিলে কি সমস্যা? আমার লজ্জা লাগছে তো,দরজার পর্দাগান টানি দিলি কি সমস্যা? আত্তুন শরম লার তো
খালি কলসি বাজে বেশি,হেইল্যে গরা বাজে বেশি
খালি কলসি বাজে বেশি,হালি গরা বাজে বেশি
এদের দুজনের পাঞ্জাবি দেখে বোঝা যাচ্ছে এরা দুজন ভাই,ইতারা দুনুজনোর পাঞ্জাবি দেহি বুঝা যার ইতারা দুনুজন ভাই
এটা অনেক ফালতু একটা মোবাইল,ইবে বত ফালতু উজ্ঞো মোবাইল
তোরা খেলতে যাওয়ার পর আমাকে বলিস,তুরা খেইলতো যাইবের পরে আঁরে হইস
তোমার দোকানের ছেলেটার ব্যবহার ভালো লাগেনি আমার,তোঁয়ার দোয়ানুর ফুওয়া ইবের বেবার ভালা ন লাগে আত্তুন
তোমার দোকানের ছেলেটার ব্যবহার ভালো লাগেনি আমার,তোঁয়ার দোয়ানুর ফুওয়া ইবের বেবার গম ন লাগে আত্তুন
"ভোরে সূর্য ওঠার আগেই আমি উঠে পড়ি, তারপর নামাজ পড়ি","ফোওয়াত্তে সূর্য উডিবের আগেই আঁই উডি যায়, তারপর নামাজ পরি"
"হ্যালো আসসালামু আলাইকু্ম, কেমন আছেন? কতোদিন পর","হ্যালো আসসালামু আলাইকুম, কেন আছন? হতোদিন পর"
পাগলের সুখ নাকি মনে মনে,ফঅলুর সুখ বলে মনে মনে
আমার সব কাপড় পুরাতন হয়ে গেছে,আঁর বিয়াক হর ফুরন অই গেইয়্যি
"বেশি গরম লাগছে, পাখাটা অন করো","বেশি গরম লার, ফ্যান ইবে চালু গরো"
"বাসা খুঁজতে খুঁজতে ক্লান্ত হয়ে গেছি, তাও একটা ভালো বাসা পাইনি","বাসা তোওয়াইতে তোওয়াইতে অরান অই গেই, তাও এক্কান গম বাসা ন পাই"
"বাসা খুঁজতে খুঁজতে ক্লান্ত হয়ে গেছি, তাও একটা ভালো বাসা পাইনি","বাসা তোওয়াইতে তোওয়াইতে অরান অই গেই, তাও এক্কান ভালা বাসা ন পাই"
"বাসা খুঁজতে খুঁজতে ক্লান্ত হয়ে গেছি, তাও একটা ভালো বাসা পাইনি","বাসা তোওয়াইতে তোওয়াইতে হয়রান অই গেই, তাও এক্কান গম বাসা ন পাই"
আমাদের এলাকায় রবি নেটওয়ার্ক একদম নেই,আঁরার এলাকাত রবি নেটওয়ার্ক এব্বেরে নেই
বাজার থেকে একটা বড় সাইজের মুরগি নিয়ে আসো,বাজারুত্তুন উজ্ঞো বরো সাইজুর কুরো লই আইয়্যো
বাজার থেকে একটা বড় সাইজের মুরগি নিয়ে আসো,বাজারুত্তুন উজ্ঞো বরো সাইজুর কুরা লই আইয়্যো
এই সমস্যাটার জন্য আমরা সামনে এগোতে পারছি না,এই সমস্যা ইয়েনুর লাই আঁরা সামনে আগাইত ন পারির
"মুরাদ বলল, তুমি নাকি ১০ তারিখে ঢাকায় চলে যাচ্ছ?","মুরাদ হইয়্যি, তুঁই বলে ১০ তারিখ ঢাহা চলি যার?"
"চুলায় আগুন জ্বালিয়ে দাও, এখন রান্না করব","চুলোত অইন জলাই দ, এহন রান্না গইজ্জুম"
পেটে এত বেশি ব্যথা করছে যে বসতেও পারছি না,ফেডুত এত বেশি ব্যথা গরেদ্দে বইতও ন ফারির
"ভাই, একটু কম করে দিলে নিয়ে যাব","বদ্দা, এক্কানা হম গরি দিলি লই যাইয়্যুম"
"ভাই, একটু কম করে দিলে নিয়ে যাব","বদ্দা, ইক্কিনি হম গরি দিলি লই যাইয়্যুম"
ক্যাশ দিলে কি একটু ছাড় পাওয়া যাবে?,ক্যাশ দিলি কি এক্কানা ছার পন যাইবু?
ক্যাশ দিলে কি একটু ছাড় পাওয়া যাবে?,ক্যাশ দিলি কি ইক্কিনি ছার পন যাইবু?
"খালি পেটে আমার মাথা কাজ করে না, কিছু খেতে পারলেই শান্তি","হেইল্যে ফেডে আঁর মাথা হাজ ন গরে, কিছু হাইত ফারিলিই শান্তি"
"খালি পেটে আমার মাথা কাজ করে না, কিছু খেতে পারলেই শান্তি","হেইল্যে ফেডে আঁর মাথা হাম ন গরে, কিছু হাইত ফারিলিই শান্তি"
"খালি পেটে আমার মাথা কাজ করে না, কিছু খেতে পারলেই শান্তি","হালি ফেডে আঁর মাথা হাজ ন গরে, কিছু হাইত ফারিলিই শান্তি"
সে এত দ্রুত খায় যে মনে হয় খাবার চিবানোর সময়ই পায় না,ইবে এল্লেত দ্রুত হায় দে মনে অয় হানা চাবাইবের সময় ন পায়
সে এত দ্রুত খায় যে মনে হয় খাবার চিবানোর সময়ই পায় না,ইবে এতো দ্রুত হায় দে মনে অয় হানা চাবাইবের সময় ন পায়
"আমার কাপড় আমি ধোব, তোমার ধোয়ার দরকার নেই","আঁর হর আঁই ধুইয়্যুম, তোঁয়াত্তুন ধোওয়োনুর দরহার নেই"
"এই মাসে কক্সবাজারে অনেক জ্যাম হবে, সামনের মাসে যাব","এই মাসুত কক্সবাজারুত বত জাম অইবু, সামনুর মাসুত যাইয়্যুম"
"আগামীকাল পরিক্ষা, সেজন্য সকালে জলদি উঠতে হবে","হালিয়ে পরিক্ষে, এতেল্লে বেইন্নে তারাতারি উডন পরিবো"
"আগামীকাল পরিক্ষা, সেজন্য সকালে জলদি উঠতে হবে","হালিয়ে পরিক্ষে, এতেল্লে ফজোরত তারাতারি উডন পরিবো"
"আগামীকাল পরিক্ষা, সেজন্য সকালে জলদি উঠতে হবে","হালিয়ে পরিক্ষে, এতেল্লে বেইন্নে হারা উডন পরিবো"
"আগামীকাল পরিক্ষা, সেজন্য সকালে জলদি উঠতে হবে","হালিয়ে পরিক্ষে, এতেল্লে বেইন্নে জলদি উডন পরিবো"
আপনার জন্য অপেক্ষা করব আমি,অঁনোর লাই অপেক্ষা গইজ্জুম আঁই
"অনেক বেশি কুয়াশা, কুয়াশার জন্য সূর্য দেখা যাচ্ছে না","বত বেশি হুয়া, হুয়ার লাই সূর্য দেহা ন যার"
অনেকগুলো মাছ মরে গিয়ে পুকুরে ভাসছে,বত হদুজ্ঞুন মাছ মরি ফইরুত ভা'আর
"টাকা আয় করা যে কত কষ্ট, সেটা যে আয় করে সেই জানে",টিয়া হামন যে হত হষ্ট ইয়েন যে হামাই ইতে জানে
"জ্বর হওয়ার কারণে মুখের রুচি চলে গেছে, তাই এখন কোনো কিছুর স্বাদ লাগছে না","জ্বর অইবের হারনে মুখুর রুচি চলি গেইয়্যি, এতেল্লে এহন হনো কিছুর স্বাদ ন লাগের"
"জ্বর হওয়ার কারণে মুখের রুচি চলে গেছে, তাই এখন কোনো কিছুর স্বাদ লাগছে না","জ্বর অইবের হারনে মুখুর রুচি চলি গেইয়্যি, এতেল্লে এহন হনো কিছুর স্বাদ ন লার"
ফ্রি হলে এগুলো একটু দেখিস,ফ্রি অইলি এগুন এক্কানা চাইস
ফ্রি হলে এগুলো একটু দেখিস,ফ্রি অইলি এগুন ইক্কিনি চাইস
"খবরে শুনলাম নতুন একটা ঘূর্ণিঝড় আসছে, সবাইকে আশ্রয়কেন্দ্রে চলে যেতে বলল","হবরুত উনিলাম নতুন উজ্ঞো ঘূর্ণিঝর আইয়্যির, বিয়াজ্ঞুনুরে আশ্রয়কেন্দ্রত চলি যাইতু হইয়্যি"
"মাসুদ সাহেব, কেমন লাগতাছে আমাদের আয়োজন?","তো মাসুদ সাব, কেন লার আঁরার আয়োজন?"
"মাসুদ সাহেব, কেমন লাগতাছে আমাদের আয়োজন?","তো মাসুদ সাব, কেন লাগের আঁরার আয়োজন?"
বাতাস বেশি হওয়ার কারণে ছাতাটা ভেঙে গেল,বাতাস বেশি অইবের হারনে ছাতিগান ভাঙি গেইয়্যি
ছোটবেলায় নাকি তুই বিছানায় প্রস্রাব করে দিতি?,গুরো থাকতে বলে তুই বিছেনুত মুতি দিতি?
"আমার শরীর একদম ভাল না, আমার জন্য একটু দোয়া করিও","আঁর শরীল এব্বেরে ভালা ন, আঁর লাই এক্কানা দোয়া গইজ্জো"
"আমার শরীর একদম ভাল না, আমার জন্য একটু দোয়া করিও","আঁর শরীল এব্বেরে গম ন, আঁর লাই এক্কানা দোয়া গইজ্জো"
"আমার শরীর একদম ভাল না, আমার জন্য একটু দোয়া করিও","আঁর শরীল এব্বেরে ভালা ন, আঁর লাই ইক্কিনি দোয়া গইজ্জো"
"আমার শরীর একদম ভাল না, আমার জন্য একটু দোয়া করিও","আঁর শরীর এব্বেরে ভালা ন, আঁর লাই এক্কানা দোয়া গইজ্জো"
"বসন্তের বাতাসে ফুলের গন্ধ ভেসে আসছে, মনটা কেমন আনন্দে ভরে উঠছে","বসন্তর বাতাসুত ফুলুর গন্ধ বাই আইয়্যির, মন ইয়েন আনন্দে ভরি উইট্টি"
"ওর মাথা ঠিক নাই, মাথা ঠিক থাকলে এমন কথা বলত?","ইতের মাথা ঠিক নেই, মাথা ঠিক থাহিলি এল্লেত হতা হইতু?"
"ওর মাথা ঠিক নাই, মাথা ঠিক থাকলে এমন কথা বলত?","ইতের মাথা ঠিক নেই, মাথা ঠিক থাহিলি এল্লেত হথা হইতু?"
এভাবে মরার মতো কে ঘুমায়! জলদি উঠ ঘুম থেকে,এল্লেত মরার মতন হনে ঘুম যায়! হারা উঠ ঘুমুত্তোন
এভাবে মরার মতো কে ঘুমায়! জলদি উঠ ঘুম থেকে,এল্লেত মরার মতন হনে ঘুম যায়! তারাতারি উঠ ঘুমুত্তোন
এভাবে মরার মতো কে ঘুমায়! জলদি উঠ ঘুম থেকে,এল্লেত মরার মতন হনে ঘুম যায়! জলদি উঠ ঘুমুত্তোন
এভাবে মরার মতো কে ঘুমায়! জলদি উঠ ঘুম থেকে,এন গরি মরার মতন হনে ঘুম যায়! হারা উঠ ঘুমুত্তোন
এভাবে মরার মতো কে ঘুমায়! জলদি উঠ ঘুম থেকে,এইল্লেত মরার মতন হনে ঘুম যায়! হারা উঠ ঘুমুত্তোন
এভাবে মরার মতো কে ঘুমায়! জলদি উঠ ঘুম থেকে,ইল্লেত মরার মতন হনে ঘুম যায়! হারা উঠ ঘুমুত্তোন
"আরে হাছান, কি খবর?","আরে হাছান, কি হবর?"
সারাদিন ফোন টিপা ছাড়া আর কোন কাজ আছে?,ফুরোদিন ফোন টিপন ছাড়া আর হনো হাম আছে?
সারাদিন ফোন টিপা ছাড়া আর কোন কাজ আছে?,ফুরোদিন ফোন টিপন ছাড়া আর হনো হাজ আছে?
সারাদিন ফোন টিপা ছাড়া আর কোন কাজ আছে?,আরাদিন ফোন টিপন ছাড়া আর হনো হাম আছে?
বন্ধুকে বললাম একা একা না থেকে একটা বিয়ে করে নিতে,বন্ধুরে হইলাম এহেল্লে এহেল্লে ন থাহি উজ্ঞো বিয়ে গরি লইতো
আল্লাহ যা করেন ভালোর জন্য করেন,আল্লাহ যা গরে ভালার লাই গরে
"এখন বর্ষাকাল, তাই বান্দরবানের পাহাড়ে না গেলে ভালো হবে","এহন বর্ষাহাল, এতেল্লে বান্দরবন ফারুত ন যাইলি ভালা অইবু"
"এখন বর্ষাকাল, তাই বান্দরবানের পাহাড়ে না গেলে ভালো হবে","এহন বর্ষাহাল, এতেল্লে বান্দরবন ফারুত ন যাইলি গম অইবু"
আমার যদি দোষ থাকতো তাহলে আমি মেনে নিতাম,আঁর যদি দোষ থাইকতো তইলি আঁই মানি লইতাম
"আমরা অনেক সময় মানুষকে বেশি বিশ্বাস করে ফেলি, যার কারণে পরে গিয়ে কষ্ট পাই","আঁরা বত সময় মানুষ উরে বেশি বিশ্বেস গরি ফেলাই, যার হারনে পরে যাই হষ্ট পাই"
"হ্যালো রাকিব, কোথায় যাচ্ছো?","হ্যালো রাকিব, হনডে যর?"
"হ্যালো রাকিব, কোথায় যাচ্ছো?","হ্যালো রাকিব, হডে যর?"
মাঝে মাঝে প্রতিবেশীদেরও খোঁজখবর নিতে হয়,মাঝে মাঝে প্রতিবেশী অক্কলোরও হোচ হবর লন ফরে
শুনলাম আমাদের ভার্সিটি খুলবে আগামী সপ্তাহ?,উইন্নিলাম আঁরার ভার্সিটি খুলিবু আগামী সপ্তাত?
"বর্ষাকাল আসলেই আমার জন্য সমস্যা, সব কাজ বন্ধ থাকে","বর্ষাহাল আইলিই আঁর লাই সমস্যা, বিয়াক হাজ বন্ধ থাহে"
"বর্ষাকাল আসলেই আমার জন্য সমস্যা, সব কাজ বন্ধ থাকে","বর্ষাহাল আইলিই আঁর লাই সমস্যা, বিয়াক হাম বন্ধ থাহে"
"আমার ব্যাগটা বেশি ভারী, আমাকে একটু হেল্প করেন","আঁর ব্যাগ ইবে বেশি ভারী, আঁরে এক্কানা হেল্প গরন"
"আমার ব্যাগটা বেশি ভারী, আমাকে একটু হেল্প করেন","আঁর ব্যাগ ইবে বেশি ভারী, আঁরে ইক্কিনি হেল্প গরন"
তোকে দেখলেই আমার মাথা গরম হয়ে যায়,তোরে দেহিলিই আঁর মাথা গরম অই যাই
আমার ভাইকে কেউ দেখতে পারলে আমার অনেক ভালো লাগে,আঁর ভাইয়্যুরে কিয়াই দেইত ফারিলি আত্তুন বত ভালা লাগে
আমার ভাইকে কেউ দেখতে পারলে আমার অনেক ভালো লাগে,আঁর ভাইয়্যুরে কিয়াই দেইত ফারিলি আত্তুন বত গম লাগে
"এখন বয়স হয়েছে, তাই ওভাবে ঘোরাঘুরি করা হয় না","এহন বয়স অইয়্যি, এতেল্লে ওভাবে ঘোরাঘুরি গরা ন অয়"
"তুমি কোনো চিন্তা করো না, তোমাকে প্রতিদিনের টাকা প্রতিদিনই দিয়ে দেওয়া হবে","তুঁই হনো চিন্তে ন গইজ্জো, তোঁয়ারে পইত্তোদিনুর টিয়া পইত্তোদিনই দিই দিবু"
হজমশক্তি দিন দিন কমে যাচ্ছে,অজমশক্তি দিন দিন হমি যার
বাকি টাকাগুলো ফেরত দিলে ভাল হবে,বেইক্কে টিয়াগুন ফেরত দিলি ভালা অইবু
বাকি টাকাগুলো ফেরত দিলে ভাল হবে,বেইক্কে টিয়াগুন ফেরত দিলি গম অইবু
"আমার স্বামী অনেক ভালো মানুষ, আমার সঙ্গে কখনো মিথ্যা বলেন না","আঁর জামাই বত ভালা মানুষ, আঁর লগে হনোসময় মিছে ন হয়"
"আমার স্বামী অনেক ভালো মানুষ, আমার সঙ্গে কখনো মিথ্যা বলেন না","আঁর জামাই বত গম মানুষ, আঁর লগে হনোসময় মিছে ন হয়"
"ভালো হয়ে যা বন্ধু, প্রেম করা ভালো না","ভালা অই যা বন্ধু, প্রেম গরন ভালা ন"
"ভালো হয়ে যা বন্ধু, প্রেম করা ভালো না","গম অই যা বন্ধু, প্রেম গরন ভালা ন"
লেবু নাকি ৪টা একশ টাকা,লেবু বলে ৪গো একশ টিয়া
তুই আমাকে বলিস নাই কেন?,তুই আঁরে নহস কা?
"আমি যেহেতু প্রজেক্ট ম্যানেজার, সেজন্য সিদ্ধান্ত আমিই নেব","আঁই যেহেতু প্রজেকট ম্যানেজার, এতেল্লে সিদ্ধান্ত আঁই লইয়্যুম"
দরদাম করতে না জানলে তো টাকা বেশি নিয়ে ফেলবে,দরদাম গরিত ন জানিলি তো টিয়া বেশি লই ফেলাইবু
"আমার এক খালামণি ছিলেন, যিনি মুড়ি দিয়ে চা খেতেন","আঁর উজ্ঞো হালা আছিল, যিবে মুরি দি চা হাইতু"
"আমি বের হচ্ছি, এখন এভাবে মুখ কালো করে থাকলে আমি যাব কীভাবে?","আঁই বাইর অইর, এহন এল্লেত মুখ হালা গরি থাহিলি আঁই যাইয়্যুম কেনে?"
"আমি বের হচ্ছি, এখন এভাবে মুখ কালো করে থাকলে আমি যাব কীভাবে?","আঁই বাইর অইর, এহন এন গরি মুখ হালা গরি থাহিলি আঁই যাইয়্যুম কেনে?"
"আমি বের হচ্ছি, এখন এভাবে মুখ কালো করে থাকলে আমি যাব কীভাবে?","আঁই বাইর অইর, এহন এইল্লেত মুখ হালা গরি থাহিলি আঁই যাইয়্যুম কেনে?"
"আমি বের হচ্ছি, এখন এভাবে মুখ কালো করে থাকলে আমি যাব কীভাবে?","আঁই বাইর অইর, এহন ইল্লেত মুখ হালা গরি থাহিলি আঁই যাইয়্যুম কেনে?"
নতুন স্যারের পড়াগুলো কিছু বুঝি না,নতুন স্যার উর পরা এগিন কিছু ন বুঝির
"আজকে নদীতে স্রোত বেশি, মাছ ধরতে যাওয়া ঠিক হবে না","আজিয়ে দইজ্জেত উত বেশি, মাছ ধইত্তু যন ঠিক অইতুনো"
"আজকে নদীতে স্রোত বেশি, মাছ ধরতে যাওয়া ঠিক হবে না","আজিইয়্যে দইজ্জেত উত বেশি, মাছ ধইত্তু যন ঠিক অইতুনো"
"মাছগুলো কি ফার্মের, নাকি দেশি?","মাছ এগুন কি ফার্মুর, নাকি দেশি?"
হোমওয়ার্ক না করলে আমি ম্যাডামকে বলে দেবো,হোমওয়ার্ক ন গরিলি আঁই ম্যাডাম উরে হই দিয়্যুম
"আমার শার্টটা একটু ধুয়ে দিও তো, এটা অনেক ময়লা হয়ে গেছে","আঁর শার্ট ইবে এক্কানা ধুই দিও তো, ইবে বত হাচারা অই গেইয়্যি"
"আমার শার্টটা একটু ধুয়ে দিও তো, এটা অনেক ময়লা হয়ে গেছে","আঁর শার্ট ইবে ইক্কিনি ধুই দিও তো, ইবে বত হাচারা অই গেইয়্যি"
ছোটবেলায় রমজান মাসে মসজিদে তারাবিহ পড়তে গেলে অনেক দুষ্টামি করতাম,গুরো থাকতে রমজান মাসুত মসইদুত তারাবিহ ফইত্তু গেইলি বত যারগই গইত্তাম
ঘরের সবচেয়ে ছোট ছেলেটা অনেক দুষ্টু হয়,ঘরোর বিয়াজ্ঞুনুত্তুন গুরো ফুওয়া ইবে বত জারগো অই
"এখন ক্ষুদা নাই, পরে খাবো","এহন ভুক নাই, পরে হাইয়্যুম"
তোমাকে অনেকদিন দেখিনায়,তোঁয়ারে বতদিন ন দেহি
আমি চিন্তা করছি এবার শীতের ছুটিতে আমার দাদুকে একবার গিয়ে দেখে আসব,আঁই চিনতে গরির এবার শীতুর ছুটিত আঁর দাদুরে একবার যাই সাই আইসসুম
দাঁত না মাজলে দাঁতে পোকা হবে,দাত ন মাজিলি দাতুত ফুক অইবু
দাঁত না মাজলে দাঁতে পোকা হবে,দাত ন মাজিলি দাতুত ফুগ অইবু
"আমাদের একটা বাস দিয়ে হবেনা, দুইটা লাগবে","আরাত্তুন এক্কান বাস দি ন অইবু, দুইয়েন লাগিবু"
মাঠে গেলে চল,মাডোত যাইলি চল
"আমি সবসময় তোমার দোকান থেকে কাপড় নিই, এবার দাম কম রাখতে হবে","আঁই সবসময় তোঁয়ার দোয়ানুত্তুন হর লই, এবার দাম হম রাহন ফরিবু"
"সামনে একটা এক্সিডেন্ট হয়েছে, তাই রাস্তায় জ্যাম লেগে আছে","সাম্মোদ্দি এক্কান এক্সিডেন্ট অইয়্যি, এতেল্লে রাস্তাত জাম লাগি থেইক্কি"
আজকে অফিসে যেতে হবে যে তাই আসতে পারব না,আজিয়ে অফিসুত যন ফরিবু দে এতেল্লে আইইয় ফাইত্তাম নো
আজকে অফিসে যেতে হবে যে তাই আসতে পারব না,আজিইয়্যে অফিসুত যন ফরিবু দে এতেল্লে আইইয় ফাইত্তাম নো
"আইডি কার্ডটা নিয়ে আসি, না হলে আবার বের করে দেবে","আইডি কার্ড ইয়েন লই আই, নইলি আবার বাইর গরি দিবু"
রোগ প্রতিরোধ ক্ষমতা বাড়াতে হলে প্রতিদিন তাজা ফলমূল এবং শাকসবজি খাওয়া দরকার,রোগ প্রতিরোধ ক্ষমতা বারাইতু চাইলি পইত্তোদিন তাজা ফলমুল আর শাকসবজি হন দরহার
"মেয়েটার সারারাত জ্বর ছিল, কিছু খেতে পারেনি","মেইফুওয়া ইবের আরাঁরাইত জ্বর আছিল, কিছু হাইত ন পারে"
আল্লাহ আমার আপুকে একটা সুন্দর জামাই দিক,আল্লাহ আঁর আফারে উজ্ঞো সুন্দর জামাই দক
"এই বিড়ালটা এত দুষ্টু, মাছ ভেজে রেখেছিলাম যে ওখান থেকে চুরি করে খেয়ে ফেলেছে","এই বিলেই ইবে এল্লেত জারগো, মাছ ভাজি রাইক্কিলাম দে এত্তুন চুরি গরি হায় ফেলাইয়্যি"
"এই বিড়ালটা এত দুষ্টু, মাছ ভেজে রেখেছিলাম যে ওখান থেকে চুরি করে খেয়ে ফেলেছে","এই বিলেই ইবে এতো জারগো, মাছ ভাজি রাইক্কিলাম দে এত্তুন চুরি গরি হায় ফেলাইয়্যি"
"এই বছর তো অনেক কম শীত পড়ছে, গত বছর আরও বেশি পড়েছিল","এই বছর তো বত হম শীত ফইজ্জি, গত বছর আরও বেশি ফইজ্জিল"
"ভাই, দয়া করে একটু সরে দাঁড়ান, পেছনের মানুষগুলো সামনে আসতে পারছে না","বদ্দা, দয়া গরি এক্কানা সরি থিয়ন, পিছুদ্দির মানুষ এগুন সামনে আইত ন পারের"
"ভাই, দয়া করে একটু সরে দাঁড়ান, পেছনের মানুষগুলো সামনে আসতে পারছে না","বদ্দা, দয়া গরি ইক্কিনি সরি থিয়ন, পিছুদ্দির মানুষ এগুন সামনে আইত ন পারের"
"যদি তুমি আসো তাহলে আমি অনেক খুশি হবো, অনেকদিন তুমাকে দেখি নাই","যদি তুঁই আইয়্যু তইলি আঁই বত খুশি অইয়্যুম, বতদিন তোঁয়ারে ন দেহি"
"দেরি হয়ে গেলে সমস্যা হবে, তাই যা করার জলদি করুন","দেরি অই গেলি সমস্যা অইবু, এতেল্লে যা গরার হারা গরন"
"দেরি হয়ে গেলে সমস্যা হবে, তাই যা করার জলদি করুন","দেরি অই গেলি সমস্যা অইবু, এতেল্লে যা গরার তারাতারি গরন"
"দেরি হয়ে গেলে সমস্যা হবে, তাই যা করার জলদি করুন","দেরি অই গেলি সমস্যা অইবু, এতেল্লে যা গরার জলদি গরন"
"যে পরীক্ষা দিয়েছি, মনে তো হয় না পাশ করব","যে পরীক্ষে দিই, মনে তো ন অয় পাশ গইজ্জুম"
"আমরা ওখানে শুধু দুদিন থাকব, তাই বেশি জিনিস নিয়ে যেতে হবে না","আঁরা এনডে উধো দুদিন থাইক্কুম, এতেল্লে বেশি জিনিস লই যন ন ফরিবু"
"সত্যি বলতে আমার ওখানে যাওয়ার কোনো ইচ্ছা নেই, আপনি জোর করছেন তাই যাচ্ছি","সত্যি বলতে আত্তুন এনডে যাইবের হনো ইচ্ছে নেই, অঁনে জোর গরের এতেল্লে যাইর"
আমি কি চাই সেটা তুমি আমার চেহারা দেখে বলতে পারবেনা?,আঁই কি চাই ইয়েন তুঁই আঁর চিয়ারা দেহি হইত ন ফারিবে?
এই বৃষ্টির দিনে সবাই মিলে লুডু খেললে মন একদম ভালো হয়ে যাবে,এই বৃষ্টির দিনুত বিয়াজ্ঞুন মিলি লুডু খেলিলি মন এব্বেরে ভালা অই যাইবু
এই বৃষ্টির দিনে সবাই মিলে লুডু খেললে মন একদম ভালো হয়ে যাবে,এই বৃষ্টির দিনুত বিয়াজ্ঞুন মিলি লুডু খেলিলি মন এব্বেরে গম অই যাইবু
এই বৃষ্টির দিনে সবাই মিলে লুডু খেললে মন একদম ভালো হয়ে যাবে,এই বৃষ্টির দিনুত বেজ্ঞুন মিলি লুডু খেলিলি মন এব্বেরে ভালা অই যাইবু
"বার বার বলি যে বাজার থেকে কিছু নিলে ভালভাবে দেখে নিতে, এখন দোকানদার সব পঁচা আম দিয়ে দিছে তোমাকে","বার বার হয়দি বাজারোত্তুন কিছু লইলি ভালা গরি চায় লইবের লাই, এহন দোয়ানদার বিয়াক পুঁচা আম দি দিয়ি তোঁয়ারে"
"বার বার বলি যে বাজার থেকে কিছু নিলে ভালভাবে দেখে নিতে, এখন দোকানদার সব পঁচা আম দিয়ে দিছে তোমাকে","বার বার হয়দি বাজারোত্তুন কিছু লইলি গম গরি চায় লইবের লাই, এহন দোয়ানদার বিয়াক পুঁচা আম দি দিয়ি তোঁয়ারে"
"আমাদের আরও দুজন বাকি আছে, ওরা পটিয়া থেকে উঠবে","আরাত্তুন আরো দুইজন বাকি আছে, ইতারা পটিয়েত্তুন উডিবু"
পিকনিকে গিয়ে আমরা একসাথে অনেক মজা করেছি,পিকনিকুত যায় রে আঁরা এক্কোওয়ারে বত মজা গইজ্জি
পিকনিকে গিয়ে আমরা একসাথে অনেক মজা করেছি,পিকনিকুত যায় রে আঁরা এক্কোত্তরে বত মজা গইজ্জি
পিকনিকে গিয়ে আমরা একসাথে অনেক মজা করেছি,পিকনিকুত যায় রে আঁরা একলগে বত মজা গইজ্জি
পিকনিকে গিয়ে আমরা একসাথে অনেক মজা করেছি,পিকনিকুত যায় রে আঁরা এক্কোফুয়ারে বত মজা গইজ্জি
"দেখি এবার বলো, এতদিন কোথায় ছিলে?","সাই এবার হ, এতদিন হন্ডে আছিলে"
তুমি এই রাস্তা দিয়ে কোথায় যাচ্ছ?,তুঁই এই রাস্তা দি হনডে যার?
"আমাকে বোকা বানানো এত সহজ না, আমি কাপড় দেখলেই কোয়ালিটি বুঝে যাই","আঁরে বোকা বানন এতো সোজা নো, আঁই হর দেহিলিই কোয়ালিটি বুঝি যাই"
"আমাকে বোকা বানানো এত সহজ না, আমি কাপড় দেখলেই কোয়ালিটি বুঝে যাই","আঁরে বোকা বানন এল্লেত সোজা নো, আঁই হর দেহিলিই কোয়ালিটি বুঝি যাই"
"কপি করলে করো, কিন্তু শব্দ করবে না","কপি গরিলি গরো, কিন্তু শব্দ ন গইজ্জো"
এই মোবাইল ফোনটার ক্যামেরা কেমন? কারণ আমি ছবি তোলার জন্যই কিনতে চাইছি,এই মোবাইল ফোন ইবের ক্যামেরা কেন? হারন আঁই ছবি তোলিবের লাই কিনতাম চাইদ্দি
"১০ তারিখ নাকি সারা দেশে হরতাল দিয়েছে, ওইদিন যেও না","১০ তারিখ বলে সারা দেশ উত হরতাল দিইয়্যি, ওইদিন ন যাইয়্যু"
"এখন সমুদ্র উত্তাল, অনেক বড় বড় ঢেউ উঠছে","এহন সাগর গরম, বত বরো বরো ঢেউ উডের"
"আপু, তুমি আমাকে পড়াটা একটু বুঝিয়ে দাও","আফা, তুঁই আঁরে পরাগান এক্কানা বুঝায় দও"
"আপু, তুমি আমাকে পড়াটা একটু বুঝিয়ে দাও","আফা, তুঁই আঁরে পরাগান ইক্কিনি বুঝায় দও"
"শরীরে ভিটামিনের অভাবে চুল পড়ে যাচ্ছে, ডাক্তার সাপ্লিমেন্ট নিতে বললেন","শরীলুত ভিটেমিনুর অভাবে চুল পরি যার, ডাক্তার সাপ্লিমেন্ট লইতু হইয়্যি"
"এই বাসে কি এসি আছে, কারণ গরমের মধ্যে যেতে অনেক কষ্ট হবে","এই বাসুত কি এসি আছে, হারন গরমুর মধ্যে যাইতে বত হষ্ট অইবু"
