Bangla,Chatgaya
আজকে কাজে একদম মন বাসছেনা,আজিয়ে হাজোত এব্বেরে মন ন বইয়্যির
"ভাইয়া, এবার দেশে আসার সময় আমার জন্য একটা দামি ফোন নিয়ে এসো","ভাইয়া, এবার দেশুত আইবের সমত আঁর লাই উজ্ঞো দামি ফোন লই আইসসো"
ইফতারের পরে মার্কেটে মানুষ বেশি থাকবে,ইফতেরুর ফরে মার্কেটুত মানুষ বেশি থাহিবু
সময়মতো খাবার না খেলে শরীর দুর্বল হয়ে যাবে,সময়মতো হানা ন হাইলি শরীল দুর্বল অই যাইবু
"আমরা বান্দরবান যেতে চাচ্ছি, দিনে গিয়ে কি দিনে ফিরে আসতে পারব?","আঁরা বান্দরবন যেতাম চাইর, দিনুত যাই কি দিনুত ফিরি আইত ফাইজ্জুম?"
তোর বাবাকে বল যেন মাছ বাজার থেকে কেটে আনে,তোর বাফুরে হ যেন মাছ বাজারুত্তুন হাডি আনে
"আমি তাদের বারবার নিষেধ করেছিলাম, কিন্তু তারা আমার কথা শোনে নি","আঁই ইতারারে বারবার নিষেধ গইজ্জিলাম, কিন্তু ইতারা আঁর হতা নো উনে"
"সবসময় হাসিখুশি থাকবা, তোমাকে হাসিখুশি দেখলে মিষ্টি লাগে","সবসময় আসিখুশি থাহিবে, তোঁয়ারে আশিখুশি দেহিলি মিষ্টি লাগে"
"আমাদের যদি ফিরতে দেরি হয়ে যায়, তাহলে তুই খেয়ে ঘুমিয়ে যাস","আরাত্তুন যদি ফিত্তে দেরি অই যাই, তইলি তুই হাইয়্যিরে ঘুমাই যাইস"
"আজকে বাসায় যাব না, আমি আমার বন্ধুর বাসায় থেকে যাচ্ছি","আজিয়ে বাসাত ন যাইয়্যুম, আঁই আঁর বন্ধুর বাসাত থাহি যাইর"
লেগে থাকলে একদিন সাফল্য অবশ্যই আসবে,লাগি থাহিলি একদিন সাফল্য অবশ্যই আইবু
এই যে শুনছেন? আপনি কি বিশ্ববিদ্যালয়ের শিক্ষক?,এই যে উইনতে লেইজ্ঞুন? অঁনে কি বিশ্ববিদ্যালয় উর শিক্ষক?
"তোদের থেকে দূরে থাকলেই ভালো, একসঙ্গে থাকলে একটাও ভালো কথা হয় না","তোরাত্তুন দুরে থাহিলিই ভালা, একলগে থাহিলি এক্কানও ভালা হতা নো অয়"
আমাদের অন্যভাবে কাজ করতে হবে,আরাত্তুন অন্যভাবে হাম গরন ফরিবু
শাড়িটার কাপড় ভালো হবে মনে হচ্ছে,শারি ইবের হর ভালা অইবু মনে অর
তোমার এই কাপড়টা এখানে কেন? অন্যদিকে নিয়ে যাও জলদি,তোঁয়ার হর ইবে এনডে কা? অন্যমিক্কে লই য হারা
"মাথা ঠান্ডা করো, আমি কি বলি মনোযোগ দিয়ে শোনো","মাথা ঠান্ডা গরো, আঁই কি হইর মন দি উনো"
"আজকের আকাশ অনেক পরিষ্কার, তারাগুলো স্পষ্ট দেখা যাচ্ছে","আজিয়ের আকাশ বৌত পরিষ্কার, তারা এগুন স্পষ্ট দেহা যার"
প্রশ্ন দেখে আমার মাথা ঘুরে গেছে,প্রশ্ন দেহি রে আঁর মাথা ঘুরি গেইয়্যি
আমাকে এই বিপদ থেকে উদ্ধার করো,আঁরে এই বিপদ উত্তুন উদ্ধার গরো
"দোয়া করিস বন্ধু, সামনে অনেক কাজ","দোয়া গরিস বন্ধু, সামনে বৌত হাম"
"আমি সবজি দিয়ে ভাত খাব না, আমাকে মাংস দাও","আঁই সবজি দি ভাত হাইতাম ন, আঁরে গোস্ত দও"
রাতে না খেয়ে ঘুমালে সকালে উঠে দুর্বল লাগবে,রাতিয়ে ন হায় ঘুমাইলি বেইন্নে উডি দুর্বল লাগিবু
বাইরে কোথাও থেকে ঘুরে আসলে মন ভাল হয়ে যাবে,বাইরে হনোমিক্কেত্তুন ঘুরি আইলি মন ভালা অই যাইবো
"অফিস থেকে ছুটি পেয়েছি, আমরা আগামীকাল বের হব","অফিস উত্তুন ছুটি পায়, আঁরা হালিয়ে বাইর অইয়্যুম"
"স্যার, আমি ওর দিকে তাকাইনি","স্যার, আঁই ইতের মিক্কে নো চাই"
"আমি এখন থেকে টাকা জমাচ্ছি, যেন বন্ধে কোথাও একটু ঘুরে আসতে পারি","আঁই এহনুত্তুন টিয়া জমাইর, যেন বন্ধত হনোমিক্কে এক্কানা ঘুরি আইত ফারি"
আমার কার্টুন দেখতে অনেক ভাল লাগে,আত্তুন কার্টুন চাইতে বৌত ভালা লাগে
পরিচিত মানুষ থেকে এত বেশি লাভ করার দরকার নেই,পরিচিত মানুষ উত্তুন এল্লেত বেশি লাভ গরন উর দরহার নেই
"আমি ৩০০ টাকা দিব, যদি পারেন দিয়ে দেন","আঁই ৩০০ টিয়া দিইয়্যুম, যদি ফারো দিই দন"
ছোটবেলায় আম্মুর কাছে ১৯৯১ সালের বন্যার কথা শুনেছিলাম,গুরো থাকতে আম্মুর হাছে ১৯৯১ সালুর বন্যার হথা উইন্নিলাম
"তুমি এখন ভাত খেও না, আমি একটু পর আলু ভর্তা করে দিচ্ছি","তুঁই এহন ভাত ন হাইয়্যু, আঁই এক্কানা ফর আলু ভত্তা গরি দির"
গোসল করে আসার সময় তোর বাবার লুঙ্গিটাও ধুয়ে আনিস,গোসল গরি আইবের সমত তুর বাফুর লুঙ্গি ইয়েন অ ধুয় আনিস
"চল, আজ সুলতান'স ডাইন থেকে কাচ্চি বিরিয়ানি খেয়ে আসি","চল, আজিয়ে সুলতান'স ডাইন উত্তুন কাচ্চি বিরেনি হাই আই"
"সকালে ঘুম ভাঙার পর জানালা খুলে দিলাম, তারপর দেখি সূর্য উঠে গেছে","ফজোরত ঘুম ভাঙিবের পর জানালা খুলি দি, তারপর দেহিদ্দি সূর্য উডি গেইয়্যি"
চুরি করে কোনো কিছু অর্জন করে কী লাভ?,চুরি গরি হনো কিছু অর্জন গরি কি লাভ?
"পায়ে খুব ব্যথা করছে, একটু টিপে দাও তো","টেং বৌত ব্যথা গরের, এক্কানা টিপি দও না"
খালি কলসি বাজে বেশি,হেইল্যে গরা বাজে বেশি
স্টুডেন্ট ভিসা নিয়ে ইতালি গেলে কেমন হবে?,স্টুডেন্ট ভিসে লই ইতালি গেলি কেন অইবু
সবার ব্যাগ আর মোবাইল ফোন সামনে এনে রাখো,বিয়াজ্ঞুনুর ব্যাগ আর মোবাইল ফোন সাম্মুদ্দি আনি রাহো
এমনভাবে মাথা ঘুরাচ্ছে যেন মনে হচ্ছে দুনিয়াটা ঘুরতাছে,এন গরি মাথা ঘুরাদ্দে যেন মনে অর দুনিয়ে ইয়েন ঘুরের
একসাথে তিনটা নিলে কি দাম একটু কম রাখবেন?,এক্কোওয়ারে তিন্নো লইলি কি দাম এক্কানা হম রাহিবেন?
"কাপড়টা বেশি ময়লা হয়ে গেছে, ধুয়ে ফেলতে হবে আজকে","হর ইবে বেশি হাচারা অই গেইয়্যি, আজিয়ে ধুই ফেলন ফরিবু"
"আমার একটু খারাপ লাগছে, আমি যেতে পারব না","আত্তুন এক্কানা হারাপ লার, আঁই যাইত ফাইত্তাম নো"
হাঁটুতে ব্যথার কারণে সিঁড়ি বেয়ে উঠতে অনেক কষ্ট হচ্ছে,আডুর ব্যথার হারনে সিরি বাই উঠতে বৌত হষ্ট অর
গতকাল ফুফাতো ভাইয়ের সাথে অনেক জায়গায় বাসা খুঁজেছি,গত হালিয়ে ফোতু ভাইয়ুর লগে বৌত জাগাত বাসা তোওয়াই
আমাকে আরো কিছু গরম গরম ভাপা পিঠা দাও,আঁরে আরো কিছু গরম গরম ধু পিডে দও
"আমি বিকেলে নাস্তা খেয়েছিলাম, তাই রাতে ভাত দেরি করে খাব","আঁই বিয়েলে নাস্তা হাইলাম, এতেল্লে রাতিয়ে ভাত দেরি গরি হাইয়্যুম"
"ভাই, আপনি না এলে আজকের আড্ডাটা একদম জমত না","বদ্দা, অঁনে ন আইলি আজিয়ের আড্ডা ইয়েন একদম ন জইমতো"
"আমার ছেলে কাতারে থাকে, ওখানে ব্যবসা করে","আঁর ফুওয়া কাতারুত থাহে, এনডে ব্যবসা গরে"
"আপনি কি সত্যিই এটা বললেন, নাকি আমি ঘুমের মধ্যে শুনলাম?","অঁনে কি সত্যি ইয়েন হইয়্যুন, নাকি আঁই ঘুমুর মধ্যে উইন্নিলাম?"
"ভাই, গাড়িটা একটু সরিয়ে নিন, রাস্তা আটকে আছে","বদ্দা, গারি ইয়েন এক্কানা সরাই লন, রাস্তা আটকি আছে"
"ভাই, তোর জন্য কিছু মিষ্টি এনেছি, নিয়ে যা, তোর অনেক পছন্দের জিনিস!","বদ্দা, তুর লাই কিছু মিষ্টি আইন্নি, লই যা, তুর বৌত পছন্দের জিনিস!"
"এটা গাছপাকা কাঁঠাল, তাই দাম বেশি হবে","ইবে গাছফোওয়ানা হাট্টল, এতেল্লে দাম বেশি অইবু"
আসসালামু আলাইকুম ভাই,আসসালামু আলাইকুম বদ্দা
"আম্মু, আমার পরীক্ষা আগামীকাল, তাই আজ রাতে একটু তাড়াতাড়ি খাবার দিয়ে দাও","আম্মু, আঁর পরীক্ষে হালিয়ে, এতেল্লে আজিয়ে রাতিয়ে তারাতারি হানা দি দও"
"আমাদের পাড়ার কুকুরকে যা দেয় তাই খায়, কোনো বাছবিচার নেই","আঁরার পারার কুত্তো ইবেরে যিয়েন দি ইয়েন হায়, হনো বাছবিচের নেই"
এই বছর বন্যার পানি এত বেশি উঠেছে যে অনেক বাড়ি পানিতে ডুবে গেছে,এই বছর বন্যার পানি এতো বেশি উইট্টি দে বৌত বারি পানিত ডুফি গেইয়্যি
কতদিনের মধ্যে কাজ হবে ভাই?,হতদিনোর মধ্যে হাম অইবু বদ্দা?
মুরগি দুটো হাটে নিয়ে গিয়ে বিক্রি করে আয়,কুরো দুনু অ আডোত লই যায় রে বেছি আয়
এবার রাজশাহী গেলে বেশি করে রাজশাহীর আম আর লিচু নিয়ে আসব,এবার রাজশাহীত গেলি বেশি গরি রাজশাহীর আম আর লেচু লই আইসসুম
কি বলেন এসব! আমাদের বাড়িতে থাকবে কেন?,কি হন এগিন! আঁরার বারিত কিল্লে থাহিবু?
"জলদি যাও, সূর্য ডোবার আগে কাজ শেষ কর","হারা যও, সূর্য ডুবিবের আগে হাম শেষ গরো"
তুমি আমার কথায় কান না দিয়ে ওই দিকে কি দেখো?,তুঁই আঁর হতাত হান ন দি উইক্কে কি চায় থেইক্কো?
কিছু লাগলে আমাকে জানাবেন,কিছু লাগিলি আঁরে জানাইয়্যুন
"এই হোটেলের খাবার ভাল না, আমরা সামনের হোটেলে যায়","এই হোটেলুর হানা ভালা ন, আঁরা সামনুর হোটেলুত যায়"
কি কিনব বাজার থেকে! সবকিছুর যে দাম!,কি কিননুম বাজারোত্তুন! বিয়াক কিছুর যে দাম!
মারুফ প্রথম বলেই আউট হয়ে গেছে,মারুফ পইল্লের বলেই আউট অই গেইয়্যি
"আমি এখন চলে যাচ্ছি, তুমি পরে আসিও","আঁই এহন চলি যাইর, তুঁই পরে আইস্যো"
"ঠিক আছে, এটা প্যাকেট করে দেন","ঠিক আছে, ইবে প্যাকেট গরি দন"
সকালে আমি রুটি খাব,বেইন্নে আঁই রুটি হাইয়্যুম
সন্ধ্যার পর দরজা-জানালা সব বন্ধ করে দিস,আজুইন্নের পর দরজা-জানালা বিয়াক বন্ধ গরি দিস
সারাদিন বসে বসে টিভিতে কার্টুন দেখলে পড়ালেখা কখন করবে?,আরাদিন বই বই টিভিত কার্টুন চাইলি পরালেহা হত্তে গরিবি?
আমি কি বলেছি সেটা তুমি একটু ভাল করে চিন্তা করে দেখ,আঁই কি হইয়্যি ইয়েন তুঁই এক্কানা ভালা গরি চিন্তে গরি স
দোকানের নামটা আমার মনে পড়ছে না এই মুহূর্তে,দোয়ানুর নাম ইয়েন আত্তুন মনোত ন ফরের এই মুহূর্তত
এ বছর বৃষ্টি বেশি হওয়ার কারণে ফসলের অনেক ক্ষতি হয়েছে,এ বছর ঝর বেশি ফরিবের হারনে ফসলুর বৌত হতি অইয়্যি
এগুলো কি আমি কিছু বুঝতে পারছিনা,এগুন কি আঁই কিছু বুঝিত ন ফারির
আমি সহজে মেয়েদের সাথে মার্কেটে যেতে চাই না,আঁই সহজে মেইফুওয়ার লগে মার্কেটুত যাইতাম ন চাই
রিয়াল মাদ্রিদ হেরে যাওয়াতে মনটা খারাপ হয়ে গেল,রিয়াল মাদ্রিদ অডি যনে মন ইয়েন হারাপ অই গেল
ফ্রি হলে এগুলো একটু দেখিস,ফ্রি অইলি এগুন এক্কানা চাইস
"এবার ধান ক্ষেতে পোকা হয়েছে বেশি, সেজন্য বিষ দিতে হবে","এবার ধান ক্ষেতিত ফুক অইয়্যি বেশি, এতেল্লে বিষ দন ফরিবু"
একটানা তিনটা ছক্কা মারার পর আউট হয়ে গেছি,এক লগে তিন্নো ছক্কা মারিবের পরে আউট অই গেই
শীতের সকালে কুয়াশার মধ্যে হাঁটতে বের হলে মনটা অনেক ভালো থাকে,শীতুর সকালে হুয়ার মধ্যে আডিতু বাইর অইলি মন ইয়েন বৌত ভালা থাহে
আমি আর আমার স্ত্রী মিলে সবকিছু রেডি করেছি,আঁই আর আঁর বউ মিলি বিয়াক কিছু রেডি গইজ্জি
শরীর সুস্থ না থাকলে পৃথিবীর সব সম্পদ থাকলেও কোনো আনন্দ পাওয়া যায় না,শরীল সুস্থ ন থাহিলি পৃথিবীর বিয়াক সম্পদ থাহিলিও হনো আনন্দ পন ন যায়
"আজকে আমি নিজে তোমার জন্য রান্না করেছি, খেয়ে কেমন হয়েছে জানাবে","আজিয়ে আঁই নিজে তোঁয়ার লাই রান্না গইজ্জি, হাইয়্যিরে কেন অইয়্যি হইয়্যু"
মানুষটা সারাদিন ক্ষেতে কাজ করে,মানুষ ইবে ফুরোদিন ক্ষেতিত হাজ গরে
ড্রাইভার কোথায়? গাড়ি ছাড়ছে না কেন এখনো?,ড্রাইভার হনডে? গারি ন ছারের কা এহনো?
বসন্তকাল আমার সবচেয়ে বেশি ভালো লাগে,বসন্তহাল আঁর বিয়াজ্ঞুনুত্তুন বেশি ভালা লাগে
আমি ওখানে যাওয়ার জন্য লাফাচ্ছি না,আঁই অনডে যাইবের লাই ন ফালাইর
"তোমাকে কতক্ষণ ধরে কল দিচ্ছি, ফোন উঠাচ্ছ না কেন?","তোঁয়ারে হতক্ষণ ধরি কল দির, ফোন ন উডার কা?"
দোয়ার মাধ্যমে মানুষের ভাগ্য পরিবর্তন হয়,দোয়ার মাইধ্যমে মাইনষুর ভেগ্য পরিবর্তন অয়
"বাইরে কেন দাঁড়ায় আছিস, ভিতরে আই","বাদ্দি কা থিয়েই থেইক্কুস, ভিতুরে আই"
আম্মু বাসায় জলদি চলে যেতে বলেছিলেন,আম্মু বাসাত হারা চলি যাইতু হইয়্যিল
বৃষ্টি পড়ে বাইরের সব কাপড় ভিজে গেছে,ঝর পরি বাইরোর বিয়াক হর ভিজি গেইয়্যি
"রেগে গেলে তো হেরে গেলেন, রাগ কন্ট্রোল করতে হবে","রাগি গেলি তো অডি গেইয়্যুন, রাগ কন্ট্রোল গরন ফরিবু"
আমি কি বলেছি আমার খিদে লেগেছে?,আঁই কি হই আত্তুন ভুক লেইজ্ঞি?
ওদেরকে একবার আমার বড় আপু অনেক বকা দিয়েছিল,ইতারারে একবার আঁর বরো আফা বৌত গেইল দিয়্যিল
"তুমি আজ না যাও, তুমি চলে গেলে আমার ভালো লাগবে না","তুঁই আজিয়ে নো যও, তুঁই চলি যাইলি আত্তুন ভালা ন লাগিবু"
গাধার মতো সারাদিন না খেটে একটু চালাকি করলে কাজটা অনেক আগেই শেষ হয়ে যেত,গাধার মতন আরাদিন ন হাডি এক্কানা চালাকি গরিলি হাজ ইয়েন বৌত আগেই শেষ অই যাইতু
কাঁঠাল এটা তো কাঁচা,হাট্টল ইবে তো কেঁচা
"আমাদের পথ এখানেই শেষ না, আজ হেরে গেছি তো কী হয়েছে","আঁরার পথ এনডেই শেষ নো, আজিয়ে অডি গেই তো কী অইয়্যি"
তুমি কোন বিশ্ববিদ্যালয় থেকে পড়াশোনা করেছ?,তুঁই হন বিশ্ববিদ্যালয় উত্তুন পরাশোনা গইজ্জো?
"মুখে বলা অনেক সহজ, করে দেখানো অনেক কঠিন","মুখে হন বৌত সোজা, গরি দেহন বৌত কঠিন"
"বারবার বারণ করি, তাও আমার কথা শোনো না","বারবার মানা গরি, তো আঁর হতা ন উনো"
আপনার কাছে কি সুতির পাঞ্জাবি আছে?,অঁনোর হাছে কি সুতোর পাঞ্জাবি আছে?
এখানে আরও একটা বিপদ রয়েছে,এনডে আরও এক্কান বিপদ আছে
গাছ থেকে পড়লে একদম হাত-পা ভেঙে যাবে,গাছুত্তুন ফরিলি এব্বেরে আত-টেং ভাঙি যাইবু
দাঁতের মাজনটা তোর মেজো ভাইয়ের রুমে,দাতোর মাজন ইবে তুর মেজো ভাইয়োর রোমুত
রাগ করলে কিন্তু আমার ভাল লাগেনা,গুসসা অইলি কিন্তু আত্তুন গম ন লাগে
এবার ঢাকা থেকে আসার সময় আমার জন্য একটা পাঞ্জাবি আনিস,এবার ঢাহাত্তুন আইবের সমোত আঁর লাই ওজ্ঞো পাঞ্জাবি আনিস
আমার মতো ছাতা দেখি তোরও একটা আছে,আঁর মতন ছাতি দেহি তোত্তুনও এক্কান আছে
"আপনি এই কাজটা অন্য কাউকে দেন, আমি করতে পারব না","অঁনে হাজ ইয়েন অন্য কিয়ারে দন, আঁই গরিত ফাইত্তাম ন"
"আমার কাছে একটা বিড়াল ছিল, কিছু দিন আগে মারা গেছে","আঁর হাছে উজ্ঞো বিলেই আছিল, কিছুদিন আগে মারা গেইয়্যি"
"মা, আমার ব্যাগে একটু খাবার ভরে দাও, সারাদিন বাইরে থাকব","মা, আঁর ব্যাগুত এক্কানা হানা ভরি দও, আরাদিন বাইরে থাইক্কুম"
আমি সাইকেল চালাতে পারি কিন্তু বাইক চালাতে পারি না,আঁই সাইকেল চালাইত ফারি কিন্তু বাইক চালাইত ন ফারি
আজকে আমি অনেক বড় একটা ছক্কা মেরেছি,আজিয়ে বৌত বরো উজ্ঞো ছক্কা মেইজ্জি
"আমার ভাবৌতেই অবাক লাগে, চারটা বছর কত দ্রুত চলে গেল",আত্তুন ভাবৌতেই অবাক লাগে চেইরগান বছর হতো দ্রুত চলি গেল
সামনে কিছুদূর হাঁটলে আপনারা আপনাদের হোটেলে পৌঁছে যাবেন,সামনে হদ্দুর আডিলি অঁনেরা অঁনেরার হোটেলুত পৌছি যাইবেন
"আকাশ অনেক মেঘলা হয়ে গেছে, চল আজ আর না খেলি","আকাশ বৌত মৌলো অই গেইয়্যি, চল আজিয়ে আর ন খেলি"
তোর বড় ভাই নাকি বিদেশ চলে গেছে?,তুর বদ্দা বলে বিদেশ চলি গেইয়্যি
আমি প্রতিদিন রাত দশটায় ঘুমায় যায় যেন সকালে তাড়াতাড়ি উঠতে পারি,আঁই ফইত্তুদিন রাতিয়ে দশটা বাজে ঘুমায় যায় যাতে বেইন্নে তারাতারি উঢ়িত পারি
"এই কাপড়গুলো ধুতে হবে না, এগুলো আজকে পরব","হর এগুন ধুঅন ফইত্তু ন, এগুন আজিয়ে ফইজ্জুম"
রান্নাঘরের জানালাটা বন্ধ করে দিয়ে আসো,বসহানার জানালা ইয়েন বন্ধ গরি দি আইয়্যো
এটা কি? আজকে প্রথম শুনলাম,ইবে কি? আজিয়ে প্রথম উনিলাম
বৃষ্টির দিনে ঘর থেকে বের হতে ইচ্ছা করে না,ঝরোর দিনোত ঘরোত্তুন বাইর অইতু ইচ্ছে ন গরের
"এখন যাব না, আর কিছুদিন পর যাব","এহন ন যাইয়্যুম, আর কিছুদিন পর যাইয়্যুম"
মা না থাকলে বোঝা যায় মায়ের গুরুত্ব কত,মা ন থাহিলি বুঝা যায় মা'র গুরুত্ব হতো
"ভাই, বাস ছাড়তে আর কতক্ষণ সময় বাকি আছে?","বদ্দা, বাস ছারিবের লাই আর হতক্ষন সময় বাকি আছে?"
বালতিটা নিয়ে গিয়ে পাশের বাড়ির টিউবওয়েল থেকে পানি নিয়ে এসো,বালতি ইবে লই যাই পাশুর বারির ফেইক উত্তুন পানি লই আইয়্যু
কাপড় আর ইফতারিগুলো নিয়ে তোর আপুর ওখানে দিয়ে আয়,হর আর ইফতেরি এগিন লই তুর আফার এনডে দি আয়
ধন্যবাদ তোমাকে,ধইন্যবাদ তোঁয়ারে
"আরে, বন্ধু ছাড়া জীবনটা যেন লবণ ছাড়া তরকারির মতো","আরে, বন্ধু ছারা জীবন ইয়েন যেন লবণ ছারা তরহারির মতন"
"আর অল্প বাকি, বেশিক্ষণ লাগবে না","আর এক্কানা বাকি, বেশিক্ষন ন লাগিবু"
"সারাদিন কারেন্ট ছিল না, এখন একটু এসেছে, আবারও চলে গেছে","আরাদিন কারোন ন আছিল, এহন এক্কানা আইসসি, আবারও চলি গেইয়্যি"
"একটু হাত লাগান, আপনি ছাড়া এটা ওপরে তোলা সম্ভব না","এক্কানা আত লাগন, অঁনে ছারা ইয়েন উরে তোলন সম্ভব নো"
আমি একবার পুকুরে পড়ে গিয়েছিলাম,আঁই একবার ফইরোত ফরি গেইলাম
"একটু জোরে কথা বলো, পেছন থেকে ঠিকমতো শুনতে পারছি না","এক্কানা জোরে হতা হও, পিছুত্তুন ঠিকমতো উনিত ন পারির"
"সবাই টেবিলে চলে আসো, আজকে সবাই একসাথে নাস্তা করি","বিয়াজ্ঞুন টেবিলুত চলি আইয়্যু, আজিয়ে বিয়াজ্ঞুন এক্কোওয়ারে নাস্তা গরি"
"নিজে কী বলছে সেটার ঠিক নাই, আবার আমাকে বলছে পাগল","নিজে কি হর ইয়েনুর ঠিক নেই, আবার আঁরে হর ফঅল"
"ভালো থাকিস, আবার দেখা হবে, আল্লাহ হাফেজ","ভালা থাহিস, আবার দেহা অইবু, আল্লাহ হাফেজ"
রাস্তায় বড় বড় ট্রাকগুলো দেখলে আমার ভয় লাগে,রাস্তাত বরো বরো ট্রাক এগুন দেহিলি আত্তুন ডর লাগে
"আপু, টাটকা মাছ খেতে চাইলে এইদিকে আসেন","আফা, টাটকা মাছ হাইতু চাইলি ইনদি আইয়্যুন"
"সবসময় মজা ভালো লাগে না, আমি এখন মজা করার মুডে নেই","সবসময় মজা ভালা ন লাগে, আঁই এহন মজা গরিবের মুডুত নেই"
"ছেলেটাকে প্রথমে আমি খারাপ মনে করেছিলাম, এখন আমার ভুল ভেঙে গেছে","ফুওয়া ইবেরে প্রথমে আঁই হারাপ মনে গইজ্জিলাম, এহন আঁর ভুল ভাঙি গেইয়্যি"
"পানি পড়ে চুলার আগুন নিভে গেছে, আবার জ্বালিয়ে দাও তো","পানি পরি চুলোর অইন নিফি গেইয়্যি, আবার জলাই দও তো"
"আমার ছোট চাচাটা বেশি শয়তান, সবসময় আব্বুর সাথে ঝগড়া করে","আঁর গুরো চাচা ইবে বেশি শতান, সবসময় আব্বুর লগে হইজ্জে গরে"
"অনেকদিন পর ভালোভাবে ঘুমালাম, ঘুম থেকে উঠে শরীরটা একদম হালকা মনে হচ্ছে","বৌতদিন পর ভালাগরি ঘুম গেইলাম, ঘুমুত্তুন উডি শরীল ইয়েন এব্বেরে আলহা মনে অর"
"জ্বর হলে কোনো কিছু খেতে মন চায় না, মুখের রুচি চলে যায়","জ্বর অইলি হনো কিছু হাইতু মনে ন চায়, মুখুর রুচি চলি যায়"
মাথায় তেল দিলে অনেক আরাম লাগে,মাথাত তেল দিলি বৌত আরাম লাগে
একটা ভালো কোয়ালিটির প্যান্ট দেখান,উজ্ঞো ভালা কোয়ালিটির ফেন দেহন
আমি এখন চলে  যাচ্ছি,আঁই এহন  চলি যাইর
কোথায় যাস সেলিম?,হনডে যর সেলিম?
"চলো, আমরা দুজন মিলে কোথাও ঘুরে আসি","চলো, আঁরা দুনুজন মিলি হনোমিক্কে ঘুরি আয়"
"তোমাকে দেখে অসুস্থ মনে হচ্ছে, তুমি না হয় এখন চলে যাও","তোঁয়ারে দেহি রে অসুস্থ মনে অর, তুঁই নয়তো এহন চলি যো"
"কাজটা একটু কঠিন, যদি তুমি না চাও, তাহলে আমি তোমাকে জোর করব না","হাজ ইয়েন এক্কানা কঠিন, যদি তুঁই ন চও তইলি আঁই তোঁয়ারে জোর গইত্তাম নো"
"আমাদের এখানে যেহেতু বৃষ্টি কম হয়, সেহেতু বৃষ্টি পড়লে আমাদের বৃষ্টির পানি ধরে রাখতে হবে","আঁরার এনডে যেহেতু বৃষ্টি হম অয়, এতেল্লে ঝর ফরিলি আঁরাত্তুন ঝরুর পানি ধরি রাহন ফরিবু"
"সারাদিন ঘরে কেন বসে থাক, একটু বাইরে ঘুরে আসতে পার না?","আরাদিন ঘরুত কা বই থাহো, এক্কানা বাইরে ঘুরি আইত ন পারো?"
"ওরা যদি যেতে না চায়, তাহলে আমাদের কিছু করার নাই","ইতারা যদি যাইতো ন চায়, তইলি আরাত্তুন কিছু গরার নাই"
ভাত কি এখন নিয়ে আসব?,ভাত কি এহন লই আইসসুম
"রান্নাঘরটা বেশি ময়লা হয়ে গেছে, আজকে পরিষ্কার করতে হবে","বসহানা ইয়েন বেশি হাচারা অই গেইয়্যি, আজিয়ে সাফ গরি ফেলন ফরিবু"
পাহাড়ে অনেক বড় একটা হাতি আছে,ফা'রুত বৌত বরো উজ্ঞো আতি আছে
"একসময় আমাদের অনেক জায়গা-জমি ছিল, বর্তমানে সেগুলো আর নেই","একসময় আঁরার বৌত জাগা-জমি আছিল, বর্তমানে এগিন আর নেই"
গাড়ি চালিয়ে আসার সময় কুয়াশার কারণে সামনে রাস্তা দেখতে পাচ্ছিলাম না,গারি চালাই আইবের সমত হুয়ার হারনে সামনে রাস্তা ন দেহির
"তামিমের একটা অভ্যাস আছে, সে প্রতিদিন সকালে উঠে এক কাপ চা খায়","তামিমুর এক্কান অভ্যেস আছে, ইতে ফইত্তুদিন বেইন্নে উডি এক হাপ চা হায়"
"আমরা পাঁচজন যাব, তাই পাঁচটা টিকেট একসাথে কাটতে চাই","আঁরা পাচজন যাইয়্যুম, এতেল্লে পাচছান টিকেট একলগে হাইট্টাম চাইর"
"আজকে আমার ছেলে প্রথমবার ""বাবা"" বলে ডাকল, আমার কী যে আনন্দ হচ্ছে, ভাষায় প্রকাশ করতে পারব না","আজিয়ে আঁর ফুওয়া প্রথমবার বাফ হই ডেইক্কি, আত্তুন কেন যে খুশি লার ভাষায় প্রকাশ গরিত ন পাইজ্জুম"
বাসা খুঁজতে খুঁজতে পা ব্যথা হয়ে গেছে,বাসা তোওয়াইতে তোওয়াইতে টেং ব্যথা অই গেইয়্যি
সারারাত না ঘুমিয়ে কী করেছিস? কার সঙ্গে কথা বলেছিস?,আঁরারাইত নো ঘুমাই কি গইজ্জুস? হার লগে হতা হইয়্যুস?
"এই শোন, তুমি একটু বোঝার চেষ্টা করো","এই উনো না, তুঁই এক্কানা বুঝিবের চেষ্টা গরো"
"আমার গত তিন মাস ধরে বুকে ব্যথা, মেডিকেলে গিয়ে টেস্ট করে দেখতে হবে","আঁর গত তিন মাস ধরি বুকুত ব্যথা, মেডিকেলুত যাই টেস্ট গরি চন ফরিবু"
সামনে কি কোনো পেট্রোল পাম্প আছে? আমার গাড়ির তেল শেষ হয়ে গেছে,সামনে কি হনো পেট্রোল পাম্প আছে? আঁর গারির তেল শেষ অই গেইয়্যি
"যদি সময় বেশি থাকে, তাহলে আমি একটু নাস্তা করে আসি","যদি সময় বেশি থাহে, তইলি আঁই এক্কানা নাস্তা গরি আয়"
"এই দোকানের কাপড়গুলো অনেক দামি, আমরা অন্য দোকানে দেখি","এই দোয়ানুর হর এগিন বৌত দামি, আঁরা অন্য দোয়ানুত চাই"
আজকে দুপুরে একটা বিয়ের দাওয়াত ছিল,আজিয়ে দুইজ্জে এক্কান বিয়ের দঅত আছিল
"তাড়াতাড়ি ঘরে চলে এসো, বৃষ্টিতে ভিজলে অসুখ হয়ে যাবে","তারাতারি ঘরুত চলি আইয়্যু, বৃষ্টিত ভিজিলি অসুখ অই যাইবু"
"কতক্ষণ ধরে বরশি নিয়ে বসে আছি, একটা মাছও ধরতে পারিনি","হতক্ষন ধরি বরকি লই বই থেইক্কি, উজ্ঞো মাছও ধরিত ন পারি"
"আমাদের এখানে ঘুরার জন্য অনেক জায়গা আছে, আশা করি তোমার ভালো লাগবে","আঁরার এনডে ঘুরিবের লাই বৌত জাগা আছে, আশা গরি তোঁয়ার ভালা লাগিবু"
"তোমার সাহস তো কম না, তুমি অন্য গ্রামের হয়ে এই গ্রামের মেয়েকে ডিস্টার্ব করো!","তোঁয়ার সাহস তো হম নো, তুঁই অন্য গ্রামুর অইয়্যিরে এই গ্রামুর মেইফুওয়ারে ডিস্টার্ব গরো!"
বেশি কথা বললে ঘাড়ে একটা দিব,বেশি মাথিলি ঘেঢ়ি বেরাই উজ্ঞো দিয়্যুম
"ভাই, আমাকে নতুন ব্রিজে নামিয়ে দিয়েন, যদি ঘুমিয়ে যাই","বদ্দা, আঁরে নতুন ব্রিজ নামায় দিইয়্যুন যদি ঘুম যাইগুই"
"ভাই, আসেন আমাদের বাসে উঠেন, আমাদের বাসে নামাজ পড়ার সুবিধা আছে","বদ্দা, আইয়্যুন আঁরার বাসুত উডোন, আঁরার বাসুত নামাজ ফরিবের সুবিধে আছে"
গোসল করিস না প্রতিদিন? গা দিয়ে কেমন গন্ধ বের হচ্ছে,গোসল নগরস ফইত্তুদিন? গা'আদ্দি কেন গন্ধ বাইর অর
"আমাদের বাড়িতে এত এত মেহমান আসে, তাদের খাওয়াতে খাওয়াতে সব চাওল শেষ হয়ে যায়","আঁরো বারিত এত এত মেমান আইয়্যি, ইতারারে হাবাইতে হাবাইতে বিয়াক চইল শেষ অই যায়"
আমার সবচেয়ে খারাপ সময়ে আমার কোনো বন্ধু পাশে ছিল না,আঁর বিয়াজ্ঞুনুত্তুন হারাপ সময়ুত আঁর হনো বন্ধু পাশে ন আছিল
এবার গাছে অনেক আম ধরেছে,এবার গাছোত বৌত আম ধইজ্জি
আত্মীয়ের মধ্যে আত্মীয়তা করা ঠিক না,আত্মীয়ের মধ্যে আত্মীয়তা গরন ভালা ন
"ম্যাডাম, পরীক্ষায় উত্তর বাংলায় লিখব, নাকি ইংরেজিতে লিখতে হবে?","ম্যাডাম, পরীক্ষেত উত্তর বাংলাত লেইক্কুম নাকি ইংরেজিত লেহন ফরিবু?"
"আমার রান্না এখনো শেষ হয় নায়, আরেকটু অপেক্ষা কর","আঁর রান্না এহনো শেষ ন অয়, আরেক্কানা অপেক্ষা গরো"
"এখন সকাল দশটা বাজে, এখনো কেন ঘুম থেকে উঠছিস না!","এহন বেইন্নে দশটা বাজের, এহনো কিল্লে ঘুমুত্তুন নো উডর দে!"
"আলিয়ার আব্বু তো বাইরে গেছেন, কেন খুঁজছেন তাকে?","আলিয়ার বাফ তো বাইরে গেইয়্যি, কিল্লে তোওয়ার ইবেরে?"
"আমি খারাপ ছিলাম, সব দোষ আমার","আঁই হারাপ আছিলাম, বিয়াক দোষ আঁর"
"বাচ্চাদের পরীক্ষা সামনে, এমন সময় ঘরে টিভি আনার কী দরকার ছিল?","বাইচ্চে অক্কলুর পরীক্ষে সাম্মোদ্দি, এন সমত ঘরুত টিভি আনিবের কি দরহার আছিল?"
"সারাদিন অনেক কাজের চাপ থাকে, সেজন্য সময় হয়ে উঠেনি","আরাদিন বৌত হাজুর চাপ থাহে, এতেল্লে সময় অই ন উডে"
"তুই যদি আমার কথা মতো কাজ না করিস, তাহলে তোর চাকরি চলে যাবে","তুই যদি আঁর হতা মতো হাজ ন গরস, তইলি তোর চঅরি চলি যাইবু"
"যখনই মনে হবে হারিয়ে ফেলেছ, তখনই একটু থেমে নিজেকে জিজ্ঞেস করো—তুমি কেন শুরু করেছিলে","যহনই মনে অইবু আঝাই ফেলাইয়্যো, তহনই এক্কানা থামি রে নিজোরে ফুসর গরো—তুঁই কিল্লে শুরু গইজ্জিলে"
সারাদিন শুধু এই বাগান আর ওই বাগানে ঘুরাঘুরি করো,আরাদিন উধো এই বাগান আর ওই বাগানুত ঘুরোঘুরি গরো
আপনার মেয়েকে আমার অনেক ভাল লেগেছে,অঁনোর মেইফুওয়ারে আত্তুন বৌত ভালা লেইজ্ঞি
তারা দুজন অনেক ভাল বন্ধু,ইতারা দুনুজন বৌত ভালা বন্ধু
"স্যার, আমি ঠিক সময়ে বের হয়েছিলাম, কিন্তু মাঝপথে বৃষ্টি আসার কারণে দেরি হয়ে গেছে","স্যার, আঁই ঠিক সময়ে বাইর অইয়্যিলাম, কিন্তু মাঝপথুত ঝর আইবের হারনে দেরি অই গেইয়্যি"
এটা কী শার্ট পরেছিস! তোকে দেখে তো গ্রামের চাচাতো ভাইয়ের মতো লাগছে,ইবে কি শার্ট ফইজ্জুস দে! তুরে দেহি তো গ্রামোর চাচতো ভাইয়্যুর মতন লাগের
আমাকে একটু চিনি কম দিয়ে এক কাপ চা দিও,আঁরে এক্কানা চিনি হম দি এক হাপ চা দিও
"আজকের দিনটি এমনি এমনি চলে গেল, কিছুই করতে পারলাম না","আজিয়ের দিন ইয়েন এনে এনে চলি গেইয়্যি, কিছুই গরিত ন ফারি"
"এই জায়গাটা আমার অনেক প্রিয়। আমার যখন মন খারাপ থাকে, তখন আমি এখানে এসে বসে থাকি","এই জাগা ইয়েন আঁর বৌত প্রিয়, আঁর যহন মন হারাপ থাহে তহন আঁই এনডে আই বই থাহি"
"একটা রিকশা নিয়ে মুরাদপুর চলে আয়, আমি ওখানে দাঁড়িয়ে আছি","এক্কান রিকশে লই মুরাদপুর চলি আয়, আঁই এনডে থিয়েই আছি"
"ছাতা ছাড়া বের হয়েছিলাম, বৃষ্টি আসার কারণে পুরো ভিজে গেছি","ছাতি ছারা বাইর অইয়্যিলাম, ঝর আইবের হারনে পুরো ভিজি গেই"
"স্যার, পরীক্ষায় এই প্রশ্নটা আসবে কি না একটু বলবেন?","স্যার, পরীক্ষেত এই প্রশ্ন ইয়েন আইবু কিনা এক্কানা হইবেন?"
"ছোটবেলায় নানুর বাড়ি, যৌবনকালে শ্বশুরবাড়ি","গুরো হালে নানারো বারি, যোওয়ান হালে অরো বারি"
আমি আগে আরো অনেকবার আপনার দোকান থেকে বাজার করেছি,আঁই আগে আরো বৌতবার অঁনোর দোয়ানত্তুন বাজার গইজ্জি
"জলদি আই, দেরি হলে মা গালি দিবে","হারা আই, দেরি অইলি আম্মু গেইল দিবো"
"আমার মতে তোমার ওখানে না যাওয়া উচিত, কারণ ওখানে আমি একবার গিয়েছিলাম","আঁর মতে তোঁয়ার অনডে ন যন উচিত, হারন এনডে আঁই একবার গেইলাম"
এরা দুই ভাই একসাথে হলেই ঝগড়া শুরু হয়ে যায়,এতারা দুনু ভাই একলগে অইলিই হইজ্জে শুরু অই যাই
কার কপালে কি লিখা আছে সেটা একমাত্র আল্লাহ ভাল জানেন,হার হুয়ালুত কি লেহা আছে ইয়েন একমাত্র আল্লাহ ভালা জানে
"তোমাকে আর কোনো টাকা দেব না আমি, তুমি শপিং করে করে সব টাকা শেষ করে ফেলো","তোঁয়ারে আর হনো টিয়া দিতাম ন আঁই, তুঁই শপিং গরি গরি বিয়াক টিয়া শেষ গরি ফেলো"
"গতকাল নেজামের ভাইকে নাকি পুলিশ ধরে নিয়ে গেছে, খবরটা একটু আগে শুনলাম","গত হালিয়ে নেজামুর ভাই উরে বলে পুলিশ ধরি লই গেইয়্যি, হবর ইয়েন এক্কানা আগে ফুইন্নি"
তুমি কি সবসময় এভাবে ছোট করে কথা বলো?,তুঁই কি সবসময় এল্লেত ছোডো গরি হতা হও
"আমি এটা খাব না, তুমি আরেকটা নিয়ে এসো","আঁই ইবে হাইতাম নো, তুঁই আরেকগো লই আইয়্যো"
এভাবে আর কয়েক দিন বৃষ্টি পড়লে মাঠের সব ফসল নষ্ট হয়ে যাবে,এন গরি আর হয়েকদিন ঝর ফরিলি মাঢ়োর বিয়াক ফসল নষ্ট অই যাইবু
আমরা যেখানে যাচ্ছি সেখানে নেটওয়ার্কে অনেক সমস্যা হয়,আঁরা যেনডে যাইর এনডে নেটওয়ার্ক উত বৌত সমস্যা অয়
"এই ঘরে আমি যেটা বলব, সেটাই হবে। অন্য কারও কথা এই ঘরে চলবে না","এই ঘরুত আঁই যিয়েন হইয়্যুম ইয়েন অইবু, অন্য কিয়ার হতা এই ঘরুত ন চলিবু"
"এত দামাদামি না করে ৫০০ টাকা রাখব কাপড়টা, নিয়ে নিন","এল্লেত দামাদামি ন গরি ৫০০ টিয়া রাইক্কুম হর ইবে, লই লন"
"ভাত খাওয়ার পর তরকারিগুলো গরম করে রাখিও, না হলে নষ্ট হয়ে যাবে","ভাত হাইবের পর তারহারি এগিন গরম গরি রাইক্কো, নইলি নষ্ট অই যাইবু"
"সবাই মিলে একটা গান ধর, ভালো লাগবে","বিয়াজ্ঞুন মিলি উজ্ঞো গান ধর, ভালা লাগিবু"
গলা ব্যথা এতটাই বেড়ে গেছে যে কথা বলতেও কষ্ট হচ্ছে,গলা ব্যথা এতটাই বারি গেইয়্যি দে হথা হইতেও হষ্ট অর
প্রতিবার ঈদের দিন নানুর বাড়িতে যায়,ফইত্তুবার ঈদুর দিন নানারো বারিত যায়
"আপনি যে দামটা বলছেন, ওটা আমাদের কেনা রেট থেকেও কম","অঁনে যে দাম হইয়্যুন, ইয়েন আঁরার কিনা রেট উত্তুনও হম"
"সুস্থতা হলো আল্লাহর অনেক বড় নিয়ামত, এটা যারা অসুস্থ একমাত্র তারাই ভালো বুঝবে","সুস্থতা অইলু দে আল্লার বৌত বরো নিয়ামত, ইয়েন যারা অসুস্থ একমাত্র ইতারাই ভালা বুঝিবু"
"আজ সূর্য কোন দিকে উঠছে, তুই আমার বাড়িতে!","আজিয়ে সুর্য হুনদি উইট্টি, তুই আঁর বারিত!"
"আমি তো তোমার সঙ্গে মজা করছিলাম, তুমি তো দেখি ভয় পেয়ে গেছ","আঁই তো তোঁয়ার লগে মজা গরিদ্দি, তুঁই তো দেহি ডরাই গেইয়্যো"
"সূর্য ডোবার আগেই ঘরে আয়, নাহয় মার খাবি আমার হাতে","সূর্য ডুফিবের আগেই ঘরোত আই, নইলি মাইর হাবি আঁর আতুত"
"এই গরমে সব স্কুল-কলেজ বন্ধ, কিন্তু আমাদের কলেজে এখনো ক্লাস হচ্ছে","এই গরমুত বিয়াক স্কুল-কলেজ বন্ধ, কিন্তু আঁরার কলেজুত এহনো ক্লাস অর"
"আমি যাব না, কারন বেশি রোদ","আঁই যাইতাম নো, হারন বেশি রইদ"
আমার মনে হয় আপনি ওখানে ছিলেন না,আত্তুন মনে অদ্দে অঁনে এনডে নো আছিলেন
রাঙামাটি না গিয়ে বান্দরবান গেলে ভাল হবে,রাঙামাটি ন যায় বান্দরবন যাইলি ভালা অইবু
"যারা যারা টুরে যাবি, সবাই আজকের মধ্যে টাকা দিয়ে দিস","যারা যারা টুরুত যাইবি, বিয়াজ্ঞুন আজিয়ের মধ্যে টিয়া দি দিস"
"মার্কেটে অনেক ভিড়, তাই আসতে দেরি হবে","মার্কেটুত বৌত জাম, এতেল্লে আসতে দেরি অইবু"
"ছেলেটাকে ডিম দিতে হবে, বেশি দুর্বল হয়ে গেছে","ফুওয়া ইবেরে ডিম দন ফরিবু, বেশি দুর্বল অই গেইয়্যি"
"নাদিম কাপড় ধুতে গেছে, সে একটু পরে আসবে","নাদিম হর ধুইতো গেইয়্যি, ইতে এক্কানা পরে আইবু"
"২০০ টাকার জুতা, বলছে ৬০০ টাকা!","২০০ টিয়ার জুতা, হদ্দে ৬০০ টিয়া"
"আমি এখন খাব না, একটু পরে খাব","আঁই এহন হাইতাম নো, এক্কানা পরে হাইয়্যুম"
আমি তোকে নিষেধ করার পরও ওখানে কেন গেলি?,আঁই তোরে মানা গরিবের পরও অনডে কিল্লে গেলি?
তোর মোবাইলটা কি আমার কাছে বিক্রি করবি? আমার একটা মোবাইল দরকার,তোর মোবাইল ইবে কি আঁর হাছে বেছিবি? আত্তুন উজ্ঞো মোবাইল দরহার
"আশা করি খুব শীঘ্রই আবার দেখা হবে, ভালো থাকবেন","আশা গরি বৌত জলদি আবার দেহা অইবু, ভালা থাইক্কুন"
নিজের ঘরে থাকলে নিজের মতো করে থাকা যায়,নিজোর ঘরোত থাহিলি নিজোর মতোন গরি থাহন যায়
"আপনি শান্ত হয়ে বসুন, আমি আপনার কথা শুনব","অঁনে শান্ত অই বইয়্যুন, আঁই অঁনোর হথা উইন্নুম"
আমি সামনের মাসে হয়তো দেশের বাহিরে চলে যাব,আঁই সামনুর মাসুত হয়তো দেশুর বাইরে চলি যাইয়্যুম
এখানে কি পানি আছে! এগুলো তো আমার পা ধুতেই শেষ হয়ে যাবে,এনডে কি পানি আছে! এগিন তো আঁর টেং ধুতেই শেষ অই যাইবু
"ইরফানকে একদিন বাসায় বেড়াতে আসতে বল, অনেক দিন ধরে ছেলেটা বাসায় আসেনা","ইরফান উরে একদিন বাসাত বেরাইতু আইসতো হ, বৌতদিন ধরি ফুওয়া ইবে বাসাত ন আইয়্যি"
পুকুর ঘাঠে বসে বড়শি দিয়ে মাছ ধরব,ফইরোর ঘাটোত বই রে বরকি দি মাছ ধইজ্জুম
"আমি আম্মুকে বলেছিলাম, কিন্তু উনি রাজি হচ্ছেন না","আঁই আম্মুরে হইলাম, কিন্তু ইবে রাজি ন অর"
"আমাদের সিট একসাথে পড়েছে, যেতে যেতে আমরা অনেক গল্প করব","আঁরার সিট একলগে ফইজ্জি, যাইতে যাইতে আঁরা বৌত গল্প গইজ্জুম"
আমি তোমার বড় হিসেবে এই উপদেশটা দিলাম,আঁই তোঁয়ার বরো হিসেবে এই উপদেশ ইয়েন দিলাম
"তুই তো বিয়ে করে একদম চেঞ্জ হয়ে গেছিস, তোর সাথে কোথাও যাওয়া হয় না অনেক দিন","তুই তো বিয়ে গরি একদম চেঞ্জ অই গেইয়্যুস, তোর লগে হনোমিক্কে যন ন অয় বৌতদিন"
"আজকে হাসপাতালে গিয়ে রক্ত পরীক্ষা দিয়ে এলাম, রিপোর্টের জন্য অপেক্ষায় আছি","আজিয়ে হাসপাতালুত যাই রক্ত পরীক্ষে দি আইলাম, রিপোর্ট উর অপেক্ষাত আছি"
"আন্টি, আপনি তো এখন আর আমাদের কাছ থেকে কিছু কেনেন না","আন্টি, অঁনে তো এহন আর আঁরাত্তুন কিছু ন কিনন"
"আমার যখন শরীর ভালো ছিল, তখন সব আমি একা করে ফেলতাম",আঁর যহন শরীল ভালা আছিল তহন বিয়াক আঁই এহেল্লে গরি ফেলাইতাম
এদের দুজনকে মিলিয়ে দিতে হবে,ইতারা দুনুজনোরে মিলাই দন ফরিবো
আমাদের গ্রুপে যারা যারা আছে সবাইকে মেসেজ দে,আঁরার গ্রুপুত যারা আছে বিয়াগুনুরে মেসেজ দে
এই কুকুরটার শরীর থেকে অনেক গন্ধ যাচ্ছে,এই কুত্তো ইবের গা'আত্তুন বৌত বাশ যার
"বারবার বলি যে তরকারিতে লবণ কম দেওয়ার জন্য, আমি বেশি লবণ খেতে পারি না","বারবার হয়দি তরহারিত নুন হম দিবের লাই, আঁই নুন বেশি হাইত ন ফারি"
"নৌকাটি একটু ঘুরাও, আমরা উঠবো","নৌকো ইয়েন এক্কানা ঘুরো, আঁরা উইট্টুম"
সত্যি বলছেন?,আ'ছা হইতে লাইজ্ঞুন?
আসার সময় মনে করে কাঁচা মরিচ আর টমেটো নিয়ে আসিও,আইবের সমত মনোত গরি কেঁচা মরিচ আর হাট্টা বেইয়্যুন লই আইসসু
ড্রেসটা পছন্দ না হলে কি ফেরত দিতে পারব?,ড্রেস ইবে পছন্দ ন অইলি কি ফেরত দিত পাইজ্জুম?
"আজকে বন্ধুর বাসায় দাওয়াত আছে, তাই দুপুরে খাব না","আজয়ি বন্ধুর বাসাত দঅত আছে, এতেল্লে দুইজ্জে হাইতাম নো"
"আমি মানিব্যাগ আনতে ভুলে গেছি, টাকা কি বিকাশে দিয়ে দেব?","আঁই মানিব্যাগ আনিবের লাই ভুলি গেই, টিয়া কি বিকাশুত দি দিয়্যুম?"
"আজ ক্লাসে যা পড়িয়েছে, সব আমার মাথার ওপর দিয়ে গেছে",আজিয়ে ক্লাসুত যা পরাইয়্যি বিয়াক আঁর মাথার উদ্দি গেইয়্যি
"পরিবারের সবার জন্য কিছু উপহার নিয়ে এসেছি, আশা করি পছন্দ হবে","পরিবারুর বিয়াজ্ঞুনুর লাই কিছু উপহার লই আইলাম, আশা গরি পছন্দ অইবু"
"আম্মু, একটু কষ্ট করে আমার ঘরটা গুছিয়ে দাও, বিকেলে মেহমান আসবে","আম্মু, এক্কানা হষ্ট গরি আঁর ঘরগান গুছায় দও, বিকেলে মেমাম আইবু"
"আজকে যা শপিং করলাম, মনে হয় এক বছর না করলেও চলবে","আজিয়ে যা শপিং গইজ্জি, মনে অয় এক বছর ন গরিলিও চলিবু"
"আমি বসে আছি, তুমি কি করো?","আঁই বই থেইক্কি, তুঁই কি গরো?"
নমস্কার স্যার,নমস্কার স্যার
ঘরে চোর ঢুকে সব জিনিস নিয়ে গেছে,ঘরোত চোর ঢুকি বিয়াক জিনিস লই গেইয়্যি
আসার সময় তোর মামাতো বোনকে দেখলাম গাড়িতে করে কোথায় যাচ্ছে,আইবের সমত তুর মঅতু বইনুরে দেহিলাম গারিত গরি হনডে যার
"একবার চেক করে দেখ, সবাই বাসে উঠছে কি না","একবার চেক গরি স, বিয়াজ্ঞুন বাসুত উইঠটি কিনা"
আমার সঙ্গে ঝগড়া করলে কি মন ভালো হয়ে যাবে?,আঁর লগে হইজ্জে গরিলি কি মন ভালা অই যাইবু?
"রুমে ঠান্ডা বাতাস ঢুকছে, তাড়াতাড়ি জানালা বন্ধ করে দাও","রুমোত ঠান্ডা বাতাস ঢুকের, হারা জানালা বন্ধ গরি দ"
"আর বেশি সময় বাকি নেই, আরেকটু পরে অনুষ্ঠান শুরু হবে","আর বেশি সময় বাকি নেই, আরেক্কানা পরে অনুষ্ঠান শুরু অইবু"
"এবার আমার ব্যবসায় একদম লস হবে, সব পেঁয়াজ পচে গেছে","এবার আঁর ব্যবসাত এব্বেরে লস অইবু, বিয়াক পিয়েজ পুচি গেইয়্যি"
অনেকগুলো কাপড় জমে আছে,বৌত হদিজ্ঞিন হর জমি আছে
"আমাদের এখানে আগে ঠিক ছিল, এখন বেশি সমস্যা করছে","আঁরার এনডে আগে ঠিক আছিল, এহন বেশি সমস্যা গরের"
"বাচ্চাটা মাঠে এদিক ওদিক দৌড়ায় আর হাসে, দেখলে মন ভালো হয়ে যায়","বাইচ্চে ইবে মাঢ়োত ইক্কেত্তুন উইক্কে দূরে আর আ'সে, দেহিলি মন ভালা অই যায়"
"আগামীকাল যদি রোদ থাকে, তাহলে মাঠের ধান কেটে রোদে শুকানো যাবে","হালিয়ে যদি রইদ থাহে, তইলি মাঢ়োর ধান হাডি রইদুত ফোওয়োন যাইবু"
বিড়ালের কামড় খেয়ে আম্মু এক মাস হাসপাতালে ছিল,বিলের হঅর হায় আম্মু এক মাস হাসপাতালুত আছিল
শীতকালে ঠান্ডা পানি খেলে গলা ব্যথা হয়ে যাবে,শীতহালে ঠান্ডা পানি হাইলি গলা ব্যথা অই যাইবু
সকাল সকাল খিচুড়ি খেয়ে আমার পেটের অবস্থা খারাপ,বেইন্নে ফজোরত খিচুড়ি হাইয়্যি রে আঁর পেডোর অবস্থা হারাফ
"গতবার আমাদের প্রশ্ন অনেক কঠিন হয়েছিল, তাই এবার সহজ হতে হবে","গতবার আঁরার প্রশ্ন বৌত কঠিন অইয়্যিল, এতেল্লে এবার সহজ অন ফরিবু"
"তোর ছোট বোনটা বেশি কাবিল, সব জায়গায় কথা বলে","তুর ছোডো বইন ইতি বেশি হাবিল, বিয়াক জাগাত হতা হয়"
মশা কতগুলো আজকে বেশি জালাচ্ছে,মুশা হদুজ্ঞুন আজিয়ে বেশি জালার
দাম এত বেশি কেন বলছো? আরেকটু কমিয়ে রাখো,দাম এল্লেত বেশি কা হর? আরেক্কানা হমাই রাহো
"সামনের মাসে আমি বেশি ব্যস্ত থাকব, সেজন্য টুরে যেতে পারব না","সামনুর মাসুত আঁই বেশি বিজি থেইক্কুম, এতেল্লে টুরুত যাইত পাইত্তাম ন"
"আপনি একটু এখানে দাঁড়ান, আমি ডাক্তারকে ডেকে আনছি","অঁনে এক্কানা এনডে থিয়ন, আঁই ডাক্তার উরে ডাহি আনির"
"সবাই বাড়িতে চলে গেছে, শুধু আমি একা আছি","বিয়াজ্ঞুন বারিত চলি গেইয়্যি, উধো আঁই এহেল্লে আছি"
তুমি আমার পিছন পিছন আসো,তুঁই আঁর পিছে পিছে আইয়্যু
"মা, আমি আজকে যাব না, আগামীকাল আসব","আম্মু, আঁই আজিয়ে ন যাইয়্যুম, হালিয়ে আইসসুম"
"এগুলো সাগরের মাছ, দাম কম হবে না","এগুন সাগরুর মাছ, দাম হম ন অইবু"
"এবার ঘরের ছালাটা ঠিক করতে হবে, নাহয় বর্ষাকালে পানি পড়বে","এবার ঘরুর ছাল ইয়েন ঠিক গরন ফরিবু, নইলি বর্ষাহালে পানি ফরিবু"
মাঝে মাঝে নিজের উপর অনেক রাগ উঠে,মাঝে মাঝে নিজুর উদ্দি বৌত গুসসা উডে
তাহলে এতোদিন পর আমার কথা মনে পড়ছে,তইলি এতোদিন পর আঁর হতা মনোত ফইজ্জি
তুই আব্বুর পকেট থেকে টাকা নিয়েছিস যে আমি আব্বুকে বলে দেব,তুই আব্বুর পকেটুত্তুন টিয়া লইয়্যুস যে আঁই আব্বুরে হই দিয়্যুম
"ভাইয়া, তোমাকে আম্মু ডাকছে","ভাইয়ে, তোঁয়ারে আম্মু ডাহের"
কেমন আছিস বন্ধু? তোকে অনেকদিন পর দেখতাছি,"কেন আছস বন্ধু, তুরে বৌতদিন পর দেহিদ্দি"
শরীরে এত ক্লান্তি জমে গেছে যে ছুটির দিনেও বিছানা ছেড়ে উঠতে ইচ্ছে করে না,শরীলুত এতো ক্লান্তি জমি গেইয়্যি দে ছুটির দিনুতও বিছেন ছারি উইট্টু ইচ্ছে ন গরে
"আসমানের দিকে তাকিয়ে দেখো, কতগুলো সাদা সাদা মেঘ","আসমানুর মিক্কে তাকায় সো, হদিজ্ঞিন সাদা সাদা মৌলো"
"দরজার বাইরে একটা ভিক্কুক দাঁড়ায় আছে, চাল গুলো উনাকে দিয়ে আসো","দরজার বাদ্দি উজ্ঞো ফইর থিয়েই থেইক্কি, চইল এগুন ইবেরে দি আইয়্যু"
"এই কুকুরটা অনেক দুষ্টু, সবসময় দুষ্টামি করে","এই কুত্তো ইবে বৌত যারগো, সবসময় যারগই গরে"
আমি তোমার সাথে কথা বলতে চাই,আঁই তোঁয়ার লগে হতা হইতাম চাই
"আমি একটা বললাম, আর তুমি আরেকটা রান্না করছ","আঁই এক্কান হইলাম, আর তুঁই আরেক্কান রান্না গইজ্জো"
নানা বেঁচে থাকতে আমাদেরকে অনেক দেখতে পারতেন,নানা বাঁছি থাইকতে আঁরারে বৌত দেইত ফাইত্তো
এবারের ঈদের পাঞ্জাবীটা অনেক সুন্দর হয়েছে,এবারোর ঈদুর পাঞ্জাবী ইবে বৌত সুন্দর অইয়্যি
আসো সবাই একসাথে নাস্তা করি,আইয়্যু বিয়াজ্ঞুন এক্কত্তরে নাস্তা গরি
"তোমার নতুন রান্নার রেসিপিটা আমাদেরও শিখাবে বলেছিলে, মনে আছে?","তোঁয়ার নয়া রান্নার রেসিপি ইবে আঁরারেও শিখাইবে হইলে, মনোত আছেনা?"
"দোকানদার দুপুরের খাবার খেতে গেছে, আপনারা একটু বসুন","দোয়ানদার দুইজ্জের হানা হাইতু গেইয়্যি, অঁনেরা এক্কানা বইয়্যুন"
"রাস্তার পাশে একজন মানুষ বসে আছে, তার খুব ঠান্ডা লাগছে","রাস্তার পাশে একজন মানুষ বই থেইক্কি, ইবেত্তুন বৌত ঠান্ডা লাগের"
"এই শাড়িটার দাম কত, একটু বলবেন?","শারি ইয়েনুর দাম হতো, এক্কানা হইবেন?"
আমার ফুল ভাল লাগে এবং আমি বাগান করতে পছন্দ করি,আত্তুন ফুল গম লাগে আর আঁই বাগান গত্তে পছন্দ গরি
"আমাদের জীবনটা অনেক ছোট, তাই যতদিন বেঁচে আছি ভালো কাজ করা দরকার","আঁরার জীবন ইয়েন বৌত ছোডো, এতেল্লে যতদিন বাছি আছি ভালা হাজ গরন দরহার"
সকালের রোদে নাকি ভিটামিন ডি আছে,বেইন্নের রইদোত বলে ভিটেমিন ডি আছে
তোর ব্যাগটা কোথা থেকে কিনেছিস? অনেক সুন্দর হয়েছে,তোর ব্যাগ ইবে হত্তুন কিন্নুস? বৌত সুন্দর অইয়্যি
"কি খবর সবার, সবাই কেমন আছো?","কি হবর বিয়াজ্ঞুনোর, বিয়াজ্ঞুন কেন আছো?"
"এই সপ্তাহ যাব না, সামনের সপ্তাহ থেকে যাব ইনশাআল্লাহ","এই সপ্তাত যাইতাম ন, সামনোর সপ্তাত্তুন যাইয়্যুম ইনশাআল্লাহ"
এখন যতটুকু হয়েছে সেটা নিয়ে আমাদের বাকি কাজ শুরু করে দিতে হবে,এহন যেদ্দুর অইয়্যি ইয়েন লই আরাত্তুন বাকি হাজ শুরু গরি দন ফরিবু
"এবার বাড়ি যায়, সন্ধ্যা হয়ে গেছে","এবার বারিত যায়, আজুইন্নে অই গেইয়্যি"
ল্যাপটপের সঙ্গে ফ্রি আর কী কী দিয়েছে?,ল্যাপটপুর লগে ফ্রি আর কী কী দিইয়্যি?
শীতকালে পুকুরের পানি বেশি ঠান্ডা,শীতহালে ফইরোর ফানি বেশি ঠান্ডা
নতুন জামা কিনলে আমার মন একদম ভালো হয়ে যায়,নতুন হুত্তা কিনিলি আঁর মন এব্বেরে ভালা অই যায়
আমাদের বাড়ির পিছনে আরেকটা বাড়ি আছে,আঁরো বারির পিছুদ্দি আরেক্কান বারি আছে
লেবুর রস দিয়ে গরম গরম ছটপটি অনেক মজা লাগে,লেবুর রস দি গরম গরম ছটফডি বৌত মজা লাগে
আমার আজকে একটু শরীর খারাপ,আত্তুন আজিয়ে এক্কানা শরীল হারাপ
"আরে ভাই, এত সিরিয়াস হলে চলবে না, একটু হাসুন","আরে বদ্দা, এল্লেত সিরিয়াস অইলি ন চলিবু, এক্কানা আ'সন"
সে তোমার আংকেলের সাথে ঝগড়া করতে চাচ্ছে,ইতে তোঁয়ার আংকেলুর লগে হইজ্জে গইত্তো চার
"তোমার শ্বশুরবাড়ি থেকে মেহমান আসবে, তাই বাজার থেকে মাংস নিয়ে আসো","তোঁয়ার অরো বারিত্তুন মেমান আইবু, এতেল্লে বাজারুত্তুন গোস্ত লই আইয়্যু"
সকালে ব্যায়াম করলে শরীর ভালো থাকে,বেইন্নে বিয়াম গরিলি শরীল ভালা থাহে
"আমার বাজেট বেশি নেই, পাঁচশো টাকার মধ্যে কি ভালো কিছু দেখাতে পারবেন?","আঁর বাজেট বেশি নেই, পাঁশশো টিয়ার মধ্যে কি ভালা কিছু দেহাইত ফারিবেন?"
পিকনিক করার জন্য একটা নিরিবিলি জায়গা খুঁজে বের কর,পিকনিক গরিবের লাই এক্কান নিরিবিলি জাগা তোওয়াই বাইর গর
মাঠে গিয়ে দেখি সেখানে কেও নাই,মাঢ়োত যাইরে দেহি এনডে কিয়াই নাই
কাজ শেষ করে কত টাকা পাবি বুঝে নিস,হাম শেষ গরি হত টিয়া পাবি বুঝি লইস
"কিছুক্ষণের মধ্যে বৃষ্টি আসতে পারে, ছাতাটা নিয়ে যাও","কিছুক্ষনের মধ্যে ঝর আইত ফারে, ছাতি ইয়েন লই যও"
ছেলেমেয়ের জন্য মা ছায়ার মতো,ফুত জি'র লাই মা ছায়ার মতন
আমাদের পেয়ারা গাছে সবসময় পেয়ারা ধরে,আঁরো গুয়াছি গাছোত সবসময় গুয়াসি ধরে
আমার শুরু থেকেই ওর ওপর সন্দেহ ছিল,আঁর শুরুদ্দিত্তুনই ইতের উদ্দি সন্দেহ আছিল
আমার আপু অনেক ভাল,আঁর আফা বৌত গম
আপনার ছোট ছেলে তো সাত সকালে বের হয়ে গেছে,অঁনোর গুরো ফুওয়া ইবে তো বেইন্নে ফজোরত বাইর অই গেইয়্যি
" যদি তুমি ঠিক করে ফেলো কোন পথে যেতে চাও, আমি পুরো যাত্রায় তোমার সঙ্গ দিতে প্রস্তুত আছি","যদি তুঁই ঠিক গরি ফেলো হন পথোত যাইতো চো, আঁই পুরো যাত্রাত তোঁয়ার সঙ্গ দিবের লাই প্রস্তুত আছি"
"তুই চিন্তা করিস না, স্যার আমাদের কিছু বলবেন না","তুই চিন্তে ন গরিস, স্যার আঁরারে কিছু ন হইবু"
কানের নিছে দুইটা থাপ্পর দিব যদি আবার টাকার কথা বলিস,হানোর নিছে দুওয়ো চোয়ার দিয়্যুম যদি আবার টিয়ার হতা হস
তুমি সবকিছু আমার উপার ছেড়ে দাও,তুঁই বিয়াক কিছু আঁর উদ্দি ছারি দো
"ব্যাপার কি, আজকে তোমাকে অনেক সুন্দর লাগতাছে","ব্যাপার কি, আজিয়ে তোঁয়ারে বৌত সুন্দার লাগের"
আমার কালো শার্টটি কোথায়? খুঁজে পাচ্ছি না যে,আঁর হালা শার্ট ইবে হনডে? তোওয়াই ন পাইদ্দি
"তোমার বড় ভাই এখন কি করে, জব করে নাকি ব্যাবসা করে?",তোঁয়ার বদ্দা এহন কি গরে? চঅরি গরে নাকি ব্যাবসা গরে?
এগুলো ওখান থেকে কীভাবে পড়ে গেল?,এগুন অত্তুন কেনে ফরি গেইয়্যি?
একদিন ব্যায়াম করে আমার পা আর নাড়াতে পারছি না,একদিন ব্যায়াম গরি আঁর পা আর লরাইত ন পারির
"আমাকে মনে করে আমিরাবাদে নামিয়ে দিয়েন, আমি জায়গা চিনি না তাই","আঁরে মনোত গরি আমিরেবাদ নামাই দিয়্যুন, আঁই জাগা ন চিনি এতেল্লে"
দীর্ঘক্ষণ খালি পেটে থাকলে গ্যাস্ট্রিকের সমস্যা হয়,বেশিক্ষন হেইল্যে ফেডে থাহিলি গ্যাস্ট্রিকুর সমস্যা অয়
"দেখ, যা হওয়ার হয়ে গেছে, এখন মন খারাপ করে কোনো লাভ হবে না","চা, যা অইবের অই গেইয়্যি, এহন মন হারাপ গরি হনো লাভ ন অইবু"
"আমি তোমার আব্বুকে চিনি, উনি তো অনেক ভালো মনের মানুষ","আঁই তোঁয়ার আব্বুরে চিনি, ইবে তো বৌত ভালা মনুর মানুষ"
"উঠানে অনেক ময়লা হয়েছে, ঝাড়ু দিতে হবে আজকে","উডোনোত বৌত হাচারা অইয়্যি, ঝারু দন ফরিবু আজিয়ে"
"কিরে, তোর মন কোথায়? কার কাছে চলে গেছে?","কিরে, তোর মন হনডে? হার হাছে চলি গেইয়্যি?"
"ফোন রিসভ করছেনা, মনে হয় ব্যস্ত","ফোন রিসিভ ন গরের, মনে অয় বিজি"
"আর একশ টাকা ফেরত দেন, আমার গাড়িভাড়া নেই","আর একশ টিয়া ফেরত দন, আত্তুন গারিভারা নেই"
এত প্রশ্ন কেন কর তুমি? সবসময় এটা-সেটা বলতেই থাকো,এত প্রশ্ন কা গরো তুঁই? সবসময় ইয়েন-উইয়েন হইতেই থাহো
গতকাল শিয়াল একটা এসে আমার সবচেয়ে বড় মুরগিটা ধরে নিয়ে গেছে,গত হালিয়ে ইয়েল উজ্ঞো আইয়্যিরে আঁর বিয়াজ্ঞুনুত্তুন বরো কুরো ইবে ধরি লই গেইয়্যি
নিজেও কষ্ট পাচ্ছিস এবং আমাকেও কষ্ট দিচ্ছিস,নিজেও হষ্ট ফর আর আঁরেও হষ্ট দর
"আমার ঘোরাঘুরি ভালো লাগে না, আমার বাসায় বসে থাকতেই ভালো লাগে","আত্তুন ঘোরাঘুরি ভালা ন লাগে, আত্তুন বাসাত বই থাকতেই ভালা লাগে"
"স্যার, আমার খাতা নেবেন না, আমি ওর থেকে দেখিনি","স্যার, আঁর হাতা ন লইয়্যুন, আঁই ইতেত্তুন নো চাই"
"তোর আপুকে ডাক্তারের কাছে নিয়ে যেতে হবে, একটা সিএনজি নিয়ে আয়","তুর আফারে ডাক্তারোর হাছে লই যন ফরিবু, এক্কান সিএনজি লই আয়"
"তোমার এত চিন্তা করতে হবেনা, আমার চিন্তা আমি করব","তোঁয়াত্তুন এত চিন্তে গরন ফইত্তু ন, আঁর চিন্তে আঁই গইজ্জুম"
"আগামীকালও যদি এভাবে বৃষ্টি পড়ে, তাহলে টুরে যাব না",হালিয়েও যদি এল্লেত ঝর পরে তইলি টুরুত যাইতাম নো
"আগুনের তাপ অনেক বেড়ে গেছে, বেশি করে পানি ঢালো","অইনুর তাপ বৌত বারি গেইয়্যি, বেশি গরি পানি"
"আমার ইউরোপে যাওয়ার ইচ্ছা, কোন দেশে গেলে ভালো হবে?","আত্তুন ইউরুপুত যাইবের ইচ্ছে, হন দেশুত গেলি ভালা অইবু?"
"ভুল থেকে মানুষ শেখে, সে জন্য ভুল করা ভালো","ভুলুত্তুন মানুষ শিখে, এতেল্লে ভুল গরন ভালা"
এই জামাটা একটু বড় সাইজে পাওয়া যাবে?,হুত্তা ইবে এক্কানা বরো সাইজুর পন যাইবু?
আমার বোন আমাকে বলে আমি নাকি বিয়ে করলে তাকে ভুলে যাব,আঁর বইন আঁরে হয়দে আঁই বলে বিয়ে গরিলি ইতিরে ভুলি যাইয়্যুম
আপনারা তো রমজানের এক মাসের লাভ দিয়ে সারা বছর চলতে পারবেন,অঁনেরা তো রমজানুর এক মাসুর লাভ দি আরা বছর চলিত পারিবেন
সকালে আমি ভাত খাবো না,বেইন্নে আঁই ভাত হাইতাম নো
কাপড় এটার দাম কত ভাই?,হর ইবের দাম হত বদ্দা?
সাথে আদা-রসুন আর ৫০০ গ্রামের একটা খাঁটি গাওয়া ঘি দিয়েন,লগে আদা-রসুন আর ৫০০ গ্রামুর উজ্ঞো হাঁটি গাওয়া ঘি দন
তোকে এত ওপরে কে উঠতে বলছে?,তোরে এল্লেত উরে হনে উইঠতো হইয়্যি দে?
সেজন্য এক বস্তা চাল নিয়ে আসছি,এতেল্লে এক বস্তা চইল লই আইস্যি
"এখন বাইরে যাব না, বাইরে গেলে অনেক সময় নষ্ট হবে","এহন বাদ্দি যাইতাম ন, বাদ্দি গেলি বৌত সময় নষ্ট অইবু"
আসমান আর জমিন সবকিছু আল্লাহ সৃষ্টি করেছেন,আসমান আর জবিন বিয়াক কিছু আল্লাহ সৃষ্টি গইজ্জি
"লাউটা কচি আছে, এটা দাও আমাকে","হদু ইবে হরা আছে, ইবে দও আঁরে"
তুমি আজকে জলদি চলে এলে যে?,তুঁই আজিয়ে হারা চলি আইস্যু দে?
চোখ কানা নাকি? সামনে কি আছে দেখছো না?,চোখ হানা না? সাম্মোদ্দি কি আছে ন দেহর?
তোর বাবা আমার চাচা এবং আমার বাবা তোর চাচা,তুর বাফ আঁর চাচা আর আঁর বাফ তুর চাচা
তোমার কথা শুনে মন খারাপ হয়ে গেল,তোঁয়ার হতা উনি রে মন হারাপ অই গেইয়্যি
"রান্না করা শেষ, এখন আগুন নিভিয়ে দাও","রান্না গরা শেষ, এহন অইন নিফেই দ"
"আমার সময় কম, তাই বেশি দামাদামি করতে চায় না","আঁর সময় হম, এতেল্লে বেশি দামাদামি গইত্তাম ন চায়"
তুমি কি আমার সাথে কথা বলবা নাকি রাগ করে থাকবা?,তুঁই কি আঁর লগে হতা হইবে নাকি গুসসা গরি তাহিবে?
আমার বোনের বিয়েতে দেওয়ার জন্য কিছু ভালো গিফট আইটেম দেখান,আঁর বইনুর বিয়েত দিবের লাই কিছু ভালা গিপট আইটেম দেহন
আমার ছোট ভাই শুধু বাবাকে ভয় পায়,আঁর ছোডো ভাই উধো আব্বুরে ডরাই দে
"সামনেই পেট্রোল পাম্প আছে, ওখান থেকেই পেট্রোল নেওয়া যাবে","সামনেই পেট্রোল পাম্প আছে, এত্তুন পেট্রোল লন যাইবু"
"এখন রাত হয়ে গেছে, তাই ভাড়া একটু বেশি দিতে হবে","এহন রাইত অই গেইয়্যি, এতেল্লে ভারা এক্কানা বেশি দন ফরিবু"
"আজকে দাম একটু কমাই রাখেন, আরেকবার আসলে তখন বেশি রাখিয়েন","আজিয়ে দাম এক্কানা হমাই রাহন, আরেকবার আইলি এত্তে বেশি রাইক্কোন"
নিয়মিত কম পানি খেলে কিডনিতে সমস্যা হতে পারে,নিয়মিত হম পানি হাইলি কিডনিত সমস্যা অইত পারে
"সুইজারল্যান্ড দেশটা অনেক সুন্দর, জীবনে কোনো একদিন ওখানে যাব","সুইজারল্যান্ড দেশ ইয়েন বৌত সুন্দর, জীবনুত হনো একদিন এনডে যাইয়্যুম"
"দেরি করলে আর পাবেন না, শেষ হয়ে যাবে","দেরি গরিলি আর ন ফাইবেন, শেষ অই যাইবু"
এবার কি কুতুবদিয়া ওরশে যাবি?,এবার কি কুতুবদিয়ে ওরশত যাবি?
সকালে চা না খেলে মাথা একদম কাজ করেনা,বেইন্নে চা ন হাইলি মাথা এব্বেরে হাম ন গরে
আমি দিনের পর দিন কাজ করে টাকা আয় করছি,আঁই দিনুর পর দিন হাজ গরি টিয়া হামাইর
"মা, আমি দাঁত ব্রাশ করে আসছি, আপনি আমার জন্য নাস্তা রেডি করেন","আম্মু, আঁই দাঁত ব্রাশ গরি আইর, অঁনে আঁর লাই নাস্তা রেডি গরন"
বৈশাখ মাসে কালবৈশাখী ঝড় হয়,বৈশাখ মাসুত হালবৈশাখী ঝর অয়
"বাইরে অনেক ঠান্ডা, এই কম্বলটা মানুষটাকে দিয়ে আয়","বাইরে বৌত ঠান্ডা, এই হম্বল ইয়েন মানুষ ইবেরে দি আয়"
তোমার কি কি লাগবে একটা লিস্ট করো,তোঁয়াত্তুন কি কি লাগিবু এক্কান লিস্ট গরো
আরও আছে? আমি আর পারছি না,আরো আছে? আঁই আর ন ফারির
আচ্ছা আমরা বাসে যাচ্ছি নাকি ট্রেনে যাচ্ছি?,আইচ্ছে আঁরা বাসে যাইর নাকি ট্রেনে যাইর?
"আচ্ছা, যদি কিছু মনে না করেন একটা কথা জিজ্ঞেস করব?","আইচ্ছে, যদি কিছু মনে নগোরন এক্কান হতা ফুস গইজ্জুম?"
তুমি কি পাগল? মানুষজন দেখলে কি বলবে?,তুঁই কি ফঅল না? মাইনষে দেহিলি কি হইবু?
"আপনি তো দাম আপনারটা ধরে বসে আছেন, আমাকে কিছু বলার সুযোগ দিচ্ছেন না","অঁনে তো দাম অঁনোরগান ধরি বই থেইক্কুন, আঁরে কিছু হইবের সুযোগ নইদ্দে লেইজ্ঞুন"
আমরা সামনের বছর ইনশাআল্লাহ দুজন মিলে হজ করতে যাব,আঁরা সামনুর বছর ইনশাআল্লাহ দুনুজন মিলি হজ গইত্তাম যাইয়্যুম
তোমার মলিন মুখ দেখলে আমার মন একদম খারাপ হয়ে যায়,তোঁয়ার মলিন মুখ দেহিলি আঁর মন এব্বেরে হারাপ অই যায়
তোমার কাছে টাকা আছে? আমাকে কিছু টাকা ধার দাও,তোঁয়ার হাছে টিয়া আছে? আঁরে কিছু টিয়া উধোর দও
"আমার তো ঠিকমতো মনে নেই, মনে হয় ১৫–২০ দিন হবে","আঁর তো ঠিকমতো মনত নেই, মনে অয় ১৫-২০ দিন অইবু"
"শার্টটা অনেক সুন্দর, কিন্তু তোর গায়ে মানায়নি","শার্ট ইবে বৌত সুন্দর, কিন্তু তুর গা'আত ন মানায়"
তোর চুল এত এলোমেলো কেন? মাথায় তেল দিস না?,তোর চুল এতো অলফল কা? মাথাত তেল ন দস?
"যদি যাদু না করত, তাহলে তুই এরকম পাগল হয়ে যেতি না","যদি যাদু ন গইত্তো, তইলি তুই এল্লেত ফঅল অই ন যাইতি"
সকালে এক কাপ চা না খেলে হয় না,ফজোরত এক হাপ চা নো হাইলি নো অই
আমাকে আর দুইশ টাকা ফেরত দেন,আঁরে আর দুইশ টিয়া ফেরত দন
"মা, তুমি একটু বসো, আমি সব করছি, আজকে তোমাকে কিছু করতে দিব না","আম্মু, তুঁই এক্কানা বইয়্যু, আঁই বিয়াজ্ঞিন গরির, আজিয়্যে তোঁয়ারে কিছু গইত্তাম দিতাম নো"
"ঠান্ডা লেগে নাক বন্ধ হয়ে আছে, রাতে শ্বাস নিতে কষ্ট হচ্ছে","ঠান্ডা লাগি নাক বন্ধ অই গেইয়্যি, রাতিয়ে শ্বাস লইতু হষ্ট অর"
"গরম দিন দিন বেড়ে যাচ্ছে, সামনে কী হবে আল্লাহই ভালো জানেন","গরম দিন দিন বারি যার, সামনে কি অইবু আল্লাই ভালা জানে"
এই কচুশাকগুলো এক বান্ডিল কত টাকা?,এই হচুশাক এগিন এক বুধা হত টিয়া?
"আমি এখন বাড়ি চলে যাচ্ছি, বাকি কাজগুলো আগামীকাল এসে করব","আঁই এহন বারিত চলি যাইর, বাকি হাম এগিন হালিয়ে আই গইজ্জুম"
কক্সবাজার না গিয়ে অন্য কোথাও গেলে ভাল হবে,কক্সবাজার ন যাই অন্য হনোমিক্কে গেলি ভালা অইবু
"আমি দুপুর ২টার ট্রেনের টিকিট কেটে রেখেছি, তুমি সময়মতো চলে আসিও","আঁই দুইজ্জে ২টার ট্রেনুর টিকেট হাডি রেইক্কি, তুঁই সময়মতো চলি আইসসো"
তোর বয়স বাড়লেও এখনো স্বভাব পরিবর্তন হয়নি,তোর বয়স বারিলিও এহনো হাইচ্চুত পরিবর্তন নো অয়
হুট করেই রুমে ঢুকে পড়িস কেন? দরজা নক করতে পারিস না?,বুডুর গরি রুমুত কা ঢুকি পরস? দরজা নক গরিত ন পারস?
আমাদের ফিরতে দেরি হলে সন্ধ্যার আগে বাইরে থেকে সব কাপড় ঘরে ঢুকিয়ে ফেলিস,আরাত্তুন ফিরতে দেরি অইলি আজুইন্নের আগে বাইরেত্তুন বিয়াক হর ঢুকই ফেলাইস
এখন আম্মু বাজারে গেছে আর আমি রান্না করছি,এহন আম্মু বাজারুত গেইয়্যি আর আঁই রান্না গরির
তোমরা ভাই-বোন কয়জন?,তোঁয়ারা ভাই-বইন হতোজন?
"বড়ো ভাই, কি অবস্থা আপনার?","বদ্দা, কি অবস্থা অঁনোর?"
"ম্যাম, আমার বন্ধু অসুস্থ, তাই আজ ক্লাস করতে পারেনি","ম্যাম, আঁর বন্ধু অসুস্থ, এতেল্লে আজিয়ে ক্লাস গরিত নো পারে"
"আমাদের সময় কম, যা করার তারাতারি করতে হবে","আঁরার সময় হম, যা গরার হারা গরন ফরিবু"
বলটি যদি আমার দিকে পাস দিতি তাহলে গোল দিতে পারতাম,বল ইবে যদি আঁর মিক্কে পাস দিতি তইলি গোল দিত ফাইত্তাম
"বেলকনিতে অনেক ময়লা হয়ে গেছে, ধুয়ে দিতে হবে","বেলকনিত বৌত হাচারা অই গেইয়্যি, ধুই দন ফরিবু"
"বন্ধু চল, সামনের মাসে একটা টুর দিই","বন্ধু চল, সামনোর মাসুত উজ্ঞো টুর দি"
শীতকালে ভাপা পিঠা খেতে অনেক মজা,শীতহালে ধু পিডে হাইতে বৌত মজা
এটা কীভাবে খায় যে?,ইবে কেনে হায় দে?
শুনেছি তোমার বড় ভাইয়ের নাকি চাকরি হয়েছে?,উইন্নি তোঁয়ার বদ্দার বলে চঅরি অইয়্যি?
তুই এগুলো নিয়েছিস কত দিন হচ্ছে?,তুই এগিন লইয়্যুস হতদিন অর?
"স্যার, আমার আবেদনটা একটু ওপরে পাঠিয়ে দিন, অনেক দিন ধরে আটকে আছে","স্যার, আঁর আবেদন ইয়েন এক্কানা উরে পাঠাই দন, বৌতদিন ধরি আটকি আছে"
তুমি যেটা বলবে ওটা করবো,তুঁই যিইয়্যেন হইবে ইয়েন গইজ্জুম
"আল্লাহর অনেক বড় রহমত, আজকে অনেক বড় এক্সিডেন্ট থেকে বেঁচে গেছি","আল্লার বৌত বরো রহমত, আজিয়ে বৌত বরো এক্সিডেন্ট উত্তুন বাচি গেই"
"ঢাকনা খুলিও না, পানি পড়ে যাবে","ঢাকনা ন খুইল্লো, পানি ফরি যাইবু"
আজকে ঘরে মেহমান আসছে তাই স্কুলে যাব না,আজিয়ে ঘরোত মেমান আইয়্যির এতেল্লে স্কুলোত যাইতাম নো
"আমি সর্বোচ্চ ১০টা পর্যন্ত থাকতে পারব, দেরি হলে বাসায় ঢুকতে পারব না","আঁই সর্বোচ্চ ১০টা পর্যন্ত থাহিত ফাইজ্জুম, দেরি অইলি বাসাত ঢুকিত ন পাইজ্জুম"
"ওরা অনেক কিছুই বলবে, ওদের কথায় কান দিয়ে লাভ নেই","ইতারা বৌত কিছুই হইবু, ইতারার হথাত হান দি লাভ নেই"
"পুরো মার্কেট খুঁজেছি, তারপরও এই ডিজাইনের কোন শাড়ি পাই নাই","ফুরো মার্কেট তোওয়াই, তারপরও এই ডিজাইনুর হনো শারি ন ফাই"
গাধার মতো কথা বলিস না,গাধার মতন হথা ন হইস
"আজকে সকাল থেকেই আকাশ মেঘলা, মনে হচ্ছে বিকেলের দিকে ভারী বৃষ্টি হবে","আজিয়ে বেইন্নেত্তুন আকাশ মৌলো, মনে অদ্দে বিকেলুর ইক্কে বেশ গরি বৃষ্টি অইবু"
কাল সারারাত ঝুম ঝুম বৃষ্টি পড়েছিল,হালিয়ে আঁরারাইত ঝুম ঝুম বৃষ্টি ফইজ্জিল
শরীরটা বেশি দুর্বল লাগছে আজ,শরীল ইয়েন বেশি দুর্বল লাগের আজিয়ে
আমি নাস্তার পরে চা খেতে পছন্দ করি,আঁই নাস্তার পরে চা হাইতাম পছন্দ গরি
জুতাগুলো ভাই আমরা ঢাকা থেকে অর্ডার করে আনি,জুতা এগিন বদ্দা আঁরা ঢাহাত্তুন অর্ডার গরি আনি
"তুমি একটু অপেক্ষা করো, আমরা একসাথে যাব","তুঁই এক্কানা অপেক্ষা গরো, আঁরা একলগে যাইয়্যুম"
আসুন আমরা আমাদের ছোট ছোট প্রচেষ্টার মাধ্যমে একটি বড় পার্থক্য তৈরি করার চেষ্টা করি,আইয়্যুন আঁরা আঁরার ছোডো ছোডো প্রচেষ্টার মাইধ্যমে এক্কান বরো পার্থইক্যো তৈরি গরিবের চেষ্টা গরি
"তুমি একটু এদিকে আসো, তোমার সঙ্গে একটু কথা বলতে চায়","তুঁই এক্কানা ইক্কে আইয়্যো, তোঁয়ার লগে এক্কানা হতা হইতাম চায়"
"এই ছেলেটা প্রতিবার জিনিস দেখে চলে যায়, কোনো সময় কিছু কিনে না","এই ফুওয়া ইবে ফইত্তুবার জিনিস সাই চলি যায়, হনো সময় কিছু ন কিনে"
"বিশ্বাস জিনিসটা অনেক মূল্যবান, একবার ভেঙে গেলে শেষ","বিশ্বেস জিনিস ইয়েন বৌত দামি, একবার ভাঙি গেলি শেষ"
আমি ছোটবেলায় তোদের মতো এত দুষ্টু ছিলাম না,আঁই গুরো থাকতে তোরার মতন এল্লেত জারগো ন আছিলাম
খাবারগুলো ওদের দুজনকে ভাগ করে দাও যেন একজন আরেকজনের সাথে ঝগড়া না করে,হানা এগিন ইতারা দুনুজনোরে ভাগ গরি দও যেন একজন আরেকজনোর লগে হইজ্জে ন গরে
"যারা প্রতিদিন দেরি করে ঘুমায়, তাদের ব্রেইনের ক্ষতি হয়",যারা ফইত্তুদিন দেরি গরি ঘুম যায় ইতারাত্তুন ব্রেইনুর হতি অয়
"ধোঁয়া উঠছে রান্নাঘর থেকে, মা মনে হয় ভাত বসিয়েছেন","ধুওয়ো উডের বসহানাত্তুন, আম্মু মনে অয় ভাত বুওয়াইয়্যি"
"আসলে সমস্যাটা আমার না, আমার বন্ধুর সমস্যা","আসলে সমস্যা ইয়েন আঁর ন, আঁর বন্ধুর সমস্যা"
"আর একটু বাকি, হয়ে যাবে এখন","আর এক্কানা বাকি, অই যাইবু এহন"
"আপনি একটু বসুন, আমি চা নিয়ে আসছি","অঁনে এক্কানা বইয়্যুন, আঁই চা লই আইর"
"দেওয়ালের ওপর কাপড় একটা শুকাতে দিয়েছিলাম, পরে গিয়ে দেখি কেউ ওটা নিচে ফেলে দিয়েছে","দেওয়ালুর উদ্দি হর উজ্ঞো ফুয়ত দিলাম, ফরুদ্দি যাই সাইদ্দি হনে ইয়েন নিচে ফেলাই দিইয়্যি"
নানুর বাড়ির গাছের বরই অনেক মিষ্টি,নানারো বারির গাছোর বরই বৌত মিডে
আপনি চাটগাইয়া কথা বলতে পারেন না?,অঁনে চাটগাইয়া হতা হইত নপারন?
"আমার মন-মেজাজ ভালো না, আমাকে একটু একা থাকতে দাও","আঁর মন-মেজাজ ভালা ন, আঁরে এক্কানা এহেল্লে থাইকতো দও"
"আগে আমি কিছুক্ষণ বিশ্রাম নিই, তারপর তোমার সঙ্গে কথা বলব","আগে আঁই হতক্ষন জিরেই, তারপর তোঁয়ার লগে হথা হইয়্যুম"
যদি তুই তাড়াতাড়ি ধনী হতে ছাস তাহলে জব না করে ব্যাবসা কর,যদি তুই তারাতারি বরোলোক অইতো ছস তইলি চঅরি নগোরি ব্যাবসা গর
"আজকে বেশি ঠান্ডা, সেজন্য গরম পানি দিয়ে গোসল করব","আজিয়ে বেশি ঠান্ডা, এতেল্লে গরম পানি দি গোসল গইজ্জুম"
সামির কোথায়? সে মাদরাসায় যাবে না আজ?,সামির হনডে? ইতে মাদরাসাত ন যাইবু আজিয়ে?
"রাস্তায় অনেক জ্যাম, আমার আসতে দেরি হবে","রাস্তাত বৌত জ্যাম, আত্তুন আইতে দেরি অইবু"
কিছু কিছু মানুষের থেকে কুকুর অনেক বিশ্বস্ত,কিছু কিছু মানুষ উত্তুন কুত্তো বৌত বিশ্বস্ত
"আমার কথার তো কোনো গুরুত্ব নেই, আপনি তো আপনার ছেলের কথাই শুনবেন","আঁর হতার তো হনো গুরুত্ব নেই, অঁনে তো অঁনোর ফুওয়ার হতাই উনিবেন"
গত বছরের তুলনায় এ বছর কাপড়ের দাম অনেক বেশি,গত বছরুর তুলনায় এবছর হর উর দাম বৌত বেশি
"বেশি রাত জাগিস না, জলদি ঘুমিয়ে যা","বেশি রাইত ন জাগিস, হারা ঘুম যাগো"
"বাইরে বেশি বজ্রপাত হচ্ছে, এখন বের হওয়া ঠিক হবে না","বাইরে বেশি টাডাল পরের, এহন বাইর অন ঠিক ন অইবু"
কালো রঙ আমার পছন্দের রঙ,হালা রঙ আঁর পছন্দর রঙ
"তোমাকে যেটা বলি, সবসময় সেটার উল্টোটা বলো","তোঁয়ারে যিয়েন হই, সবসময় ইয়েনুর উল্ডো ইয়েন হও"
এতোদিন পর আমার খবর নিচ্ছো! একবারের জন্য আমার কথা মনেও পড়ে নাই,এতোদিন পর আঁর হবর লইতে লাইজ্ঞো! একবারোর লাই আঁর হতা মনোত'অ নো পরে
মাথা ঠাণ্ডা হলে তারপর কথা বলব,মাথা ঠাণ্ডা অইলি তারপর হতা হইয়্যুম
"কেন করব না, অবশ্যই করব","ন গইত্তাম কা, অবশ্যই গইজ্জুম"
"ঘরের অবস্থা ভালো না, পড়াশোনার পাশাপাশি পার্টটাইম কাজ করতে হবে","ঘরুর অবস্থা ভালা নো, পরালেহার পাশাপাশি পার্টটাইম হাজ গরন ফরিবু"
"আমার নাম মাসুম না, আমার নাম হলো সিহাব","আঁর নাম মাসুম নো, আঁর নাম অইলু দে সিহাব"
একবার পাহাড়ে উঠতে গিয়ে হোঁচট খেয়ে পড়ে গিয়েছিলাম,একবার ফারুত উইটতু যাই উচট হায় ফরি গেইলাম
"বাবা, তুমি যাওয়ার সময় আমাকে একটু বাজারে নামিয়ে দিও","আব্বু, তুঁই যাইবের সমত আঁরে এক্কানা বাজারুত নামাই দিও"
আমরা এই রাস্তা দিয়ে না গিয়ে অন্য রাস্তা দিয়ে গেলে আরও তাড়াতাড়ি পৌঁছাব,আঁরা এই রাস্তা দি ন যাই অন্য রাস্তা দি গেলি আরো তারাতারাই পৌইচ্ছুম
"পুকুরের পানিতে বেশিক্ষণ থাকিও না, অসুখ চলে আসবে","ফইরোর ফানিত বেশিক্ষণ ন থাইক্কো, অসুখ চলি আইবু"
"চলো, আজকে আমরা ছাদে শুয়ে শুয়ে আকাশের তারা গুনি","চলো, আজিয়ে আঁরা ছাদুত শুয় শুয় আকাশুর তারা গনি"
এবার আমাদের জমিতে অনেক কৃষক কাজ করছেন,এবার আঁরার জবিনুত বৌত কৃষক হাজ গরের
"আম্মু, আমার জন্য একটু ভাত বেড়ে দাও, অনেক ক্ষুধা লেগেছে","আম্মু, আঁর লাই এক্কানা ভাত বারি দও, বৌত ভুক গেইজ্ঞি"
"আমি যদি আরেকবার তোকে বিড়ি খেতে দেখি, তাহলে তোর আব্বুকে বলে দেব","আঁই যদি আরেকবার তুরে বিরি হাইতু দেহি, তইলি তুর আব্বুরে হই দিয়্যুম"
"চাচা, গাড়ি চালানোর সময় একটু স্লো করুন, রাস্তাটা একটু খারাপ","চাচা, গারি চালাইবের সমত এক্কানা স্লো গরোন, রাস্তা ইবে এক্কানা হারাপ"
"তুই কি এখন যাবি, নাকি আমার কাছে মার খাবি?","তুই কি এহন যাবি, নাকি আঁর হাছে মাইর হাবি?"
শরীরকে সুস্থ রাখার জন্য ঘুম খুবই জরুরি,শরীল উরে সুস্থ রাহিবের লাই ঘুম বেশি জরুরি
"রান্না মাত্র শেষ হলো, এখন খেয়ে ফেলবেন?","রান্না মাত্র শেষ অইয়্যি, এহন হাই ফেলাইবেন?"
দুপুরে কি দিয়ে ভাত খেয়েছো?,দুইজ্জে কি দি ভাত হাইয়্যো?
ছোটবেলায় আপুদের সাথে কাদা মাটি দিয়ে নানা রকম জিনিস বানাতাম,গুরো থাকতে আফা তারার লগে ফুট দি নানা রহম জিনিস বানাইতাম
"কয়েকদিন ধরে কাশি থামছে না, এই কারণে রাতে ঘুমাতে পারছি না","হয়েকদিন ধরি হাশি ন থামের, এই হারনে রাতিয়ে ঘুম যাইত ন পারির"
এগুলো কি পিঠা? চিতই পিঠা এখনো আছে?,"এগুন কি পিডে, চিতল পিডে এহনো আছে?"
বাসে অনেকক্ষণ ধরে যাত্রা করলে আমার বমি আসে,বাসুত বৌত হতক্ষন ধরি যাত্রা গরিলি আত্তুন বুমি আইয়্যি
মাঝে মাঝে আম্মুর সাথে অনেক ঝগড়া হয়,মাঝে মাঝে আম্মুর লগে বৌত হইজ্জে অই
বাইরের খাবার থেকে ঘরের খাবার বেশি নিরাপদ,বাইরোর হানাত্তুন বর ঘরোর হানা বেশি নিরাপদ
"ওর কথায় কিছু মনে করিস না, ওর মাথায় একটু সমস্যা আছে","ইতের হথায় কিছু মনে ন গরিস, ইতের মাথাত এক্কানা সমস্যা আছে"
মেয়েটা হাত মোজা পড়েছিল,মেইফুওয়া ইবে আত মৌজো ফইজ্জিল
"তোমার ছেলে অনেক দুষ্টামি করে, ও আমার কোনো কথা শোনে না","তোঁয়ার ফুওয়া বৌত জারগই গরে, ইতে আঁর হনো হতা নো উনে"
"তোমার চেহেরা দেখে আমি বুঝছি, একদম শুকায় গেছে","তোঁয়ার চিয়ারা দেহি আঁই বুইজ্জি, এব্বেরে পুয়াই গেইয়্যি"
তারেক আমাকে বলেছিল তুমি আসবে,তারেক আঁরে হইয়্যিল দে তুঁই আইবে
সামিরা কোথায়? সে যাবে না বিয়েতে?,সামিরা হনডে? ইতি ন যাইবু বিয়েত?
"পাশের বাড়ির ফাহিম কত ভালো রেজাল্ট করেছে, ওর পা ধুয়ে পানি খা","পাশুর বারির ফাহিম হত ভালা রেজাল্ট গইজ্জি, ইতের টেং ধুই পানি হা"
তুই না আসলে বন্ধু আমি রাগ করব,তুই নো আইলি বন্ধু আই গুসসা অইয়্যুম
আমার কুকুর অনেক ভাল লাগে,আত্তুন কুত্তো বৌত ভালা লাগে
"আজকে ছোট আপুর শ্বশুরবাড়ি থেকে মেহমান আসবে, তাই আম্মু সকাল থেকে অনেক ব্যস্ত","আজিয়ে ছোডো আফার অরো বারিত্তুন মেমান আইবু, এতেল্লে আম্মু বেইন্নেত্তুন বৌত ব্যস্ত"
"আপনারা এত এত ভাড়া নেন, কিন্তু খাবারের মান ভালো না","অঁনেরা এদুজ্ঞুন এদুজ্ঞুন ভারা লন, কিন্তু হানার মান ভালা ন"
কুকুরটাকে ঘর থেকে বাহিরে নিয়ে যাও তো,কুত্তো ইবেরে ঘরুত্তুন বাদ্দি লই যও তো
বাইরের রোদ থেকে ঘরে এসে ঠিকমতো দেখতে পারছি না,বাইরুর রইদুত্তুন ঘরুত আই ঠিকমতো ন দেহির
বৃষ্টিতে ভিজে এখন জ্বর চলে আসছে,বৃষ্টিত ভিজি এহন জ্বর চলি আইসসি
"এই প্রকল্পটি শুধু আমাদের নয়, বরং আগামী প্রজন্মের জন্য একটি উজ্জ্বল ভবিষ্যৎ তৈরি করবে","এই  প্রকল্প ইবে শুধু আঁরার নো, বরং আগামী প্রজন্মোর লাই এক্কান উজ্জল ভবিষ্যৎ তৈরি গরিবো"
"কিছু খেয়ে একটু ঘুমা, বাইরে কোথাও যাস না","কিছু হাই রে এক্কানা ঘুম যা, বাদ্দি হনোমিক্কে ন যাইস"
আজকে আম্মু পিঠা বানাচ্ছে,আজিয়ে আম্মু পিডে বানার
"আমি গাধা দেখিনি, কিন্তু তোকে দেখেছি","আঁই গাধা ন দেহি, কিন্তু তোরে দেইক্কি"
"চাকরি একটা চলে গেছে তো কী হয়েছে, আল্লাহ চাইলে আরও ভালো চাকরি আসবে","চঅরি এক্কান চলি গেইয়্যি তো কী অইয়্যি, আল্লাহ চাইলি আরো ভালা চঅরি আইবু"
আমাদের নবী হযরত মুহাম্মদ সাঃ আমাদেরকে অনেক ভালোবাসেন,আঁরার নবী হযরত মুহাম্মদ সাঃ আঁরারে বৌত ভালোবাসে
"আমার বাসে ভালো লাগে না, ট্রেনে যাব চিন্তা করছি","আত্তুন বাসুত ভালা ন লাগে, ট্রেনুত যাইয়্যুম চিন্তে গরির"
"এগুলো এখন গরম গরম খেয়ে নাও, মন ভালো হয়ে যাবে","এগিন এহন গরম গরম হাই লও, মন ভালা অই যাইবু"
ছেলেটা শুধু এদিক সেদিক ঘুরছে,ফুওয়া ইবে উধো ইক্কেত্তুন উইক্কে ঘুরের
"মনির আমাকে বলেছিল পারবে, কিন্তু এখন এমন কেন বলল বুঝছি না","মনির আঁরে হইয়্যিল ফারিবু, কিন্তু এহন এল্লেত কা হর ন বুঝির"
"তোর কথা ঠিক, আমি বুঝিনি প্রথমে","তুর হতা ঠিক, আঁই নো বুঝিদি পইল্লে"
"আপনি বিয়ের জন্য একদম পেকে গেছেন, এবার জলদি বিয়েটা করে নিন","অঁনে বিয়ের লাই এব্বেরে পাগি গেইয়্যুন, এবার জলদি বিয়েগান গরি লন"
"আমাকে কী করতে হবে বল, আমি আমার পরিবারের জন্য সবকিছু করতে রাজি আছি","আত্তুন কি গরন ফরিবু হ, আঁই আঁর পরিবারোর লাই বিয়াক কিছু গইত্তে রাজি আছি"
আমি আর করিম মার্কেটে যাচ্ছি,আঁই আর করিম মার্কেটুত যাইর
এত বেশি দাম বললে তো বিক্রি করতে পারবেন না,এল্লেত বেশি দাম হইলি তো বেচিত ন ফারিবেন
"ক্রিকেটে ভারত অনেক ভালো খেলে, কিন্তু ফুটবলে ভালো না","ক্রিকেটুত ভারত বৌত ভালা খেলে, কিন্তু ফুটবলুত ভালা ন"
"তখন আমি দৌড়াচ্ছিলাম, তাই তোমাকে দেখিনি","তহন আঁই দূরিদ্দি, এতেল্লে তোঁয়ারে ন দেহি"
"আমি তোর মালিক, তোকে আমার কথা শুনতেই হবে","আঁই তোর মালিক, তোরতুন আঁর হতা উননই ফরিবু"
শীতকালে পুকুরে নেমে গোসল করা অনেক বিরক্তিকর,শীতহালে ফইরোত নামি গোসল গরন বৌত বিরক্তিকর
"গত দুই দিন ধরে গায়ে অনেক জ্বর, কিছু খেতে পারছি না","গত দুদিন ধরি গা'আত বৌত জ্বর, কিছু হাইত ন পারির"
উনার কি আমার কথা এখনো মনে আছে?,ইবেত্তুন কি আঁর হতা এহনো মনোত আছে?
প্রতিদিন নিয়ম করে দাঁত মাজা উচিত,ফইত্তুদিন নিয়ম গরি দাত মাজন উচিত
আমি কি বলতে চাচ্ছি সেটা শুনো আগে,আঁই কি হইতাম চাইর ইয়েন উনো আগে
"আন্টি বলল, তুই নাকি শীতকালে গোসল করিস না?",আন্টি হইয়্যি তুই বলে শীতহালে গোসল ন গরস?
"যাওয়ার সময় আমাকে বলিও, আমিও যাব তোমার সাথে","যাইবের সমোত আঁরেও হইয়্যো, আঁই ও যাইয়্যুম তোঁয়ার লগে"
"টিভির খবরে দেখেছিলাম, আমাদের এলাকায় ১০ নম্বর মহাবিপদ সংকেত দিয়েছে","টিভির হবোরত দেইক্কিলাম, আঁরার এলাকাত ১০ নম্বর মহাবিপদ সংকেত দিইয়্যি"
এই ট্রেনে কি খাবারের ব্যবস্থা আছে? নাকি কিনে নিয়ে যেতে হবে?,এই ট্রেনুত কি হানার ব্যবস্থা আছে? নাকি কিনি লই যন ফরিবু?
"ভাবি, মনে হয় বেশি টেনশন দেই, মাথার চুল তো সব পড়ে যাচ্ছে","ভাবি মনে অয় বেশি টেনশন দেই, মাথার চুল তো বিয়াক পরি যার"
১০টা খারাপ বন্ধুর চেয়ে একটা ভালো বন্ধু হলেই যথেষ্ট,দশশো হারাপ বন্ধুর চাইতে উজ্ঞো ভালা বন্ধু অইলিই যথেষ্ট
"ওকে দেখলে আমার মাথা গরম হয়ে যায়, মন চায় একটা থাপ্পড় দিই","ইতেরে দেহিলি আঁর মাথা গরম অই যায়, মন চায় উজ্ঞো সোয়ার দিই"
"ভাই, ঢাকা থেকে চট্টগ্রামের বাস কখন ছাড়বে?","বদ্দা, ঢাহাত্তুন চট্টগ্রামুর বাস হত্তে ছারিবু?"
"মাফ চাই, আমার ভুল হয়েছে থিসিসে এই টপিক নিয়ে","মাফ চাই, আত্তুন ভুল অইয়্যিদে থিসিসুত টপিক ইবে লই"
আমার কাছে সুন্দর একটা বিড়াল আছে,আঁর হাছে সুন্দর উজ্ঞো বিলেই আছে
"ভাই, দাম আমি একটা বলব?","বদ্দা, দাম আঁই এক্কান হইয়্যুম?"
যারা রাগ নিয়ন্ত্রণ করতে পারে না তারা কখনো সুখী হতে পারে না,যারা গুসসা নিয়ন্ত্রন গরিত ন পারে ইতারা হনোদিন সুখী অইত ন পারে
"পুরো মার্কেট ঘুরেছি, কিন্তু পছন্দের একটা কাপড়ও পাই নাই","পুরো মার্কেট ঘুইজ্জি, কিন্তু পছন্দর উজ্ঞো হর অ নো পাই"
"আমার কপাল খারাপ, নাহলে তোমার মতো একটা স্বামী পেতাম না","আঁর হুয়াল হারাপ, নইলি তোঁয়ার মতন উজ্ঞো জামাই ন পাইতাম"
"স্যার, কাগজটায় একটু সই করে দিন, দেরি হয়ে যাচ্ছে","স্যার, হাগজ ইয়েনুত এক্কানা সই গরি দন, দেরি অই যার"
"বারান্দায় মেহমান বসে আছে, গিয়ে নাস্তা দিয়ে আসো","বারান্দাত মেমান বই থেইক্কি, যায়্যিরে নাস্তা দি আইয়্যো"
"এটা গত বছরের ডিজাইন, অন্য ডিজাইন দেখান","ইবে গত বছরুর ডিজাইন, অন্য ডিজাইন দেহন"
জারিফকে বলো তাড়াতাড়ি বাজারে যেতে,জারিফ উরে হ তারাতারি বাজারোত যাইতো
"যদি ওদের পরীক্ষা খারাপ হয়, তাহলে আমি তোমাকেই ধরব","যদি ইতারার পরীক্ষে হারাপ অয়, তইলি আঁই তোঁয়ারেই ধইজ্জুম"
"ঘূর্ণিঝড়ের সতর্কবার্তা দেওয়া হয়েছে, তাই উপকূলের মানুষজন আশ্রয়কেন্দ্রে চলে যাচ্ছে","ঘুর্ণিঝড়ুর সিংগেল দিইয়্যি, এতেল্লে কুলুর মানুষজন আশ্রয়কেন্দ্রত চলি যার"
সন্ধ্যার আগে কিছু একটা করতে না পারলে সবাই এখানে আটকা পড়ব,আজুইন্নের আগে কিছু এক্কান গরিত ন পারিলি বিয়াজ্ঞুন এনডে আটকি ফইজ্জুম
যেখানে আমার কোন দোষ নাই সেখানে তুমি এটা কেমনে করলা,যেনডে আঁর হনো দোষ নাই এনডে তুঁই ইয়েন কেনে গরিলে
ঘরের সবাই কেমন আছে?,ঘরোর বিয়াজ্ঞুন কেন আছে?
"দিদি, তোমার রান্নাঘর তো অনেক সুন্দর","দিদি, তোঁয়ার বসহানা তো বৌত সুন্দর"
কতোদিন পর তুর সাথে দেখা!,হতোদিন পর তুর লাগে দেহা!
বিপদে অনেক সময় প্রতিবেশীরা কাজে আসে,বিপদুত বৌত সময় প্রতিবেশী অক্কল হাজোত আইয়্যি
"কিরে, তোর প্রেমিকার নাকি বিয়ে হয়ে যাচ্ছে?","কিরে, তোর প্রেমিকার বলে বিয়ে অই যার?"
"এই পরিক্ষাটা খারাপ হয়েছে, সামনের পরিক্ষাটা ভাল করে দিতে হবে","এই পরিক্ষে ইবে হারাপ অইয়্যি, সামনোর পরিক্ষে ইবে ভালা গরি দন পরিবো"
"এত খুশি হয়ে লাভ নেই, টুরে যাচ্ছি না আমরা","এল্লেত খুশি অই লাভ নেই, টুরুত ন যাইর আঁরা"
"আজকে মনটা খুব হালকা লাগছে, কারণ অনেকদিনের চিন্তাটা এবার শেষ হলো","আজিয়ে মন ইয়েন বৌত হালকা লাগের, হারন বৌতদিনুর চিন্তে ইয়েন এবার শেষ অইয়্যি"
"কাপড় এটার দাম বেশি, আমি নিব না এটা","হর ইবের দাম বেশি, আঁই লইতাম নো ইবে"
"ঘরে অনেক বেশি মাছি, খাবারগুলো ঢেকে রাখ","ঘরোত বৌত বেশি মাছি, হানা এগিন ঢাহি রাহো"
এই পরিক্ষাটা খারাপ হয়েছে,এই পরিক্ষে ইবে হারাপ অইয়্যি
"আরও নিচে করো, না হলে ধরতে পারব না","আরও নিচে গরো, নইলি ধরিত ন ফারিবে"
"আমার বাড়ি থেকে স্কুল অনেক দুরে, যেতে অনেক কষ্ট হয়","আঁর বারিত্তুন স্কুল বৌত দুরে, যাইতে বৌত হষ্ট অই"
এই রাস্তা দিয়ে রাতে চলাচল নিরাপদ না,এই রাস্তা দি রাতিয়ে চলাচল নিরাপদ ন
তুমি তো অনেক বড় জ্ঞানী হয়ে গেছো!,তুঁই তো বৌত বরো পন্ডিত আই গেইয়্যু!
"সকালে পান্তা ভাত খেয়ে একটু ঘুমিয়েছিলাম, কখন যে দুপুর হয়ে গেল বুঝতেই পারলাম না","বেইন্নে পানি ভাত হাইয়্যিরে এক্কানা ঘুম গেইলাম, হত্তে যে দুইজ্জে অই গেইয়্যি বুঝিত ন ফারি"
"একসময় আমার অনেক আপন ছিলে, আজ পর হয়ে গেলে","একসময় আঁর বৌত আপন আছিলে, আজিয়ে পর অই গেলে"
বেশি গরম লাগলে একটু ঠান্ডা পানি খাও,বেশি গরম লাগিলি এক্কানা ঠান্ডা পানি হ
মুদির দোকানের সামনে গিয়ে একটা কল দিয়েন,মুদির দোয়ানোর সামনে যায় রে উজ্ঞো কল দিয়্যুন
তোমার পরীক্ষা ভালো হয়েছে দেখে আমার মন এমনিতেই ভালো হয়ে গেছে,তোঁয়ার পরীক্ষে ভালা অইয়্যি দেহি আঁর মন এনেই ভালা অই গেইয়্যি
আপুকে দিয়ে এসে আমি ঘরে চলে আসছি,আফারে দি আইয়্যিরে আঁই ঘরুত চলি আইসসি
আমাদের বাস ড্রাইভার অনেক স্পিডে বাস চালাচ্ছিল,আঁরার বাস ড্রাইভার বৌত স্পিডে বাস চালার
"আমার কিছু জিনিস তোমার কাছে থেকে গেছে, সেগুলো দিয়ে দিলে খুশি হতাম","আঁর কিছু জিনিস তোঁয়ার হাছে থাহি গেইয়্যি, এগিন দি দিলি খুশি অইতাম"
"তোমার জন্য এই ওষুধটা রেখেছি, মনে করে খাবে কিন্তু, ঠিক আছে?","তোঁয়ার লাই ওষুধ ইবে রাইক্কি, মনোত গরি হাইবে কিন্তু, ঠিক আছে না?"
পাকিস্তানের মেয়েগুলো এত সুন্দর কেনো?,পাকিস্তানুর মেইফুওয়া এগুন এল্লেত সুন্দর কা?
এবার বেশি করে আম কাঁঠাল নিয়ে তোর বড় আপুকে দেখে আসিস,এবার বেশি গরি আম হাট্টল লই রে তুর বরো আফারে চায় আইস
আমার পেঠ ব্যাথা করছে সেজন্য খেতে পারবনা,আত্তুন পেঠ ব্যাথা গরের দে এতেল্লে হাইত ন পাইজ্জুম
ওরা দুজন মিলে আমার পিছে লাগছে,ইতারা দুনু জন মিলি আঁর পিছুদ্দি লেইজ্ঞি
এটা কি? আজকে প্রথম দেখলাম,ইবে কি? আজিয়ে প্রথম দেহিলাম
অফিসের কাজ এত বেশি যে ঘরে ঠিকমতো সময় দিতে পারি না,অফিসুর হাজ এত বেশি যে ঘরুত ঠিকমতো সময় দিত ন পারির
"এই গেঞ্জিটা একবার ব্যবহার করে দেখেন, যদি ভালো না লাগে তাহলে ফেরত নেব","গেঞ্জি ইবে একবার বেবার গরি সন, যদি ভালা ন লাগে তইলি ফেরত লইয়্যুম"
নানুর বাড়িতে গেলে এবার বেশি বেশি আম খাবো,নানারো বারিত যাইলি এবার বেশি বেশি আম হাইয়্যুম
ভাঙার পর দেখলাম কাঁঠালটি কাঁচা,ভাঙিবের পরে দেহিলাম হাট্টল ইবে কেঁছা
"নদীপথে যাওয়াটা কতটা নিরাপদ, বিশেষ করে বর্ষার মৌসুমে?","দইজ্জে দি যন হতটা নিরাপদ, বিশেষ গরি বর্ষাহালে?"
আমাকে আরেকটু শুটকি দাও,আঁরে আরেক্কানা উনি দও
"অফিস থেকে গাড়ি দিয়েছে, আজকে থেকে বাসায় আসতে আর দেরি হবে না","আফিসুত্তুন গারি দিইয়্যি, আজিয়েত্তুন বাসাত আসতে আর দেরি ন অইবু"
গত এক সপ্তাহ ধরে একটানা কাজ করে এখন একদম ক্লান্ত হয়ে গেছি,গত এক সপ্তাহ ধরি একটানা হাম গরি এহন এব্বেরে অরান অই গেই
তুমি কখন আসবে?,তুঁই হত্তে আইবে?
বাহির থেকে চেয়ারটা ঘরে নিয়ে এসো,বাদ্দিত্তুন চিয়ার ইয়েন ঘরুত লই আইয়্যো
আমি তো আর ইচ্ছা করে সেটা এখানে আনিনি,আঁই তো আর ইচ্ছে গরি ইয়েন এনডে ন আনি
আপনি কার মাধ্যমে এখানে এসেছেন?,অঁনে হার মাইধ্যমে এনডে আইস্যুন?
"আমি বাজার করতে যাচ্ছি ভাই, তুই কোথায় যাচ্ছিস?","আঁই বাজার গইত্তাম যাইর বদ্দা, তুই হনডে যর?"
সকালে জলদি ঘুম থেকে না উঠলে ক্লাসে যেতে দেরি হয়ে যাবে,বেইন্নে জলদি ঘুমোত্তুন ন উডিলি ক্লাসোত যাইতে দেরি অই যাইবু
আমি যখন শহরে থাকতাম তখন নিজের রান্না নিজে করে খেতাম,আঁই যহন শ'রুত থাইকতাম তহন নিজোর রান্না নিজে গরি হাইতাম
বাজারে কি কোনো ভালো মাছ ওঠেনি? পচা মাছ কতগুলো কেন নিয়ে এসেছেন?,বাজারুত কি হনো ভালা মাছ ন উডে? পুচা মাছ হদুজ্ঞুন কিল্লে লই আইসসুন?
"আজকে দোকানে কোনো কাস্টমার নেই, সব কাস্টমার গেল কোথায়?","আজিয়ে দোয়ানুত হনো কাস্টমার নেই, বিয়াক কাস্টমার গেইয়্যি হনডে?"
বিকালে উঠোনে বসে বসে চা খেতে অনেক ভাল লাগে,বিয়েলে উডোনোত বই বই চা হাইতে বৌত ভালা লাগে
আমার পাঁচটা মামাতো বোন আছে,আত্তুন পাঁচচো মঅতু বইন আছে
"আমি ঈদের ছুটিতে বাড়ি যাব, তাই আগে থেকে টিকিট কেটে রাখতে হবে","আঁই ঈদুর ছুটিত বারি যাইয়্যুম, এতেল্লে আগে ভাগে টিকেট হাডি রাহন ফরিবু"
"ভাই, ঢাকায় যাওয়ার শেষ বাস কয়টা বাজে ছাড়বে?","বদ্দা, ঢাহা যাইবের শেষ বাস হয়টা বাজে ছারিবু?"
তুমি কি করবে এখনই সিদ্ধান্ত নাও,তুঁই কি গরিবে এহনই সিদ্ধান্ত লও
হিজড়াদের মতো এগুলো কী পোশাক পরেছিস?,ইজারা অক্কলোর মতন এগুন কি পোশাক ফইজ্জস?
নমস্কার ম্যাম,নমস্কার ম্যাম
"সেন্ট মার্টিন অনেক সুন্দর একটা দ্বীপ, চাইলে ঘুরে আসতে পারিস","সেন্ট মার্টিন বৌত সুন্দর এক্কান দ্বীপ, চাইলি ঘুরি আইত পারুস"
"আমার নতুন চাকরি হয়েছে ঢাকায়, তাই আজকে রাতে ট্রেনে উঠতে হবে","আত্তুন নতুন চঅরি অইয়্যি ঢাহাত, এতেল্লে আজিয়ে রাতিয়ে ট্রেনুত উডন ফরিবু"
ভাত রান্নার আগে চালগুলো ভালভাবে ধুয়ে নিতে হবে,ভাত রান্দিবের আগে চইল এগুন ভালা গরি ধুই লন পরিবো
"নমস্কার ম্যাম, কেমন আছেন?","নমস্কার ম্যাম, কেন আছন?"
শীতকাল আসলেই আমাদের পুকুরের পানি শুকাতে শুরু করে,শীতহাল আইলিই আঁরার ফইরুর পানি ফুওয়েই যাইতু শুরু গরে
টিনের ঘরে বৃষ্টির শব্দ শুনতে অনেক ভাল লাগে,টইনোর ঘরোত ঝরোর আওয়াজ উনতে বেশি গম লাগে
আজকে দুপুরে কি রান্না করবে?,আজিয়ে দুইজ্জে কি রাদিবে?
"এই রাস্তাটা অনেক খারাপ, এটা দিয়ে যাওয়া ঠিক হবে না","এই রাস্তা ইবে বৌত হারাফ, ইবে দি যন ঠিক ন অইবু"
যেভাবেই হোক সন্ধ্যার আগে সব কাজ শেষ করতে হবেন,যেনগরি অক আজুইন্নের আগে বিয়াক হাম শেষ গরন পরিবো
এই বিড়ালটা ঘরের ভেতর পায়খানা করে দিয়েছে,এই বিলে ইবে ঘরুর ভিতুর ফেহেনা গরি দিইয়্যি
"টিভির শব্দটা একটু কমিয়ে দে, তোর আপুর পরীক্ষা","টিভির আওয়াজ এক্কানা হমাই দে, তোর আফার পরীক্ষে"
আপনাদের এখান থেকে সামনের পথটা হেঁটেই যেতে হবে,অঁনেরাত্তুন এনডেত্তুন সামনুর পথ ইয়েন আডিই যন ফরিবু
"এই বাজারে কি কোনো নির্দিষ্ট দোকান আছে, যেখানে তাজা সবজি সবসময় পাওয়া যায়?","এই বাজারুত কি হনো নির্দিষ্ট দোয়ান আছে, যেনডে তাজা সবজি সবসময় পন যায়?"
"আমার জন্য শুধু দোয়া করলেই হবে, আর কিছু লাগবে না","আঁর লাই উধো দোয়া গরিলিই অইবু, আর কিছু ন লাগিবু"
পিঠা বানানোর জন্য আগামীকাল ভোরে উঠতে হবে,পিডে বানাইবের লাই হালিয়ে ফোওয়াত্তে উডন ফরিবু
"বেশি ভোরে বের হইস না, ভোরে গাড়ি পাওয়া যাবে না","বেশি ফোওয়াত্তে বাইর ন অইস, ফোওয়াত্তে গারি ফা ন যাইবু"
"তুমি ঘরের বড় ছেলে হওয়ার পরও যদি না বোঝো, তাহলে কেমনে হবে","তুঁই ঘরুর বরো ফুওয়া অইবের পরও যদি নো বুঝো, তইলি কেনে অইবু"
"আমার আর খেয়ে–দেয়ে কাজ নেই, দশজনের জন্য দশরকম রান্না করব!","আত্তুন আর হায় দায় হাম নাই, দশজনোর লাই দশরহম রান্না গইজ্জুম!"
"আমাদের রুমে অবশ্যই অ্যাটাচড ওয়াশরুম থাকতে হবে, না হলে আমরা রুম নেব না","আঁরার রুমুত অবশ্যই এটাচ ওয়াশরুম থাহন ফরিবু, নইলি আঁরা রুম লইতাম নো"
ডাক্তার বলেছে মাছ আর বেশি বেশি শাক সবজি খেতে,ডাক্তার হইয়্যিদে মাছ আর বেশি বেশি শাক সবজি হাইতো
নতুন নতুন প্রেমে পড়লে নাকি দুনিয়াটা রঙ্গিন লাগে,নয়া নয়া প্রেমুত ফরিলি বলে দুনিয়া দারি রঙ্গিন লাগে
"শরীরটা মেছমেছ করছে, কিছুক্ষণ ঘুমাতে হবে","শরীল ইয়েন মেছমেছ গরের, এক্কানা ঘুম যন ফরিবু"
"বৃষ্টি আসবে একটু পর, জলদি বাইরের সব কাপড় নিয়ে আসো","ঝর আইবু এক্কানা পর, হারা বাইরোর বিয়াক হর লই আইয়্যু"
"আচ্ছা ঠিক আছে, একটু পর আমার অফিস শেষ হয়ে যাবে","আইচ্ছে ঠিক আছে, এক্কানা পরে আঁর অফিস শেষ অই যাইবু"
"হালকা হালকা বৃষ্টি পড়ে, তোমার কথা মনে পড়ে","ফিনি ফিনি ঝর পরে, তোঁয়ার হতা মনত পরে"
আমার বড় আপু আর ছোট আপু সবসময় ঝগড়া করে,আঁর বরো আফা আর ছোডো আফা সবসময় হইজ্জে গরে
তুই না থাকলে আমি এতক্ষণে ঘুমিয়ে যেতাম,তুই ন থাহিলি আঁই এতক্ষনে ঘুমাই যেতাম
"তুমি আজ যাবে নাকি কাল যাবে, এখন সিদ্ধান্ত তোমার",তুঁই আজিয়ে যাইবে নাকি হালিয়ে যাইবে এহন সিদ্ধান্ত তোঁয়ার
"এই শোন, আজকে যদি বাজারে না যাস তাহলে তুর খবর আছে","এই উন, আজিয়ে যদি বাজারোত ন যস তইলি তুর হবর আছে"
"ঘরের দরজা খোলা ছিল, তাই চোর সহজেই ঘরে ঢুকতে পেরেছিল","ঘরুর দরজা খোলা আছিল, এতেল্লে চোর সহজেই ঘরুত ঢুকিত পেইজ্জিল"
"সন্ধ্যায় ঝড় আসতে পারে, নৌকা নিয়ে নদীতে না যাওয়াই ভালো","আজুইন্নে ঝর আইত পারে, নৌকো লই দইজ্জেত ন যনই ভালা"
"তুমি যদি না যাও, তাহলে আমিও যাব না","তুঁই যদি ন যও, তইলি আঁই ও যাইতাম ন"
আমি এখন চলে যাচ্ছি,আঁই এহন চলি যাইর
"তুমি এখন যাও, আমি আসছি","তুঁই এহন যো, আঁই আইর"
"ওষুধটা সময়মতো খেয়ো, নয়তো আবার জ্বর আসবে, আমার কথা শোনো","ওষুধ ইবে সময়মতো হাইয়্যু, নইলি আবার জ্বর আইবু, আঁর হতা উনো"
আমার খিদে লাগলে আমি নিজ থেকেই খেয়ে নিব,আত্তুন ভুক লাগিলি আঁই নিজুত্তুন হায় লইয়্যুম
"চাচি, আপনার ছেলে-মেয়ে কয়টা?","চাচি, অঁনোর ফুওয়া-মেইফুওয়া হওয়ো?"
"মা, আমার জামাকাপড়গুলো একটু গুছিয়ে রাখো তো","মা, আঁর হরচুর এগিন এক্কানা গুছাই রাহো তো"
কেমন আছেন মামা? আপনাকে অনেকদিন পর দেখতাছি,কেন আছন মামা? অঁনোরে বৌতদিন পর দেহিদ্দি
"এই বাসটা কি সরাসরি যাবে, নাকি মাঝখানে অনেক জায়গায় থামবে?","এই বাস ইয়েন কি সরাসরি যাইবু, নাকি মাঝুদ্দি বৌত জাগাত থামিবু?"
"ব্যবসায় বেশি লস খেয়েছি, দোকানটা মনে হয় আর রাখতে পারব না","ব্যবসাত বেশি লস হায়, দোয়ান ইয়েন মনে অয় আর রাহিত ন পাইজ্জুম"
"ফ্রিজের টমেটোগুলো পচে গেছে, বাজার থেকে এক কেজি টমেটো নিয়ে এসো","ফ্রিজুর হাট্টা বেইয়্যুন এগুন পুচি গেইয়্যি, বাজারুত্তুন এক কেজি হাট্টা বেইয়্যুন লই আইয়্যো"
আমি ওখানে যেতে বাধ্য নই,আঁই অনডে যাইতে বাধ্য নই
এই মাসে বৃষ্টি না হওয়ায় পুকুর আর খালের পানি শুকিয়ে যেতে শুরু করেছে,এই মাসুত বৃষ্টি ন অনে ফইর আর হালুর পানি ফুওয়েই যাইতু শুরু গইজ্জি
"বউ, রান্নায় ঝাল একটু কম দিও, গতকাল আমার পেট জ্বালা করেছিল","বউ, রান্নাত ঝাল এক্কানা হম দিও, গত হালিয়ে আঁর পেট জইল্লিল"
"আমি আজকে শেষবারের মত গুছিয়ে দিচ্ছি, সামনের বার থেকে নিজের কাজ নিজে করবে","আঁই আজিয়ে শেষবারোর মতন গুছায় দির, সামনোর বারোত্তুন নিজোর হাজ নিজে গরিবে"
লিস্টে কি আমার নাম আসেনি? এমন তো হওয়ার কথা না,লিস্ট উত কি আঁর নাম ন আইয়্যি? এরহম অইবের তো হতা নো
"আমি তোমার সঙ্গে যাব না, আমি একা চলে যেতে পারব","আঁই তোঁয়ার লগে যাইতাম নো, আঁই এহেল্লে যাইত পাইজ্জুম"
"আপনি আজকের প্রথম কাস্টমার, তাই ফেরত দিতে চাচ্ছি না","অঁনে আজিয়ের প্রথম কাস্টোমার, এতেল্লে ফেরত দিতাম ন চাইর"
এবার শীতের কালেকশন কেমন আসছে?,এবার শীতুর কালেকশন কেন আইসসি?
বেশি দুষ্টামি করলে ঘাড়ের মধ্যে একটা দেব,বেশি জারগই গরিলি ঘেঢ়ি বেরাই উজ্ঞো দিয়্যুম
"বাইরে অনেক বজ্রপাত হচ্ছে, সাবধানে যেও","বাইরে বৌত টাডাল ফরের, সাবধানে যাইয়্যু"
"এখন বিক্রি কম, কাস্টমার নেই","এহন বেছা হম, কাস্টমার নেই"
আজকের পর থেকে তরকারিতে ঝাল কম দিবা,আজিয়ের ফরোত্তুন তরহারিত ঝাল হম দিবে
"আমি একটু মিনহাজের বাসায় যাচ্ছি, আসতে দেরি হবে","আঁই এক্কানা মিনহাজুর বাসাত যাইর, আইতে দেরি অইব্যু"
তারপর বলব কি করতে হবে,তারপর হইয়্যুম কি গরন ফরিবু
সে কি আসছে? নাকি আমি চলে যাব?,ইতে আইয়্যির না? নাকি আঁই চলি যাইয়্যুম?
আজকে মনটা এত খারাপ যে কারও সঙ্গে কথা বলতে ইচ্ছে করছে না,আজিয়ে মনগান এতো হারাপ দে কিয়ার লগে হথা হইতু ইচ্ছে ন গরের
"সারাদিন মন অনেক খারাপ ছিল, নামাজ পড়ার পর মন ভাল হয়ে গেছে","আরাদিন মন বৌত হারাপ আছিল, নামাজ পরিবের পর মন ভালা অই গেইয়্যি"
"দিন দিন সবকিছু ভুলে যাচ্ছি আমি, কী যে হচ্ছে আমার সঙ্গে","দিন দিন বিয়াক কিছু ভুলি যাইর আঁই, কী যে অর আঁর লগে"
তুমি কি আমার কথা শুনছো?,তুঁই কি আঁর হতা উইন্তে লাইজ্ঞু?
গ্রামের মেয়েরা হাঁস মুরগি পালন করে,গ্রামোর মেইফুওয়া অক্কলে আঁস কুরো ফালে
"আমি প্রতিদিন চেষ্টা করি রাতে জলদি ঘুমানোর, কিন্তু কেমনে জানি দেরি হয়ে যায়","আঁই ফইত্তুদিন চেষ্টা গরি রাতিয়ে জলদি ঘুম যাইবের লাই, কিন্তু কেনে জানি দেরি অই যায়"
আমাকে একটু মাংসের ঝোল দাও,আঁরে এক্কানা গুস্তর সুরগো দও
আমি একবার বেহুঁশ হয়ে গিয়েছিলাম,আঁই একবার বেউশ অই গেইলাম
হ্যালো মুঈন,হ্যালো মুঈন
আজকে ভাইয়া তার শ্বশুর বাড়ি গিয়ে ভাবিকে নিয়ে আসবে,আজিয়ে ভাইয়ে ইবের অরো বারিত যায় ভাবিরে লই আইবু
"আপা, থ্রি-পিসগুলো একদম অরিজিনাল, রং উঠবে না","আফা, থ্রি-পিস এগুন একদম অরিজিনাল, রঙ ন উডিবু"
"তুমি আমাকে আগে এক হাজার টাকা হাদিয়া দাও, আমি তোমার কাজ করে দিব","তুঁই আঁরে আগে এহাজার টিয়া হাদিয়ে দ, আঁই তোঁয়ার হাম গরি দিয়্যুম"
তোমাকে খুব সুন্দর লাগতাছে,তোঁয়ারে বৌত সুন্দর লাগের
বাতাসের কারণে আমার গাছের সব আম পড়ে গেছে,বাতাসুর হারনে আঁর গাছুর বিয়াক আম পরি গেইয়্যি
"দেখে যাও, কত জিনিস!","চাই য, হদিজ্ঞিন জিনিস!"
আমি কি বধির? আমি সব শুনি,আঁই ই বোরা না? আঁই বিয়াক উনি
"আমার দোকানটা বিক্রি করে দেব, কোনো ভালো কাস্টমার পেলে জানাবেন","আঁর দোয়ান ইয়েন বেছি দিয়্যুম, হনো ভালা কাস্টমার পাইলি জানাইয়্যুন"
"আজকে আমার পা ব্যথা করছে, রান্না না হয় তুমি কর","আজিয়ে আঁর টেং ব্যথা গরের, রান্না নয়তো তুঁই গরো"
আমি প্রতিদিন সকালে তাড়াতাড়ি উঠে যায়,আঁই ফইত্তুদিন ফজোরত তারাতারি উডি যায়
আমরা সব স্কুল ফ্রেন্ড মিলে পিকনিকে যাচ্ছি,আঁরা বিয়াজ্ঞুন স্কুল ফ্রেন্ড মিলি পিকনিকুত যাইর
"তোমার ছেলে তো একদম পেকে গেছে, অনেক কথা বলে","তোঁয়ার ফুওয়া তো এব্বেরে পাগি গেইয়্যি, বৌত হতা হয়"
পাহাড় থেকে প্রতিদিন রাতে শিয়াল আসে,ফা'রুত্তুন ফইত্তুদিন রাতিয়ে ইয়েল আইয়্যি
"আমার বাজেট বেশি নেই, সেজন্য এটা নিতে পারব না","আঁর বাজেট বেশি নেই, এতেল্লে ইবে লইত পাইত্তাম ন"
"ভাই, গাবৌতলী বাস টার্মিনাল থেকে কুষ্টিয়ার বাস কোথা থেকে ছাড়ে?","বদ্দা, গাবৌতলী বাস টার্মিনাল উত্তুন কষ্টিয়ার বাস হত্তুন ছারে?"
"আজকের মধ্যে সবকিছু গুছিয়ে ফেলতে হবে, যেন আগামীকাল সকালে বের হয়ে যেতে পারি","আজিয়ের মধ্যে বিয়াক কিছু গুছায় ফেলন ফরিবু, যেন হালিয়ে বেইন্নে বাইর অই যাইত পারি"
চিন্তা করছি এবার সবাইকে কাঁচা মাংস দিয়ে দেব,চিন্তে গরির এবার বিয়াজ্ঞুনুরে কেচা গুস্ত দিই দিয়্যুম
সে খুব দ্রুত দৌড়ায়।,ইতে বেশি দুরা দূরে
"তরকারিতে লবণ আরেকটু কম দেবে, তাহলে তরকারি অনেক মজা হবে","তরহারিত নুন আরেক্কানা হম দিবে, তইলি তরহারি বৌত মজা অইবু"
"আজকে অফিসে কাজের চাপ কম, তাই জলদি চলে আসছি","আজিয়ে অফিসুত হাজুর চাপ হম, এতাল্লে হারা চলি আইস্যি"
প্রতিদিন এতো দেরি করে ঘুম থেকে উঠলে তো কিছু জানতে পারবে না,ফইত্তুদিন এল্লেত দেরি গরি ঘুমোত্তুন উডিলি তো কিছু জানিত ন ফারিবে
"আমার ল্যাপটপ এখন বন্ধ হয়ে যাবে, অনেকক্ষণ ধরে কারেন্ট নেই","আঁর লেপটপ এহন বন্ধ অই যাইবু, বৌত হতক্ষন ধরি কারোন নাই"
একটা দিতে গিয়ে ভুলে আরেকটা চলে গেছে,এক্কান দিতাম যায় রে ভুলে আরেক্কান চলি গেইয়্যি
"আমি কফি খাই, তুমি কী করো?","আঁই কপি হাইর, তুঁই কি গরো?"
ডাব চুরি করতে গিয়ে একবার বাবার হাতে মার খেয়েছিলাম,ডাফ চুরি গইত্তো যায় একবার বাফুর আতুত মাইর হাইলাম
একটু সামনে গিয়ে দেখ তো কেন এত জ্যাম লেগে আছে,এক্কানা সামনে যায় সা তো কিল্লে এত জ্যাম লাগি আছে
"ভাইয়া, আমাকে এক কেজি পোলাওয়ের চাল আর এক লিটার খাঁটি সরিষার তেল দেন","ভাইয়া, আঁরে এক কেজি পোলও উর চইল আর এক লিটার হাঁটি সরিষার তেল দন"
গত বছর বর্ষাকালে বেড়িবাঁধ ভেঙে পুরো গ্রাম পানিতে ডুবে গিয়েছিল,গত বছর বর্ষাহালে হাডি ভাঙি পুরো গ্রাম পানিত ডুফি গেইয়্যিল
আরে বন্ধু! কতোদিন পর তুর সাথে দেখা!,আরে বন্ধু! হতোদিন পর তুর লগে দেহা!
"চলো, সামনের মাসে দুবাই ঘুরে আসি, তোমার মন ভালো হয়ে যাবে","চলো, সামনুর মাসুত দুবাই ঘুরি আয়, তোঁয়ার মন ভালা অই যাইবু"
"শুনে খুবই খুশি হলাম যে আপনার শারিরীক অবস্থার ব্যাপক উন্নতি হয়েছে, আরও দ্রুত সুস্থ হোন","উনিয়েরে বৌত খুশি অইলাম যে অঁনোর শারিরীক অবস্থার বৌত উন্নতি অইয়্যি, আরও তারাতারি সুস্থ অই যন"
আচ্ছা মা একটা কথা বলি?,আইচ্ছে মা এক্কান হতা হই?
বলটি সরাসরি আমার কাছে দে,বল ইবে সরাসরি আঁর হাছে দে
"আমাদের এবার সময় কম, তাই সিলেবাস ছোট রাখলে ভালো হবে","আঁরার এবার সময় হম, এতেল্লে সিলেবাস ছোডো রাহিলি ভালা অইবু"
"বাবা আমার কিছু টাকা লাগবে, বন্ধুদের সাথে বান্দরবান ঘুরতে যাব","আব্বু আত্তুন কিছু টিয়া লাগিবো, বন্ধু অক্কলোর লগে বান্দরবন ঘুইত্তাম যাইয়্যুম"
"হানিফ বাসে যাব না, এই বাসগুলো অনেক জোরে চালায় আর বেশি এক্সিডেন্ট করে","হানিফ বাসুত ন যাইয়্যুম, এই বাস এগিন বৌত জোরে চলায় আর বেশি এক্সিডেন্ট গরে"
"তুমি রাস্তা পার হলেই আমাকে দেখতে পাবে, আমি ফুলকলির সামনে দাঁড়িয়ে আছি","তুঁই রাস্তা পার অইলিই আঁরা দেহিবে, আঁই ফুলকলির সামনে থিয়েই আছি"
তুমি যদি এক মাস কষ্ট করো তাহলে অনেক কিছু ঠিক হয়ে যাবে,তুঁই যদি এক মাস হষ্ট গরো তইলি বৌত কিছু ঠিক অই যাইবু
"গতকাল রাতে বাতাস অনেক বেশি ছিল, গাছ ভেঙে রাস্তা বন্ধ হয়ে গেছে","হালিয়ে রাতিয়ে বাতাস বৌত বেশি আছিল, গাছ ভাঙি রাস্তা বন্ধ অই গেইয়্যি"
"এখন একটু শান্ত হও, আর কত কাঁদবে?","এহন এক্কানা শান্ত অও, আর হত হাঁদিবে?"
তুমি একটু পরে আসো,তুঁই এক্কানা পরে আইয়্যু
"যা হওয়ার হয়ে গেছে, এগুলো পুরাতন কথা, এগুলো এখন বলে লাভ আছে?","যা অইবের অই গেইয়্যি, এগিন পুরন হতা, এগিন এহন হয় রে লাভ আছে না?"
সকালে নামাজ পড়ে হাটলে অনেক ভাল লাগে,ফজোরত নামাজ পরি আডিলি বৌত ভালা লাগে
আজকে তোমাকে এত খুশি দেখাচ্ছে কেন?,আজিয়ে তোঁয়ারে এল্লেত খুশি দেহার কা?
"প্রথমে পেঁয়াজ ভালো করে ভেজে নিতে হবে, তারপর মসলা দিতে হবে","ফইল্লে পিয়েজ ভালা গরি ভাজি লন ফরিবু, তারপর মসল্লা দন ফরিবু"
আবার পরে দেখা হবে,আবার পরে দেহা অইব্যু
"আমি কোনো দিন লঞ্চে চড়িনি, এবার না হয় লঞ্চে করেই যাই","আঁই হনোদিন লঞ্চ উত ন চরি, এবার নইতু লঞ্চ উত গরি যাই"
"মোবাইল হারিয়ে গেছে, সেটার জন্য চিন্তা হচ্ছে না, আমার গুরুত্বপূর্ণ ডকুমেন্টগুলোর জন্য চিন্তা হচ্ছে","মোবাইল আঝি গেইয়্যি ইয়েন উর লাই চিন্তে ন অর, আঁর গুরুত্বপূর্ণ ডকুমেন্টস এগিনুর লাই চিন্তে লার"
খুব মনে পড়ছে কিন্তু কাকে মনে পড়ছে সেটাই মনে পড়ছে না,বৌত মনোত পরের কিন্তু হারে মনোত পরের ইয়েন ই মনোত ন পরের
তোমার কি সমাস্যা? মানতে কেন পারছো না?,তোঁয়ার কি সমাস্যা? মানিত কিল্লে ন পারো?
"পায়খানাগুলো তাড়াতাড়ি পরিষ্কার করে ফেল, আমার বমি আসছে","ফেহেনা এগিন তারাতারি সাফ গরি ফেলা, আত্তুন বুমি আইয়্যির"
তোমাকে মনে হয় কাইসার কিছু বলেছিল,তোঁয়ারে মনে অয় কাইসার কিছু হইয়্যিল
তুই আসলে ভাই আমি অনেক খুশি হব,তুই আইলি বদ্দা আই বৌত খুশি অইয়্যুম
"আমি এখন ব্যস্ত, আমার দেরি হবে","আঁই এহন বিজি, আত্তুন দেরি অইবু"
ঝগড়া করলে তো গলার সুর একদম পরিবর্তন হয়ে যায়,হইজ্জে গরিলি তো গলার সুর এব্বেরে পরিবর্তন অই যায়
"ফুটবল খেলে পা একদম ব্যথা হয়ে গেছে, এখন হাঁটতেও পারছি না","ফুটবল খেলি টেং এব্বেরে ব্যথা অই গেইয়্যি, এহন আডিতও ন পারির"
"ওরা এই রাস্তা দিয়ে গেছে, কিছুক্ষণ হাঁটলে সামনে দেখতে পাবেন","ইতারা রাস্তা ইবে দি গেইয়্যি, হতক্ষন আডিলি সাম্মোদ্দি দেহিবেন"
আমি ঘুম থেকে ওঠার আগে যেন আমার সকালের নাস্তা রেডি থাকে,আঁই ঘুমুত্তুন উডিবের আগে যেন আঁর সকালুর নাস্তা রেডি থাহে
"আর দুদিন পর আসেন, দুদিন পর অনেক ভাল ভাল কাপড় আসবে","আর দুদিন পর আইয়্যুন, দুদিন পর বৌত ভালা ভালা হর আইবু"
তুমি আমার সাথে এরকম কেমনে করলা! আমার কি দোষ ছিল?,তুঁই আঁর লগে এরহম কেনে গরিলে! আঁর কি দোষ আছিল?
"এভাবে রাগ করে থাকলে হবে? খাবার ঠান্ডা হয়ে যাচ্ছে, খেয়ে নাও","এন গরি গুসসা অই থাহিলি অইবুনা? হানা ঠান্ডা অই যার, হায় লও"
সাদা পাঞ্জাবিটা আমার অনেক প্রিয়,সাদা পাঞ্জাবি ইবে আঁর বৌত প্রিয়
এত হাসিখুশি কেন? বিয়ে ঠিক হলো নাকি?,এল্লেত আ'সিখুশি কা? বিয়ে ঠিক অইয়্যি নাকি?
সাইকেল চালাতে গিয়ে একবার অনেক ব্যথা পেয়েছিলাম,সাইকেল চালাইতাম যায় একবার বৌত ব্যথা পাইলাম
"ভাই, বৃষ্টি চলে আসছে, একটু বাসের জানালাগুলো বন্ধ করে দেন","বদ্দা, বৃষ্টি চলি আইসসি, এক্কানা বাসুর জানালা এগিন বন্ধ গরি দন"
এটা অবশ্য ঠিক বলছ,ইয়েন অবশ্য ঠিক হইয়্যু
"তুই এটা শেষ কর, আমি ভাত রান্না করে আসি","তুই ইবে শেষ গর, আঁই ভাত রান্না গরি আয়"
"আমি যদি চাকরি না করি, তাহলে আমার পরিবার কষ্ট পাবে","আঁই যদি চঅরি ন গরি, তইলি আঁর পরিবার হষ্ট ফাইবু"
"তোরে দেখে চেনা চেনা লাগছে, তোর নাম কি শরীফ?","তোরে দেহি চিনা চিনা লাগের, তোর নাক কি শরীফ?"
"সাবধানে যাস, বাসায় পৌঁছে কল দিস","সাবধানে যাইস, বাসাত পৌছি কল দিস"
"একটা নাপা ট্যাবলেট খেয়ে ফেলো, নাহয় রাতে জ্বর চলে আসবে","উজ্ঞো নাপা ট্যাবলেট হায় ফেলো, নইলি রাতিয়ে জ্বর চলি আইবু"
"এই শোনেন, আপনি একটু বোঝার চেষ্টা করেন","এই উনন না, অঁনে এক্কানা বুঝিবের চেষ্টা গরন"
এত মিথ্যা কথা কেমনে বলিস ভাই!,এতো মিছে হতা কেনে হস বদ্দা!
"আপনাকে ৫০ টাকা দিয়েছিলাম, ১০ টাকা ফেরত দিতে ভুলে গেছেন","অঁনোরে ৫০ টিয়া দিলাম, ১০ টিয়া ফেরত দিতু ভুলি গেইয়্যুন"
এক কেজি গাজরের দাম কত?,এক কেজি গাজরুর দাম হত?
"আমি তোর থেকে দেখব, আর তুই রিফার থেকে দেখিস","আঁই তোত্তুন চাইয়্যুম, আর তুই রিফাত্তুন চাইস"
আপনি একটু কষ্ট করে এই ফর্মটা পূরণ করে আগামীকালের মধ্যে জমা দিয়ে দিন,অঁনে এক্কানা হষ্ট গরি এই ফর্ম ইয়েন পুরন গরি হালিয়ের মধ্যে জমা দি দন
"সবাই সামনে থেকে সরে দাঁড়ান, ট্রাক আসছে","বিয়াজ্ঞুন সামনুত্তুন সরি থিয়ন, টেরাক আইয়্যির"
রমজান মিয়ার কাছে কিছু টাকা পায়,রমজান মিয়ত্তুন কিছু টিয়া ফাইর
গতবার কাপড় কিনার সময় বলেছিলেন এবার দাম কম রাখবেন,গতবার হর কিনিবের সমত হইলেন এবার দাম হম রাহিবেন
অনেক আশা নিয়ে গেছিলাম কিন্তু কাজটা হলো না,বৌত আশা লই রে গেইলাম কিন্তু হাজগান ন অয়
"আজকে অফিসে অনেক কাজ, তাই আমার আসতে দেরি হবে","আজিয়ে অফিসুত বৌত হাম, এতেল্লে আত্তুন আসতে দেরি অইবু"
"তোকে অনেক মিস করছি, তুই না থাকলে কাউকে জ্বালাতে পারি না","তোরে বৌত মিস গরির, তুই ন থাহিলি কিয়ারে জালাইত ন পারি"
ক্ষেত থেকে পাকা মরিচ গুলো নিয়ে আয়,ক্ষেতিত্তুন ফোওয়ানা মরিচ এগুন লই আয়
"বাইরে অনেক বেশি গরম, একটা ছাতা নিয়ে যাও","বাইরে বৌত বেশি গরম, এক্কান ছাতি লই যও"
"অনেকক্ষণ কথা হলো, এবার উঠি","বৌত হতক্ষন হতা অইয়্যি, এবার উডি"
"আমাকে স্যার নিষেধ করেছিলেন, তাই এটা আমি করতে পারব না","আঁরে স্যার মানা গইজ্জিল, এতেল্লে ইয়েন আঁই গরিত ন ফাইজ্জুম"
কে পাদ দিয়েছে? এত গন্ধ কেন?,হনে পাইদ্দি দে? এল্লেত গন্ধ কা?
আমরা সন্ধ্যায় চা আর নাস্তা খাব,আঁরা আজুইন্নে চা আর নাস্তা হইয়্যুম
তুমি মনমরা হয়ে বসে থাকলে কি আমার ভালো লাগে?,তুঁই মনমরা অই বই থাহিলি কি আত্তুন ভালা লাগে?
বাংলাদেশে উন্নতমানের বিশ্ববিদ্যালয় খুব কম,বাংলাদেশুত উন্নতমানুর বিশ্ববিদ্যালয় বৌত হম
আপনাকে আজকে আমার খুব ভালো লাগলো,অঁনোরে আজিয়ে আত্তুন বৌত ভালা লাইজ্ঞি
"আমার একটু ক্লান্ত লাগতাছে, তোমার সাথে পরে কথা বলব","আত্তুন এক্কানা অরান লার, তোঁয়ার লগে পরে হতা হইয়্যুম"
"খেতে মন না চাইলেও কিছু খেয়ে নে, নাহয় বিছানা থেকে উঠতে পারবি না","হাইতু মন ন চাইলিও কিছু হায় ল, নইলি বিছেনুত্তুন উঢ়িত ন পারিবি"
"বাবা, আমার ল্যাপটপটা একটু ঠিক করিয়ে দাও, কাল থেকে অনলাইন ক্লাস আছে","আব্বু, আঁর লেপটপ ইবে এক্কানা ঠিক গরি দও, হালিয়েত্তুন অনলাইন ক্লাস আছে"
"আমার হাত ব্যথা করছে, আজকে আর পারছি না","আঁর আত ব্যথা গরের, আজিয়ে আর ন পারির"
আমার কাছে টাকা পয়সার থেকে মান সম্মান বেশি গুরুত্বপূর্ণ,আঁর হাছে টিয়া ফুইশেত্তুন মান সম্মান বেশি গুরুত্বপুর্ণ
"বর্ষাকালে শহরে হাঁটাচলা করা বিরক্তিকর, চারদিকে নর্দমার পানি","বর্ষাহালে শ'রুত আডাচলা গরন বিরক্তিকর, চেরোমিক্কে নালার পানি"
"তোর আব্বুর মাথা এখন গরম, তাই এখন ঘরে আসিস না","তোর বাফুর মাথা এহন গরম, এতেল্লে এহন ঘরুত ন আইস"
আসসালামু আলাইকুম ম্যাম,আসসালামু আলাইকুম ম্যাম
"যদি কারেন্ট না আসে, তাহলে ছাদে গিয়ে ঘুমাব","যদি কারোন ন আইয়্যি, তইলি ছাদুত যাই ঘুমাইয়্যুম"
"আমার কাছে এখন টাকা নেই, সেজন্য কোথাও যাওয়ার কথা চিন্তা করছি না","আঁর হাছে এহন টিয়া নেই, এতেল্লে হনোমিক্কে যাইবের হতা চিন্তে ন গরির"
"ওখানে যদি তুমি না থাক, তাহলে আমার একদম ভালো লাগবে না","এনডে যদি তুঁই ন থাহো, তইলি আত্তুন এব্বেরে ভালা ন লাগিবু"
আমি দুদিনের জন্য তোর ভাবিকে নিয়ে একটু ঘুরতে যাচ্ছি,আঁই দুদিনুর লাই তোর ভাবিরে লই এক্কানা ঘুইত্তাম যাইর
"সত্যি মানে, মিথ্যা বলব নাকি আপনাকে!","আ'ছা মানি, মিছে হইয়্যুম না অঁনোরে!"
"চট্টগ্রাম বিশ্ববিদ্যালয়ের পাহাড়ে অনেক সাপ আছে, আমরা যখন ওখানে ঘুরতে গিয়েছিলাম তখন শুনেছিলাম","চট্টগ্রাম বিশ্ববিদ্যালয়ুর ফারুত বৌত আফ আছে, আঁরা যহন এনডে ঘুইত্তো গেইলাম তহন উইন্নিলাম"
"আমি সাঁতার জানি না, সেজন্য পুকুরে নামতে পারব না","আঁই আছুরিত ন জানি, এতেল্লে ফইরুত নামিত ন ফাইজ্জুম"
"আমি খেয়াল করলাম, তুমি কয়েকদিন ধরে মনমরা হয়ে বসে আছো","আঁই খিয়াল গইজ্জি, তুঁই হয়েকদিন ধরি মনমরা অই বই থেইক্কো"
এই কাপড়গুলো নতুন নাকি পুরাতন?,এই হর এগুন নতুন নাকি ফুরন?
এই বিড়ালটা একবার আমার আম্মুকে কামড় দিয়েছিল,এই বিলেই ইবে একবার আঁর আম্মুরে হঁঅর দিয়্যিল
বেঁচে থাকলে ইনশাআল্লাহ সামনের বছর সবাই মিলে যাব,বাচি থাহিলি ইনশাআল্লাহ সামনুর বছর বিয়াজ্ঞুন মিলি যাইয়্যুম
তোমার রেজাল্ট ভালো হয়েছে দেখে আমার মনটাও ভালো হয়ে গেছে,তোঁয়ার রেজাল্ট ভালা অইয়্যি দেহি আঁর মনগানও ভালা অই গেইয়্যি
তোমার সঙ্গে মামুনকেও নিয়ে যাও,তোঁয়ার লগে মামুন উরেও লই যও
"আকাশে যে মেঘ হয়েছে, দিন নাকি রাত সেটাই বোঝা যাচ্ছে না","আকাশুত যে মৌলো অইয়্যি, দিন নাকি রাইত ইয়েনই বুঝা ন যার"
গরমকালে ডাবের পানি খেলে অনেক শান্তি লাগে,গরমহালোত ডাবোর পানি হাইলি বৌত শান্তি লাগে
"আমি তোমাকে আটকে রাখতে চাই না, তোমার চলে যেতে মন চাইলে চলে যেতে পার","আঁই তোঁয়ারে আটকাই রাইখতাম ন চাই, তোঁয়াত্তুন চলি যাইতু মন চাইলি চলি যাইত পারো"
কাল রাতে এত জোরে বজ্রপাত হয়েছিল যে ঘুম ভেঙে গিয়েছিল,হালিয়ে রাতিয়ে এল্লেত জোরে টাডাল পইজ্জিল দে ঘুম ভাঙি গেইয়্যিল
গরম কমলে তারপর কাঁঠাল খাব,গরম হমিলি তারপর হাট্টল হাইয়্যুম
"এই শুনছো, দেখে যাও আমি কি করেছি","এই উনো না, চো না আঁই কি গইজ্জি"
হাসতে হাসতে আমার পেট ব্যথা হয়ে গেছে,আ'সতে আ'সতে আঁর পেট ব্যথা অই গেইয়্যি
জোয়ারের পানি ঢুকে আমার সব ক্ষেত নষ্ট করে দিল,জোয়ারুর পানি ঢুকি আঁর বিয়াক ক্ষেতি নষ্ট গরি দিয়্যি
"অনেকদিন ধরে ওষুধ খাচ্ছি, তাও ভালো লাগছে না","বৌতদিন ধরি ওষুধ হাইর, তাও গম ন লার"
"আপনাকে অনেকদিন দেখিনায়, এতদিন কোথায় ছিলেন?","অঁনোরে বৌতদিন নো দেহি, এতোদিন হনডে আছিলেন?"
"আর দুদিন পর রমজান, এখনো রমজানের বাজার করা হয় নাই","আর দুদিন পর রমজান, এহনো রমজানুর বাজার গরা নো অয়"
"তোকে বারবার বলেছি ছাতাটা নিয়ে বের হইস না, এখন আমার এত দামি ছাতাটা ভেঙে গেল","তোরে বারবার হইলাম দে ছাতি ইয়েন লই বাইর ন অইস, এহন আঁর এল্লেত দামি ছাতিগান ভাঙি গেইয়্যি"
আজকে সকালে আমি ভাত খাব না,আজিয়ে ফজরত আঁই ভাত ন হাইয়্যুম
"একটু হাসো, এত চিন্তা করে কী হবে? সব ঠিক হয়ে যাবে","এক্কানা আ'সো, এত চিন্তে গরি কি অইবু? বিয়াক ঠিক আই যাইবু"
আমার মেয়ের স্কুলের জন্য একটা ভালো মানের ব্যাগ দেখাতে পারবেন?,আঁর মেইফুওয়ার স্কুলুর লাই উজ্ঞো ভালা মানুর ব্যাগ দেহাইত ফারিবেন?
"আমার বুক জ্বালা করছে, মনে হয় গ্যাস্ট্রিক বেড়ে গেছে","আঁর বুক জ্বলের, মনে অয় গ্যাস্ট্রিক বারি গেইয়্যি"
"বাইক এক্সিডেন্ট করে এক সপ্তাহ ধরে হাসপাতালের বেডে শুয়ে আছি, আমার কোনো বন্ধুই দেখতে আসল না","বাইক এক্সিডেন্ট গরি এক সপ্তাহ ধরি হাসপাতালুর বেডুত শুই আছি, আঁর হনো বন্ধুই সাইতু ন আইয়্যি"
"আজকে যেহেতু দেরি হয়ে গেছে, তাই আমরা আগামীকাল বের হব","আজিয়ে যেহেতু দেরি অই গেইয়্যি, এতেল্লে আঁরা হালিয়ে বাইর অইয়্যুম"
"মা, রাস্তা দিয়ে আসার সময় একটা ৫০০ টাকার নোট খুঁজে পেয়েছি","আম্মু, রাস্তা দি আইবের সমত এক্কান ৫০০ টিয়ার নোট তোওয়াই ফাই"
"ক্ষেতের ফসলগুলো পেকে গেছে, এবার কিছু কৃষক নিয়ে এসো","ক্ষেতির ফসল এগিন পাগি গেইয়্যি, এবার কিছু কৃষক লই আইয়্যো"
"সারাদিন অফিস করে আসলাম, আমার জন্য এক কাপ কফি বানিয়ে নিয়ে এসো","আরাদিন অফিস গরি আইলাম, আঁর লাই এক হাপ কফি বানাই লই আইয়্যো"
"আমার দাদার বাড়ি নোয়াখালী, এবার ঈদে আমরা সেখানে যাব","আঁর দাদার বারি নোয়াহালী, এবার ঈদুত আঁরা এনডে যাইয়্যুম"
"আসসালামু আলাইকুম স্যার, আপনি কেমন আছেন?","আসসালামু আলাইকুম স্যার, অঁনে কেন আছন?"
বাকি কাজগুলো আগামীকাল দেখব,বাকি হাম এগিন হালিয়ে চাইয়্যুম
ছোট বাচ্চাটা আমার গায়ের ওপর প্রস্রাব করে দিয়েছে,গুরো বাইচ্চে ইবে আঁর গা'আর উদ্দি পেশাব গরি দিইয়্যি
বাজারের তালিকা আগে থেকে তৈরি না করলে অনেক সময় দরকারি জিনিস কিনতে ভুলে যায়,বাজারোর লিস্ট আগেত্তোন তৈরি ন গরিলি বৌত সময় দরহারি জিনিস কিনতে ভুলি যায়
যাদু করে আমার সংসারটা শেষ করে দিছে,যাদু গরি আঁর সংসার ইয়েন শেষ গরি দিইয়্যি
"আমার মাথা এখন গরম, তোমার সাথে পরে কথা বলব","আঁর মাথা এহন গরম, তোঁয়ার লগে পরে হতা হইয়্যুম"
"একদাম ৫০০ টাকা রাখব, এর থেকে কমাতে পারব না","একদাম ৫০০ টিয়া রাইক্কুম, ইয়াত্তুন হমাইত ন ফাইজ্জুম"
"আপুরা এইদিকে আসেন, ভালো কাপড় সবগুলো এইদিকে","আফা তারা ইক্কে আইয়্যুন, ভালা হর বিয়াজ্ঞিন ইনদি"
তোর বাবাকে ফোন করে বল তাড়াতাড়ি চলে আসতে,তোর বাফুরে ফোন গরি হ হারা চলি আইসতু
আমরা যতটা মনে করেছিলাম এটা তার থেকেও অনেক বেশি দূরে,আঁরা যেরহম মনে গইজ্জিলাম ইয়েন ইয়াত্তুনও বৌত বেশি দুরে
আমি ঘুমানোর আগে ব্রাশ দিয়ে দাঁত মাজি,আঁই ঘুম যাইবের আগে ব্রাশ দি দাত মাজি
শুনলাম তুমি নাকি ওমরাহ করতে সৌদি আরবে যাচ্ছ?,উইন্নিলাম তুঁই নাকি ওমরাহ গইত্তো সৌদি আরবুত যার?
আজ অ্যাসাইনমেন্ট জমা দেওয়ার শেষ দিন,আজিয়ে অ্যাসাইনমেন্ট জমা দিবের শেষ দিন
"আমি নৌকায় চড়তে পারব না, আমার ভয় লাগে","আঁই নৌকোত চরিত ন ফাইজ্জুম, আত্তুন ডর লাগে"
"কি লেবুর শরবৌত খাবো, বাজারে লেবুর যে দাম!","কি লেবুর শরবৌত হইয়্যুম, বাজারুত লেবুর যে দাম!"
এত বড় উঠানে ঝাড়ু দেওয়া অনেক কষ্টকর,এত্ত বরো উডোনোত ঝারু দন বৌত হষ্ট
এভাবে আস্তে আস্তে কাজ করলে সারাদিন চলে যাবে,এন গরি আস্তে আস্তে হাম গরিলি ফুরোদিন চলি যাইবু
ভোরে উঠে অজু করে ফজরের নামাজ পড়ে রাস্তায় একটু হাঁটলে মন একদম ভালো হয়ে যায়,ফোওয়াত্তে উডি ওজু গরি ফজরুর নামাজ পরি রাস্তাত এক্কানা আডিলি মন এব্বেরে ভালা অই যায়
"আমাদের বাড়ি থেকে স্কুলে যাওয়ার রাস্তাটা মাটির, যার কারণে বর্ষাকালে স্কুলে যেতে অনেক কষ্ট হয়","আঁরার বারিত্তুন স্কুলুত যাইবের রাস্তা ইবে মেডির, যার হারনে বর্ষাহালে স্কুলুত যাইতে বৌত হষ্ট অয়"
আমি মনে করেছিলাম আজকে গাড়ি চলবে না,আঁই মনে গইজ্জিলাম আজিয়ে গারি ন চলিবু
হাত থেকে পড়ে কাপটা ভেঙে গেল,আতুত্তুন ফরি হাপ ইবে ভাঙি গেইয়্যি
"আপনি একটু শান্ত হন, বাস ১০ মিনিটের মধ্যে ছেড়ে দেবে","অঁনে এক্কানা শান্ত অন, বাস ১০ মিনিটুর মধ্যে ছারি দিবু"
"মাংস বেশি নিস না, ওপর থেকে অল্প নে","গুস্ত বেশি ন লইস, উদ্দিত্তুন এক্কানা গরি ল"
সারাদিন অফিসে কাজ করে বাড়ি ফিরলে শরীর আর চলতে চায় না,আরাদিন অফিসুত হাজ গরি বারি ফিরিলি শরীল আর চইলতো ন চায়
"এটা করা একদম ঠিক হবে না, তুমি আরেকবার চিন্তা করে দেখো","ইয়েন গরন একদম ঠিক ন অইবু, তুঁই আরেকবার চিন্তে গরি সো"
"টাকা বেশি লাগবেনা, আমরা বেশি দুরে যাব না","টিয়া বেশি ন লাগিবু, আঁরা বেশি দুরে ন যাইয়্যুম"
মাছ কিনলে অবশ্যই আসার সময় কেটে নিয়ে আসবেন,মাছ কিনিলি অবশ্যই আইবের সমত হাডি লই আইবেন
আম্মু বলছে তোকে আর আন্টিকে একদিন বেড়াতে আসতে,আম্মু হদ্দে তুরে আর আন্টি রে একদিন বেরাইতো আইবের লাই
আপনি তো আমার থেকেও আপনার মেয়েকেই বেশি দেখতে পারেন,অঁনে তো আত্তুন ও অঁনোর মেইফুওয়ারেই বেশি দেইত ফারন
তুই আমার চাকর হয়ে আমার মুখের ওপর কথা বলিস!,তুই আঁর চঅর অইয়্যিরে আঁর মুখুর উদ্দি হতা হস!
সামনের সপ্তাহে কক্সবাজার বেড়াতে যাব,সামনুর সপ্তাত কক্সবাজার বেরাইতাম যাইয়্যুম
পরিচিত বললে আপনারা আরো দাম বেশি রাখেন,পরিচিত হইলি অঁনেরা আরো দাম বেশি রাহন
"আমার জন্য যে পিঠাগুলো বানিয়েছেন, সেগুলো ফ্রিজে রেখে দেন","আঁর লাই যে পিডেগিন বানাইয়্যুন, এগিন ফ্রিজুত রাহি দন"
আমার পরিবার আমার দিকে তাকিয়ে আছে,আঁর পরিবার আঁর মিক্কে চাই থেইক্কি
ল্যাপটপের সাথে গ্যারান্টি কার্ডটাও দিয়ে দেন,ল্যাপটপুর লগে গ্যারান্টি কার্ড ইয়েনও দি দন
"কি কাপড় দিছেন ভাই, একবার ধোয়ার পর রঙ উঠে গেছে","কি হর দিয়্যুন বদ্দা, একবার ধু'অনুর পর রঙ উডি গেইয়্যি"
"আমাদের বাসায় একটা বড় টিভি আছে, সবাই একসঙ্গে খেলা দেখব","আঁরার বাসাত বরো টিভি আছে, বিয়াজ্ঞুন একলগে খেলা চাইয়্যুম"
"বল আস্তে মারিস, আমার পায়ে অনেক ব্যথা","বল আস্তে মারিস, আঁর টেং উত বৌত ব্যথা"
আজ রিয়াল মাদ্রিদের খেলা আছে রাতে,আজিয়ে রিয়াল মাদ্রিদুর খেলা আছে রাতিয়ে
"ছোটবেলায় আল্লাহর কাছে দোয়া করতাম, যেন বন্যা এসে স্কুল ডুবিয়ে দেয়",গুরো থাকতে আল্লাহর হাছে দোয়া গইত্তাম যেন বন্যা আই স্কুল ডুফোই দেই
"আমার নাস্তা করার সময় নেই, তুমি নাস্তাগুলো একটা টিফিনে করে দিয়ে দাও","আত্তুন নাস্তা গরিবের সময় নেই, তুঁই নাস্তা এগিন উজ্ঞো টিফিন গরি দি দও"
তুমি যেকোনোভাবে আজকের মধ্যেই কাগজে সই করে নাও,তুঁই যেহনোভাবে আজিয়ের মধ্যেই হাগজুত সই গরি লও
আমরা নতুন ব্রিজ দিয়ে না গিয়ে টানেল দিয়ে যাব,আঁরা নতুন ব্রিজ দি ন যাই টানেল দি যাইয়্যুম
"অফিসের নতুন কলিগটা অনেক মিশুক, সবার সঙ্গে খুব তাড়াতাড়ি মিশে যাচ্ছে","আফিসুর নতুন কলিগ ইবে বৌত মিশুক, বিয়াজ্ঞুনুর লগে বৌত তারাতারি মিশি যার"
"ম্যাম, আমার মা অসুস্থ, তাই গতকাল আসতে পারিনি","ম্যাম, আঁর মা অসুস্থ, এতেল্লে গত হালিয়ে আইত ন পারি"
"আমাদের বাস সামনের মসজিদে কিছুক্ষণ থামবে, যারা নামাজ পড়তে চান তারা পড়ে ফেলতে পারেন","আঁরার বাস সামনুর মসইদুত হতক্ষন থিয়েইবু, যারা নামাজ ফইত্তু চন ইতারা ফরি ফেলাইত ফারিবে"
"জুতা গুলো যদি না পরিস, তাহলে কাউকে দিয়ে দিতে পারিস না?","জুতা এগিন যদি ন ফরুস, তইলি কিয়ারে দিই ফেলাইত ন ফারুস?"
"আমার কাজ আছে, আমি এখন করতে পারব না","আত্তুন হাম আছে, আঁই এহন গরিত ন পাইজ্জুম"
সেন্ট মার্টিন যাওয়ার জন্য টেকনাফ থেকে জাহাজ সকালে কখন ছাড়ে?,সেন্ট মার্টিন যাইবের লাই টেকনাফ উত্তুন জাচ বেইন্নে হত্তে চারে?
এই ঈদে আমরা সব বন্ধুরা একরকম পাঞ্জাবি নিয়েছি,এই ঈদুত আঁরা বিয়াক বন্ধু একি রহম পাঞ্জাবি লই
"কিরে, তুই কি এখনো ঘুম থেকে উঠবি না?","কিরে, তুই কি এহনো ঘুমুত্তুন নো উডিবি?"
রক্তের সম্পর্কের টান সবচেয়ে বেশি হয়,রক্তোর সম্পর্কর টান বিয়াজ্ঞুনুত্তুন বেশি অয়
"পরীক্ষা একটা খারাপ হয়েছে তো কী হয়েছে, সামনেরগুলো ভালো করে দাও","পরীক্ষে উজ্ঞো হারাপ অইয়্যি তো কি অইয়্যি, সামনুর এগুন ভালা গরি দও"
আপনি কি আমার কথা শুনছেন?,অঁনে কি আঁর হতা উইনতে লাইজ্ঞুন?
"তুই একদম আমাকে ভুলে গেছিস, একটা কল পর্যন্ত দেস না","তুই এব্বেরে আঁরে ভুলি গেইয়্যুস, উজ্ঞো কল পর্যন্ত নো দস"
"তুমি যদি একা যাও, তাহলে রাতের বাসে যেও না","তুঁই যদি এহেল্লে যও, তইলি রাতিয়ের বাসুত ন যাইয়্যু"
আমার থেকে একবার নিলে বারবার নিতে মন চাইবে,আত্তুন একবার লইলি বারবার লইতু মন চাইবু
এত চিন্তা করলে মাথার চুল যা আছে সব পড়ে যাবে,এত চিন্তে গরিলি মাথাত চুল যা আছে বিয়াক পরি যাইবু
বেশি দুষ্টামি না করে প্যান্টটা পরে নাও,বেশি যারগই ন গরি ফেন ইবে পরি লও
"আমার বমি আসবে মনে হচ্ছে, তোর কাছে আচার আছে?","আত্তুন বুমি আইবু মনে অর, তোর হাছে আচার আছে?"
আমার যখন মন খারাপ থাকে তখন আমি উঠোনে পুকুরের পাশে বসে থাকি,আত্তুন যহন মন হারাপ থাহে তহন আঁই উডোনোত ফইরোর পাশে বই থাহি
"আমি খুঁজে পেয়েছি, তোমাকে আর খুঁজতে হবে না","আঁই তোওয়াই ফাই, তোঁয়াত্তুন আর তোওয়ান ফইত্তু নো"
"আচ্ছা ঠিক আছে, এসব নিয়ে আমি তোর সাথে তর্ক করতে চায় না","আইচ্ছে ঠিক আছে, এগিন লই রে আঁই তুর লগে তর্ক গইত্তাম ন চায়"
তোমার ভাইকে বলিও আমাকে কিছু টাকা ধার দিতে,তোঁয়ার ভাইরে হইয়্যো আঁরে কিছু টিয়া উধোর দিতো
"অন্য কেউ হলে ১০০০ টাকা বলতাম, আপনাকে দেখে কম বললাম","অন্য কিয়াই অইলি ১০০০ টিয়া হইতাম, অঁনোরে দেহি হম হইলাম"
"গ্যাস শেষ হয়ে গেছে, তাই এখন মাটির চুলায় রান্না করতে হবে","গ্যাস শেষ অই গেইয়্যি, এতেল্লে এহন মেডির চুলোত রান্না গরন ফরিবু"
"তোর স্বভাব-চরিত্র আমার ভালো লাগছে না, দিন দিন খারাপ হয়ে যাচ্ছিস","তোর হাস্তা-হাসিলত আত্তুন গম ন লার, দিন দিন হারাফ অই যর"
ফুটবলে রোনালদোর অনেক ভক্ত আছে,ফুটবলুত রোনালদোর বৌত ভক্ত আছে
সারাদিন কম্পিউটারে বসে বসে কী করো?,আরাদিন কম্পিউটারোত বই বই কি গরো?
মার খেতে না চাইলে রাতে জলদি ঘুমিয়ে যাস,মাইর হাইতু ন চাইলি রাতিয়ে হারা ঘুমাই যাইস
বিশ্ববিদ্যালয়ে পড়ে মানে মেয়ে অনেক বড় হয়ে গেছে,বিশ্ববিদ্যালয় উত পরে মানি মেইফুওয়া বৌত বরো অই গেইয়্যি
তোর জন্য মেয়ে খুঁজতে খুঁজতে আমরা সবাই বিরক্ত হয়ে গেছি,তোর লাই মেইফুওয়া তোওয়াতে তোওয়াতে আঁরা বিয়াজ্ঞুন বিরক্ত অই গেই
মানুষ নাকি দাঁত থাকতে দাঁতের মর্যাদা বুঝে না,মানুষ বলে দাত থাইকতে দাতোর মুইল্য ন বুঝে
ঢাকায় গিয়ে তো আমাদেরকে ভুলে গেছিস,ঢাহাত যায় রে তো আঁরারে ভুলি গেইয়্যুস
রাস্তায় জ্যাম হলে পাঠাও করে চলে আসো,রাস্তাত জ্যাম অইলি পাঠাও গরি চলি আইয়্যু
"স্যার, আমি কি আসতে পারি?","স্যার, আঁই কি আইত পারি?"
ভুল কি আমি একা করেছি?,ভুল কি আঁই এহেল্লে গইজ্জি?
আপনি কোন চিন্তা করিয়েন না,অঁনে হনো চিন্তে নগইজ্জোন
"তারা যতই চেষ্টা করুক না কেন, আমরা থামব না","ইতারা যতই চেষ্টা গরক না কেন, আঁরা ন থাইম্মুম"
"ভাই, গাড়ি অন্য রাস্তা দিয়ে নিয়ে যান, শুনেছি এই রাস্তায় নাকি চোর-ডাকাতের ভয় আছে","বদ্দা, গারি অন্য রাস্তা দি লই যন, উইন্নি এই রাস্তাত নাকি চোর-ডাহাইতুর ডর আছে"
"কিরে, কী হয়েছে তোমার! তুমি কি আমার কোনো কথায় রাগ করেছো?","কিরে, কেন অইয়্যিদে তোঁয়াত্তন! তুঁই কি আঁর হনো হতাত গুসসা অইয়্যু?"
তুই তো দেখছি আমাদের গণিত স্যারের মতো বন্যার মধ্যেও ক্লাসে চলে আসছিস,তুই তো দেহির আঁরার গণিত স্যারোর মতন বন্যার মধ্যেও ক্লাসুত চলি আইসসুছ
বাংলাদেশ অনেক আর্জেন্টিনার সাপোর্টার আছে,বাংলাদেশুত বৌত আর্জেন্টিনার সাপোর্টার আছে
"এগুলো ব্যবসার টাকা ভাই, এগুলো ধার দিতে পারব না","এগুন ব্যবসার টিয়া ভাই, এগুন উধোর দিত পাইত্তাম ন"
"তোকে বলেছিলাম জিনিস কম আনতে, এখন এত ভারী ব্যাগ নিয়ে পাহাড়ে উঠব কীভাবে?","তোরে হইলাম দে জিনিস হম আনিবের লাই, এহন এল্লেত ভারী ব্যাগ লই ফা'রুত উইট্টুম কেনে?"
শরৎকালের আকাশে সাদা মেঘের ভেলা দেখে মন ভালো হয়ে যায়,শরৎহালে আকাশুত সাদা মৌলোর ভেলা দেহি মন ভালা অই যায়
"ওইদিকে আগুন লেগেছে মনে হয়, অনেক ধোঁয়া উঠছে","ওনদি অইন লেইজ্ঞি মনে অয়, বৌত ধুওয়ো উডের"
"তুমি ঘুমাতে যাও, আজকে আমি পরিষ্কার করে দিচ্ছি","তুঁই ঘুমাইতো যও, আজিয়ে আঁই সাফ গরি দির"
কাজ না হলে টাকা ফেরত দিব,হাম ন অইলি টিয়া ফেরত দিয়্যুম
আমরা অনেক মানা করার পরও ড্রাইভার গাড়ি স্লো করেনি,আঁরা বৌত মানা গরনুর পরও ড্রাইভার গারি স্লো ন গরে
"সমস্যা নাই, আমি তোমার জন্য অপেক্ষা করব","সমস্যা নাই, আঁই তোঁয়ার লাই অপেক্ষা গইজ্জুম"
"আমাদের আগে থেকে হোটেল বুক করে ফেলতে হবে, না হলে ওখানে গিয়ে ঝামেলায় পড়ে যাব","আরাত্তুন আগুত্তোন হোটেল বুক গরি ফেলন ফরিবু, নইলি এনডে যাই ঝামিলেত ফরি যাইয়্যুম"
কুয়াশা এত বেশি যে সামনে কী আছে কিছু বোঝা যাচ্ছে না,হুয়া এত বেশি দে সামনে কি আছে কি আছে কিছু বুঝা ন যার
"কিরে, তোর শরীর থেকে এত গন্ধ বের হচ্ছে কেন?","কিরে, তোর গা'আত্তুন এল্লেত গন্ধ কা বাইর অর?"
"ছোলার ডাল আর আনিও না, খেয়ে আমার পেট খারাপ হয়ে গেছে","চনাড্ডেইল আর ন আইন্নো, হাইয়্যিরে আঁর পেট হারাফ অই গেইয়্যি"
কেমন আছিস বন্ধু? ঢাকা থেকে কখন আসছোস?,কেন আছোস বন্ধু? ঢাহাত্তুন হত্তে আইস্যুস?
ঘরে শান্তি না থাকলে কি আর কোনো কিছু ভালো লাগে?,ঘরুত শান্তি ন থাহিলি কি আর হনো কিছু ভালা লাগে?
"বাসে ঘুমানো ভালো না, টাকা-পয়সা আর ব্যাগ চুরি হয়ে যেতে পারে","বাসুত ঘুম যন ভালা ন, টিয়া-ফুইশে আর ব্যাগ চুরি অই যাইত পারে"
সিএনজি নিয়ে মুরাদপুর থেকে নিউ মার্কেটে গেলে ভাড়া কত পড়বে?,সিএনজি লই মুরাদপুর উত্তুন নিউ মার্কেটুত গেলি ভারা হতো ফরিবু?
তোর বাবা নাকি আরেকটা বিয়ে করছেন? ঘটনাটা কি সত্যি?,তোর বাফ বলে আরেকগো বিয়ে গইজ্জি? ঘটনা ইয়েন কি সত্যি?
"এবার ঈদের বাজার জহুর মার্কেট থেকে করব, ওখানে জিনিস একটু সস্তা দামে পাওয়া যায়","এবার ঈদুর বাজার জহুর মার্কেটুত্তুন গইজ্জুম, এনডে জিনিস এক্কানা অস্তা দামে পা যায়"
সারাদিন বন্ধুদের সাথে ঘুরাঘুরি করলে পড়ালেখা কখন করবে?,আরাদিন বন্ধু অক্কলোর লগে ঘুরাঘুরি গরিলি পরালেহা হত্তে গরিবে?
"আপনি যে দাম বলেছেন, আমার মুখ দিয়ে তো আর কথা বের হচ্ছে না","অঁনে যে দাম হইয়্যুন, আঁর মুখুদ্দি তো আর হতা বাইর ন অর"
"এটা আমার বন্ধুর দোকান, সবাই এখান থেকে বাজার করিস","ইয়েন আঁর বন্ধুর দোয়ান, বিয়াজ্ঞুন এত্তুন বাজার গরিস"
আপনাদের অনলাইন শপে অর্ডার করেছিলাম কিন্তু তিন দিন পরেও ডেলিভারি পাইনি,অঁনোরার অনলাইন শ'পুত অর্ডার গইজ্জিলাম কিন্তু তিন দিন পরও ডেলিভারি ন পাই
জুতাগুলো পাপোসের উপর রাখো,জুতা এগিন ফাফোসুর উদ্দি রাহো
"কিছুদিন কাপড় ধুতে হয়নি, তাই গায়ের ব্যথা একটু কমেছে","কিছুদিন হর ধুঅন ন পরে, এতেল্লে গা'আর ব্যথা এক্কানা হইম্মি"
স্বভাব চরিত্র তো সব তোর ভাইয়ের মতো হয়েছে,হাস্তা হাসিলত তো বিয়াক তুর ভাইয়ুর মতন অইয়্যি
আজকে নিউ মার্কেট থেকে একটা পাঞ্জাবি কিনেছি,আজিয়ে নিউ মার্কেটুত্তুন উজ্ঞো পাঞ্জাবি কিন্নি
"আগামীকাল থেকে হরতাল, সেজন্য গাড়ি চলবে না","হালিয়েত্তুন অরতাল, এতেল্লে গারি ন চলিবু"
"কুকুর এটা অনেক দৌড়াতে পারে, সবার আগে চলে যাবে এটা","কুত্তো ইবে বত দূরিত পারে, বিয়াজ্ঞুনুর আগে চলি যাইবু ইবে"
"আপু, আমার চুলটা একটু বেঁধে দাও না","আফা, আঁর চুলগিন এক্কানা বাধি দও না"
পাহাড়ে বেশি ওপরে ওঠা ঠিক হবে না,ফা'রুত বেশি উরে উডন ঠিক ন অইবু
"খেলায় হার-জিত থাকে, তাই বলে মন খারাপ করে থাকবে?","খেলাত হার-জিত থাহে, তাই বলি মন হারাপ গরি থাহিবে?"
তার কথা মনে পড়লে আমার বুকটা একদম ভারী হয়ে যায়,তার হথা মনত ফরিলি আঁর বুক ইয়েন একদম ভারী অই যায়
"আমার বাড়ি পাশের গ্রামে, আমি মনজুর ভাইয়ের সঙ্গে দেখা করতে এসেছি","আঁর বারি পাশুর গ্রামুত, আঁই মনজুর ভাইয়্যুর লগে দেহা গইত্তাম আইসসি"
"দোকান আরেকটায় দেখেছি দাম অনেক কম, তুমি এত বেশি কেন নিচ্ছো?","দোয়ান আরেক্কান উত চাইলাম দাম বৌত হম, তুঁই এল্লেত বেশি কা লর?"
"লোকাল বাসে উঠলে এই সমস্যা, জায়গায় জায়গায় দাঁড়িয়ে থাকে","লোকাল বাসুত উডিলি এই সমস্যা, জাগাত জাগাত থিয়েই থাহে"
"আমারগুলো একদম টাটকা সবজি, কিছুক্ষণ আগেই ক্ষেত থেকে এনেছি","আঁর এগিন একদম টাটকা সবজি, এক্কানা আগেই ক্ষেতিত্তুন এইন্নি"
এই গরমের দিনে বেশি করে পানি পান করুন এবং যথাসম্ভব বাইরের রোদ এড়িয়ে চলুন,এই গরোমর দিনোত বেশি গরি পানি হন আর যেদ্দুর পারন বাদ্দির রইদুত্তুন দূরে থাহন
"শুরুতে সবকিছু ঠিক ছিল, এখন আস্তে আস্তে সবকিছু কেমন জানি হয়ে যাচ্ছে","শুরুদ্দি বিয়াক কিছু ঠিক আছিল, এহন আস্তে আস্তে বিয়াক কিছু কেন জানি অই গেইয়্যি"
দারোয়ানের ভাব দেখে মনে হচ্ছে যেন বাসার মালিক,দারোওয়ানুর ভাব দেহি মনে অদ্দে যেন বাসার মালিক
"এরা নৌকা ভাড়া বেশি চাচ্ছে, চল আমরা অন্য নৌকা দেখি","ইতারা নৌকো ভারা বেশি চার, চল আঁরা অন্য নৌকো চায়"
"আজকে আর কোনো ঢাকার বাস বাকি নেই, সবগুলো চলে গেছে","আজিয়ে আর হনো ঢাহার বাস বাকি নেই, বিয়াজ্ঞিন চলি গেইয়্যি"
"প্রতিদিন সকালে উঠে চিন্তা করি যে আজকে সারাদিন অনেক কাজ করব, কিন্তু কাজের কাজ কিছুই হয় না","ফইত্তুদিন বেইন্নে উডি চিন্তে গরিদি আজিয়ে আরাদিন বৌত হাম গইজ্জুম, কিন্তু হাজুর হাজ কিছুই ন অয়"
"এটা কি একদাম, নাকি কম হবে?","ইবে কি একদাম, নাকি হম অইবু?"
"ভাই, এটা একদম অরিজিনাল গার্মেন্টসের মাল","বদ্দা, ইবে একদম অরিজিনাল গার্মেন্টস উর মাল"
"আমি আপাতত এতটুকু লিখলাম, যদি সময় থাকে বাকি শব্দগুলোও লিখব","আঁই আপাতত এদ্দুর লেহিলাম, যদি সময় থাহে বাকি শব্দ এগুনও লেইক্কুম"
শীতের সকালে ভোরবেলা উঠে নামাজ পড়তে যাওয়া সত্যিই অনেক কঠিন কাজ,শীতুর সকালে ফুওয়াত্তে উডি নামাজ ফইত্তু যন সত্যিই বৌত কঠিন হাজ
"কোনো সমস্যা হয়ে থাকলে আমাকে বলতে পার, আমি তোমাকে সাহায্য করব","হনো সমস্যা অই থাহিলি আঁরে হইত পারো, আঁই তোঁয়ারে সাহায্য গইজ্জুম"
"আজকে সেহরি খাওয়ার জন্য উঠতে পারিনি, সেজন্য কিছু না খেয়ে রোজা রেখেছি","আজিয়ে সেহেরি হাইবের লাই উঢ়িত ন ফারি, এতেল্লে কিছু ন হাই রোজা রাইক্কি"
"ভাই, রাস্তায় এত জোরে হর্ন দেবেন না, আশেপাশের মানুষজন বিরক্ত হচ্ছে","বদ্দা, রাস্তাত এল্লেত জোরে অরন ন দিবেন, আশেপাশুর মানুষজন বিরক্ত অর"
"খালাম্মা নাকি বেড়াতে গেছেন, আমার সাথে যেতে পারবেন না","হালাম্মা বলে বেরাইতু গেইয়্যি, আঁর লগে যাইত ন ফারিবু"
আমার তাড়াতাড়ি কিছু একটা করতে হবে,আত্তুন তারাতারি কিছু এক্কান গরন ফরিবু
তোর শাশুড়ি তো ফোন ধরে না,তুর অরি তো ফোন ন ধরে
মেহমানদের বারান্দায় বসতে দাও এবং দরজার পর্দাটা টেনে দাও,মেমান অক্কলোরে বারান্দাত বইসতো দ আর দরজার পর্দাগান টানি দ
বাগানের কিছু কাজ এখনো বাকি আছে,বাগানোর কিছু হাম এহনো বাকি আছে
তোমার কথা শুনে আমার বুকে ব্যাথা শুরু হয়ে গেছে,তোঁয়ার হতা উনি রে আঁর বুকোত ব্যাথা শুরু অই গেইয়্যি
"মা, আমার জামাটা একটু ইস্ত্রি করে রাখো, কাল পরতে হবে","মা, আঁর হুত্তা ইবে এক্কানা ইস্ত্রি গরি রাহো, হালিয়ে পরন ফরিবু"
কাজের চাপ বেশি ছিল বলে তোমার ফোন ধরতে পারিনি,হাজুর চাপ বেশি আছিল দি এতেল্লে তোঁয়ার ফোন ধরিত ন ফারি
"আচ্ছা তুমি কাজ শেষ কর, আমি বাইরে অপেক্ষা করছি","আইচ্ছে তুঁই হাজ শেষ গরো, আঁই বাদ্দি অপেক্ষা গরির"
কি হয়েছে! কি হয়েছে জানিস না?,কি অইয়্যি দে! কি অইয়্যি দে ন জানোস?
এখানের দোকানদারগুলো সব সিন্ডিকেট,এনডের দোয়ানদার এগুন বিয়াক সিন্ডিকেট
যাওয়ার সময় আমাকে কিছু বলে যায়নি,যাইবের সমত আঁরে কিছু হই ন যায়
পরিশ্রম ছাড়া শুধু ভাগ্যের উপর ভরসা করে বসে থাকলে জীবনে কিছুই হয় না,পরিশ্রম ছারা উধো ভাইগ্যোর উদ্দি ভরসা গরি বই থাহিলি জীবনুত কিছুই ন অয়
সুলতান'স ডাইন থেকে কাচ্চি না খাওয়ালে আমার মন ভালো হবে না,সুলতান'স ডাইন উত্তুন কাচ্চি ন হাওয়াইলি আঁর মন ভালা অইতু নো
প্রতি বছর নদী ভেঙে অনেক ঘরবাড়ি নদীতে চলে যায়,ফইত্তু বছর দইজ্জে ভাঙি বৌত ঘরবারি দইজ্জেত চলি যায়
আমার মাথায় একটা বুদ্ধি আসছে,আঁর মাথাত এক্কান বুদ্ধি আইসসি
দীর্ঘদিন পর আপনাকে দেখে সত্যিই খুব ভালো লাগল,বৌতদিন পর অঁনোরে দেহি সত্যিই বৌত ভালা লাইজ্ঞি
"শুনলাম যারা সমুদ্রে মাছ ধরতে যায়, তাদেরকে অনেক সময় ডাকাতের কবলে পড়তে হয়","উইন্নি যারা সাগরুত মাছ ধইত্তো যায়, ইতারারে বৌত সময় ডাহাইতুর কবল উত ফরন ফরে"
"এটা আমার জন্য নিয়েছি, এটা আমি কাউকে দেব না","ইবে আঁর লাই লই, ইবে আঁই কিয়ারে দিতাম নো"
তোমার মন খারাপের কারণ জানতে পারি?,তোঁয়ার মন হারাপুর হারন জানিত পারি?
"ভাত খেয়েছিলাম অনেক আগে, কিন্তু এখনো হজম হচ্ছে না","ভাত হায়লাম বৌত আগে, কিন্তু এহনো অজম ন অর"
এরকম রোদে বের হলে কালো হয়ে যাব,এরহম রইদোত বাইর অইলি হালা অই যাইয়্যুম
তোমার দিনকাল কেমন যাচ্ছে?,তোঁয়ার দিনহাল কেন যার?
আমাদেরকে বিপদের সময় ভেঙে না পড়ে সবর করতে হবে,আরাত্তুন বিপদুর সমত ভাঙি ন পরি সবর গরন ফরিবু
"ঝাল অনেক বেশি হয়েছে, একটু পানি দাও","ঝাল বৌত বেশি অইয়্যি, এক্কানা পানি দ"
তুই এত জলদি চলে যাচ্ছিস কেন? শরীর ঠিক আছে?,তুই এতো জলদি কা চলি যর? শরীল ঠিকাছে?
"রাগ আমারও আসে, কিন্তু আমি নিয়ন্ত্রণ করতে পারি","গুসসা আত্তুনও আইয়্যি, কিন্তু আঁই নিয়ন্ত্রন গরিত পারি"
কালো রঙের থ্রি-পিস তোমাকে অনেক মানাবে,হালা রঙ উর থ্রি-পিস তোঁয়ারে বৌত মানাইবু
"একবার ঘাড়ে অনেক ব্যথা পেয়েছিলাম, প্রায় এক সপ্তাহ হাসপাতালে ছিলাম","একবার ঘেঢ়িত বৌত দুখ পায়লাম, প্রায় এক সপ্তাহ হাসপাতালুত আছিলাম"
জমিদার আংকেল বলছে ব্যাচেলর ভাড়া দেবে না,জমিদার আংকেল হইয়্যি ব্যাচেলার ভারা দিতু ন
তুমি একটু মামুনের সাথে যাও,তুই এক্কানা মামুনোর লগে যো
"শসাগুলোর দাম বেশি বলেছেন, আরেকটু কমিয়ে রাখেন","শসা এগুনুর দাম বেশি হইতে হইয়্যুন, আরেক্কানা হমাই রাহন"
দরজা খুলে দেখি একটা সুন্দরী মেয়ে দাঁড়িয়ে আছে,দরজা খুলি দেহি উজ্ঞো সুন্দরী মেইফুওয়া থিয়েই আছে
ছোটবেলায় আম্মু মাথায় তেল দিয়ে চুল আঁচড়ে দিতেন,গুরো থাকতে আম্মু মাথাত তেল দি চুল আঁচুরি দিতো
কি হয়েছে? চুপ করে কেন আছো?,কি অইয়্যি দে? চুপ গরি কা আছো?
"আমি বাইরে বের হই না অনেক দিন, ডাক্তার বারণ করেছিলেন","আঁই বাদ্দি বাইর ন অইর বৌত দিন, ডাক্তার মানা গইজ্জিল"
আজ থেকে তুমি প্রতিদিন সকালে হাঁটতে বের হবে,আজিয়েত্তুন তুঁই ফইত্তুদিন বেইন্নে আইট্টো বাইর অইবে
কতগুলো নতুন কাপড় নিতে হবে,হদোজ্ঞুন নতুন হর লন ফরিবু
মানুষটা সারাদিন মাঠে কাজ করে,মানুষ ইবে আরাদিন মাঢ়োত হাজ গরে
ব্যবসা করতে চাইলে অভিজ্ঞতা লাগে,ব্যবসা গইত্তো চাইলি অভিজ্ঞতা লাগে
ওকে দেখে আমার চোরের মতো লাগে,ইতেরে দেহি আত্তুন চোরুর মতন লাগে
"তুমি চিন্তা করো না, আমার ফোন বন্ধ হয়ে গিয়েছিল","তুঁই চিন্তে ন গইজ্জো, আঁর ফোন বন্ধ অই গেইয়্যিল"
"আমার খালাতো ভাই মিজান অনেক দুষ্টু, ছোটবেলায় ওর সাথে অনেক ঝগড়া হতো","আঁর হালতু ভাই মিজান বৌত জারগো, গুরো থাকতে ইতের লগে বৌত হইজ্জে অইতু"
"আবহাওয়া আজ একটু ঠাণ্ডা, এডজাস্ট করতে না পারলে জ্যাকেটটা পরে নিলে ভালো হয়","আবাহাওয়া আজিয়ে এক্কানা ঠাণ্ডা, এডজাস্ট গরিত ন পারিলি জ্যাকেট ইবে পরি লইলি ভালা অই"
শীতকালের দিন তাড়াতাড়ি চলে যায়,শীতহাইল্লে দিন তারাতারি চলি যায়
"এত ভালো একটা চাকরি পেয়েছি, মনে হচ্ছে ভাগ্য আজকে আমার পক্ষে ছিল","এল্লেত ভালা এক্কান চঅরি পায়, অনে অদ্দে ভেগ্য আজিয়ে আঁর পক্ষে আছিল"
হাঁস গুলোর দাম কত ভাই?,আঁস এগুনোর দাম হত বদ্দা?
ছোটবেলায় প্রতিদিন রাতে আব্বু আমাদেরকে গল্প শোনাত,গুরো থাকতে ফইত্তুদিন রাতিয়ে আব্বু আঁরারে গল্প উনাইতু
এবার আমার ঘাড় থেকে একটু নিচে নামো,এবার আঁর ঘেঢ়িত্তুন এক্কানা নিচে নামো
"আমার পরিচিত মানুষ আছে, আমি তাদের সাথে কথা বলব","আত্তুন পরিচিত মানুষ আছে, আঁই ইতারার লগে হতা হইয়্যুম"
হতাশ হয়ে বসে না থেকে কাজ কর,হতাশ অইয়্যিরে বই ন থাহি হাম গরো
কী ব্যাপার! আজ এত সেজেগুজে কোথায় যাচ্ছিস?,কী ব্যাপার! আজিয়ে এত সাজিগুজি হনডে যর?
আমাদের ঘরে অনেক বড় একটা কুকুর ছিল,আঁরো ঘরুত বৌত বরো উজ্ঞো কুত্তো আছিল
"সবকিছুর শুরু যেমন আছে, শেষও তেমনই আছে","বিয়াক কিছুর শুরু যেল্লেত আছে, শেষও এল্লেত আছে"
খাওয়ার পর থালাবাসন ধোয়ে রান্নাঘরটা পরিষ্কার করে রাখিও,হন'উর পর বাসনহুটারা ধুয় রে বসহানা ইয়েন পরিষ্কার গরি রাইক্কো
"এত টাকা খরচ করে বিদেশ ঘুরতে যাওয়ার দরকার নেই, আমরা দেশে কোনো একটা সুন্দর জায়গায় ঘুরে আসতে পারি","এতো টিয়া হরচ গরি বিদেশ ঘুইত্তো যাইবের দরহার নেই, আঁরা দেশুত হনো এক্কান সুন্দর জাগাত ঘুরি আইত ফারি"
বৃষ্টিতে ভিজে ঘরে গেলে আম্মু অনেক বকা দেবে,ঝরুত ভিজি ঘরুত গেলি আম্মু বৌত বকা দিবু
আপনি ভালো আছেন ম্যাম? ,অঁনে গম আছন ম্যাম?
"আমার কোন দোষ নাই, এটা আমি করি নাই","আঁর হনো দোষ নাই, ইয়েন আঁই ন গরি"
এখন সন্ধ্যা হয়ে গেছে,এহন আজুইন্নে অই গেইয়্যি
"ভাইয়া, এগুলো একদম ফ্রেশ তরকারি, কোনো ফরমালিন দিইনি","বদ্দা, এগিন একদম ফ্রেশ তরহারি, হনো ফরমালিন ন দিই"
ঢাকা থেকে খুলনা যেতে ট্রেনে এবং বাসে কোনটায় কম সময় লাগে?,ঢাহাত্তুন খুলনা যাইতে ট্রেনুত এবং বাসুত হন্নানুত হম সময় লাগে?
এই মেয়েটা তোকে পছন্দ করে মনে হয়,এই মেইফুওয়া ইবে তোরে পছন্দ গরে মনে অয়
এত কষ্ট পাওয়ার পরও কেন মানুষ প্রেমে পড়ে?,এদিজ্ঞিন হষ্ট ফাইবের পরও কেনে মাইনষে প্রেমুত পরে?
তোমার আব্বুর দিকে তাকিয়ে তোমাকে মাফ করে দিলাম,তোঁয়ার আব্বুর মিক্কে চায় তোঁয়ারে মাফ গরি দিলাম
"বেশি কিছু হয়নি, শুধু পায়ে একটু ব্যথা পেয়েছি","বেশি কিছু নো অয়, উধো টেং উত এক্কানা দুখ পায়"
"প্রেম করিও না, প্রেম করলে তোমার সুন্দর জীবনটা নষ্ট হয়ে যাবে","প্রেম ন গইজ্জো, প্রেম গরিলি তোঁয়ার সুন্দর জীবন ইয়েন নষ্ট অই যাইবু"
"আমি একা যেতে পারব, সমস্যা নাই","আঁই এহেল্লে যাইত পাইজ্জুম, সমস্যা নেই"
"তুমি অনেক পরিবর্তন হয়ে গেছো, আমাকে আর আগের মতো ভালোবাসো না","তুঁই বৌত বদলাই গেইয়্যু, আঁরে আর আগোর মতন ভালো নবাসো"
"তোদের দুজনের মধ্যে কী সমস্যা, সবসময় ঝগড়া কেন করিস?","তুরা দুনুজনুর মাঝে কী সমাস্যা, সবসময় হইজ্জে কা গরস?"
কোনো কিছু করার আগে আমাদেরকে এখান থেকে বের হতে হবে,হনো কিছু গরিবের আগে আরাত্তুন এত্তুন বাইর অন ফরিবু
অনেক পড়া জমে আছে,বৌত পরা জমি আছে
আমার এখনো অনেক কাজ বাকি,আঁর এহনো বৌত হাম বাকি
"আচ্ছা ঠিকাছে, আমি উঠছি","আইচ্ছে ঠিকাছে, আঁই উডির"
"আমি গত সপ্তাহে এখান থেকে একটা শার্ট কিনেছিলাম, কিন্তু সেটা একবার ধোয়ার পরেই নষ্ট হয়ে গেছে","আঁই গত সপ্তাত এত্তুন উজ্ঞো শার্ট কিন্নিলাম, কিন্তু ইবে একবার ধুঅন পরেই নষ্ট অই গেইয়্যি"
"মা, খাওয়ার জন্য কি আছে?","আম্মু, হায়বের লাই কি আছে?"
"বন্যার পানিতে অনেক মানুষ মারা গেছে, আর অনেক ঘরবাড়ি ও ফসলের ক্ষতি হয়েছে","বন্যার পানিত বৌত মানুষ মারা গেইয়্যি, বৌত ঘরবারি আর ফসলুর হতি অইয়্যি"
বড় মাছটার দাম কত ভাই?,বরো মাছ ইবের দাম হতো বদ্দা?
"রান্নাঘরে ডেকচি পড়ার শব্দ হলো, মনে হয় বিড়াল ঢুকেছে","বসহানাত ডেকচি পরিবের আওয়াজ অইয়্যি, মনে অয় বিলেই ঢুইক্কি"
"কিরে বাটপার, তোর বাটপারি কেমন চলে?","কিরে বাটপার, তোর বাটপারি কেন চলের?"
তুই আরও অনেক খেলা দেখাবি,তুই আরো বৌত খেলা দেহাবি
"সামনে একজন মানুষ দেখতে পাচ্ছি, চল উনার কাছ থেকেই জিজ্ঞেস করি","সামনে উজ্ঞো মানুষ দেহির, চল ইবেত্তুনই ফুসর লই"
"আজকে ঈদের দিন, তাই ভাড়া ডাবল","আজিয়ে ঈদুর দিন, এতেল্লে ভারা ডবল"
শেষ কবে রোদ দেখেছি  মনে নেই আমার,শেষ হত্তে রইদ দেইক্কি মনত নেই আত্তুন
নিয়মিত দৌড়ানো স্বাস্থ্যের জন্য অনেক উপকারী,নিয়মিত দূরন স্বাস্থ্যর লাই বৌত উপকারী
"মাছের ঝোলে লবণ বেশি হয়ে গেছে, খাওয়া যাচ্ছে না","মাছুর সুরগোত নুন বেশি অই গেইয়্যি, হন ন যার"
এতদিন কোথায় ছিলে?,এতোদিন হনডে আছিলে?
"আমাকে এখন কিছু টাকা ধার দাও, আমি তোমাকে এক সপ্তাহ পরে দিয়ে দিব","আঁরে এহন কিছু টিয়া উধোর দও, আঁই তোঁয়ারে এক সাপ্তাহ পরে দি দিয়্যুম"
"আমার অফিসের একটা কাজে দেশের বাইরে যেতে হবে, তুমি একা ঘর সামলাতে পারবে তো?","আঁর অফিসুর এক্কান হাজে দেশুর বাইরে যন ফরিবু, তুঁই এহেল্লে ঘর সামলাইত ফারিবে তো?"
"এই বছর শীত অনেক দেরিতে এসেছে, ডিসেম্বর শেষ হয়ে গেলেও ঠান্ডা পড়েনি","এই বছর শীত বৌত দেরিত আইসসি, ডিসেম্বর শেষ অই গেলিও ঠান্ডা ন ফরে"
বিড়ালের কামড় খেলে সঙ্গে সঙ্গে ডাক্তারের কাছে যাওয়া উচিত,বিলের হঅর হাইলি সাথে সাথে ডাক্তারুর হাছে যন উচিত
"আপু, আমি তোমাকে অনেক বিরক্ত করছি","আফা, আঁই তোঁয়ারে বৌত বিরক্ত গরির"
আজ এত গরম যে রান্না করতে মন চাইছে না,আজিয়ে এত গরম যে রান্না গইত্তো মন ন চার
প্রতিদিনের হোমওয়ার্ক প্রতিদিনই শেষ করে ফেলবে,ফইত্তুদিনোর হোমওয়ার্ক ফইত্তুদিনই শেষ গরি ফেলাইবে
মুরগির ডাক শুনে ঘুম ভেঙ্গে গেছে,কুরোর ডাক উনি ঘুম ভাঙ্গি গেইয়্যি
মার্কেটে জিনিসপত্রের দাম আগুনের মতো,মার্কেটুত জিনিসপত্রর দাম অইনুর মতন
"ভাই, বাসের দরজাটা এবার বন্ধ করে দেন, মানুষ আর নেবেন না","বদ্দা, বাসুর দরজা ইয়েন এবার বন্ধ গরি দন, মানুষ আর ন লইয়্যুন"
আমার কথা মতো না চললে এই ঘর থেকে চলে যা,আঁর হতা মতন ন চিলিলি এই ঘরুত্তুন চলি যা
বাজার করে আসার সময় ৫০০ টাকার একটা নোট হারিয়ে ফেলেছি,বাজারুত্তুন আইবের সমত ৫০০ টিয়ার নোট এক্কান আঝাই ফেলাই
সকালে এতক্ষণ না খেয়ে থাকা ভালো না,বেইন্নে এতক্ষন ন হায় থাহন ভালা নো
সেটা কি আমার মন রাখার জন্য বলেছেন নাকি নিজের মন থেকেই বলেছেন,ইয়েন কি আঁর মন রাহিবের লাই হইয়্যুন নাকি নিজোর মনত্তুন হইয়্যুন
"একটু বসেন, দোকানদার ভাত খেতে গেছেন","এক্কানা বইয়্যুন, দোয়ানদার ভাত হাইতু গেইয়্যি"
"মুরগি কাটার সময় পাশে দাঁড়িয়ে থেকো, ওরা সুযোগ পেলে মাংস চুরি করে","মুরগি হাডিবের সমত ডাহুদ্দি থিয়েই থেইক্কো, ইতারা সুযোগ পাইলি মাংস চুরি গরে"
ঋণ নিয়ে ব্যবসা করতে গেলে ব্যবসায় উন্নতি করা যাবে না,হজ্জো লই ব্যবসা গইত্তো যাইলি ব্যবসাত উন্নাতি গরন যাইতু ন
বাসায় না পড়ে গেলে পরীক্ষার হলে আরেকজনের থেকে দেখে দেখে লিখতে হবে,বাসাত পরি ন গেলি পরীক্ষের হল উত আরেকজনুত্তুন সাই সাই লেহন ফরিবু
আজকে এত রোদ উঠেছে যে মাঠে কাজ করা কৃষকদের খুব কষ্ট হচ্ছে,আজিয়ে এল্লেত রইদ উইট্টি দে মাঢ়োত হাজ গরা কৃষক অক্কল উত্তুন বৌত হষ্ট অর
এত মজার বেগুন ভাজা আমি আগে কখনো খাইনি,এল্লেত মজার বেগুন ভাজা আঁই আগে হনোদিন ন হাই
"তুমি এখন বাহিরে যাও, আমার চোখের সামনে থেকে","তুঁই এহন বাইরে যও, আঁর চোখুর সামনুত্তুন"
"কাস্টমারের সাথে ভালোভাবে ব্যবহার করতে হবে, তাহলে বিক্রি বেশি হবে","কাস্টোমারুর লগে ভালাগরি বেবার গরন ফরিবু, তইলি বেছা বেশি অইবু"
"তুমি যখন আমার মাথায় হাত বুলিয়ে দাও, তখন আমার মন থেকে সব দুঃখ চলে যায়","তুঁই যহন আঁর মাথাত আত বুলাই দও, তহন আঁর মনোত্তুন বিয়াক দুখ চলি যায়"
তোর ছোট ভাই নাকি বিয়ে করেছে? তার এত জলদি বিয়ে হবে চিন্তা করিনায়,তুর ছোডো ভাই বলে বিয়ে গইজ্জি? ইতের এল্লেত তারাতারি বিয়ে অইবু ইয়েন চিন্তে নো গরি
"গরুটা দেখে তো মনে হয় না বয়স হয়েছে, দাম এত বেশি কেন চাচ্ছেন?","গরু ইবে দেহি তো মনে ন অর বয়স বেশি অইয়্যি, দাম এল্লেত বেশি কা চাইতে লেইজ্ঞুন?"
"স্যার, পরীক্ষার জন্য কোন কোন অধ্যায় পড়ে যেতে হবে?","স্যার, পরীক্ষের লাই হন হন অধ্যায় পরি যন ফরিবু?"
সিলেট কিন্তু ঢাকার থেকেও বেশি দূরে,সিলেট কিন্তু ঢাহাত্তুনও বেশি দুরে
"নিজের যদি টাকা থাকত, তাহলে কারো কাছ থেকে খুঁজতে হতো না","নিজুত্তুন যদি টিয়া থাইকতু, তইলি কিয়াত্তুন হুজন ন ফইত্তু"
তোমার সাথে ওর কাজ কি?,তোঁয়ার লগে ইবের হাম কি?
"যাদের মনে ময়লা আছে, তাদেরকে আমি পছন্দ করি না",যারার মনত হাছারা আছে ইতারারে আঁই পছন্দ ন গরি
"মায়ের সাথে থাকলে অনেক ঝগড়া হয়, কিন্তু মায়ের থেকে দূরে থাকলে তখন মায়ের কথা মনে পড়ে","মা'র লগে থাহিলি বৌত হইজ্জে অই, কিন্তু মা'ত্তুন দুরে থাহিলি তহন মা'র হতা মনত ফরে"
বাসে সিট খালি আছে? আমি দাঁড়িয়ে যেতে পারব না,বাসুত সিট হেইল্যে আছে? আঁই থিয়েই যাইত ফাইত্তাম নো
প্রতিবছর কুতুবদিয়া যাওয়ার সময় নৌকা ডুবে মানুষ মারা যায়,ফইত্তু বছর কুতুবদিয়ে যাইবের সমত নৌকো ডুফি মানুষ মরি যায়
"স্যার, আমার সিভিটা একটু দেখেন, আর কোথাও ভুল থাকলে ঠিক করে দিন","স্যার, আঁর সিভিগান এক্কানা সন, আর হনোমিক্কে ভুল থাহিলি ঠিক গরি দন"
"আলিফারা সবাই যাচ্ছে, তুই যাবি না?","আলিফা তারা বিয়াজ্ঞুন যার, তুই ন যাবি?"
"দুপুরে ভাত খেয়ে একটু ঘুমিয়েছিলাম, কিছুক্ষণ পর উঠে দেখি সন্ধ্যা হয়ে গেছে","দুইজ্জে ভাত হায় এক্কানা ঘুম গেইলাম, হতক্ষন পরে উডি দেহি আজুইন্নে অই গেইয়্যি"
বিকালের আগে কাজ শেষ করতে না পারলে টাকা দিব না,বিয়েলোর আগে হাম শেষ গরিত ন ফারিলি টিয়া দিতাম ন
"রাতের বাস জার্নি একটু বিপদজনক, তাই সাবধান থাকা উচিত","রাতিয়ের বাস জার্নি এক্কানা বিপদজনক, এতেল্লে সাবধান থাহন উচিত"
বাসে চড়তে না পারলে তোদেরকে টুরে যেতে বলল কে?,বাসুত চরিত ন ফারিলি তোরারে টুরুত যাইতু হইয়্যি হনে?
ছেলে মানুষ করা অনেক কঠিন,মরতফুওয়া মানুষ গরন বৌত কঠিন
নৌকার মাঝি গান গেয়ে গেয়ে নৌকা চালাচ্ছে,নৌকোর মাঝি গান গাই গাই নৌকো চলার
"বান্দরের মতো শুধু গাছে গাছে ঘোরে, কোনোদিন পরে হাত পা ভাঙবে কে জানে","বান্দরোর মতোন উধো গাছে গাছে ঘুরে, হনদিন ফরি আত টেং ভাঙিবু হনে জানে"
"ঝড়ের সঙ্গে প্রচুর পরিমাণে বাতাস, মনে হয় এবার বন্যা আসবে","ঝরুর লগে প্রচুর পরিমানে বাতাস, মনে অই এবার বন্যা অইবু"
চাকরি করার সিদ্ধান্ত কি ঠিক ছিল?,চঅরি গরিবের সিদ্ধান্ত কি ঠিক আছিল?
আমার কথা না শুনলে এমনই হবে,আঁর হতা ন উনিলি এরহমই অইবু
ঢাকা থেকে রাজশাহী যেতে ট্রেনে কত ঘণ্টা লাগে সাধারণত?,ঢাহাত্তুন রাজশাহী যাইতে ট্রেনুত হত ঘন্টা লাগে সাধারণত
"প্রথম প্রথম একটু ভয় পেয়েছিলাম, এখন আর ভয় লাগে না","ফইল্লে ফইল্লে এক্কানা ডরাইলাম, এহন আর ডর ন লাগে"
"যেভাবেই হোক, আমাদেরকে এই বিপদ থেকে বের হতে হবে","যেনগরি অক, আরাত্তুন এই বিপদ উত্তুন বাইর অন পরিবো"
কাপড়গুলো আমি এসে ধুব,হর এগিন আঁই আইরে ধুইয়্যুম
আমার তো উনার ক্লাস করলে ঘুম চলে আসে,আত্তুন তো ইবের ক্লাস গরিলি ঘুম চলি আইয়্যি
মুলা কেজি কত করে? আমাকে এক কেজি দেন,মুলো কেজি হত গরি? আঁরে এক কেজি দন
"তোর মনে যে এত ময়লা, সেটা আমি আগে বুঝতে পারিনি",তুর মনোত যে এদিজ্ঞিন হাচারা ইয়েন আঁই আগে ন বুঝি
আরে ভাই! তুই এখানে? আমি কি ঠিক দেখতাছি নাকি চোখের ভুল,আরে বদ্দা! তুই এনডে? আই কি ঠিক দেহির নাকি চখোর ভুল
মেয়েটা একদম তার মায়ের মতো হয়েছে,মেইফুওয়া একদম ইতির মা'র মতন অইয়্যি
আমার ভাগ্য ভালো যে তোর মতো একটা ভালো বন্ধু পেয়েছি,আঁর ভেগ্য ভালা দে তোর মতন উজ্ঞো ভালা বন্ধু পায়
"এই মাঠে কাদা বেশি, এখানে খেলা যাবে না","এই মাঢ়োত ফুট বেশি, এনডে খেলন যাইতু ন"
"মা, আমি এখন ভাত খাব না, তুমি খেয়ে নাও","আম্মু, আঁই এহন ভাত ন হাইয়্যুম, তুঁই হায় লও"
"মাঠে খুব বেশি রোদ, আমি এখন খেলব না","মাঢ়োত বৌত বেশি রইদ, আঁই এহন খেইলতাম ন"
"আমি রমিজের মা, রাতুলের দাদি","আঁই রমিজুর মা, রাতুলুর দাদি"
এগুলো তো ভাই সব পুরাতন মডেলের শার্ট,এগুন তো বদ্দা বিয়াক ফুরন মডেলুর শার্ট
"পুকুরের মাছগুলো মরে যাচ্ছে, ওষুধ দিতে হবে","ফইরোর মাছ এগুন মরি যার, ওষুধ দন ফরিবু"
তোমার বাড়ি কি কলেজের পাশে?,তোঁয়ার বারি কি কলেজুর পাশে?
"আমার দেরি হবে, তুমি চলে যাও","আত্তুন দেরি অইবু, তুঁই চলি যো"
বজ্রপাতের সময় খোলা মাঠে থাকা অনেক বিপজ্জনক,টাডাল ফরিবের সমত খোলা মাঢ়োত থাহন বৌত বিপজ্জনক
"একটু সাবধানে, মাছে অনেক কাঁটা","এক্কানা সাবধানে, মাছুত বৌত কেঢ়া"
সন্ধ্যার পর মার্কেট বন্ধ হয়ে যাবে,আজুইন্নের পর মার্কেট বন্ধ অই যাইবু
"আমি বাজারে যেতে পারব না, আমার অনেক কাজ বাকি আছে","আঁই বাজারুত যাইত ন পাইজ্জুম, আত্তুন বৌত হাম বাকি আছে"
খেজুরের রস দিয়ে ভাপা পিঠা খেতে সেই মজা,হাঁজুর রস দি ধু পিডে হাইতু সেই মজা
রুমের সাথে অ্যাটাচড ওয়াশরুম আছে কি না দেখতে হবে,রুমুর লগে এটাচ ওয়াশরুম আছেনা সন ফরিবু
সরকারি কলেজে টিকতে হলে রেজাল্ট অনেক ভালো করতে হবে,সরকারী কলেজুত টিকতু চাইলি রেজাল্ট বৌত ভালা গরন ফরিবু
কেমন আছেন?,কেন আছন?
অনলাইন থেকে একটা জামা অর্ডার দিয়েছি,অনলাইন উত্তুন উজ্ঞো হুত্তা অর্ডার দিই
"আজ অফিসে একটা ভুল হয়ে গেছে, বসকে কীভাবে বলব বুঝছি না","আজিয়ে অফিসুত এক্কান ভুল অই গেইয়্যি, বস উরে কেন গরি হইয়্যুম ন বুঝির"
যে সময়ের কাজ ঐ সময় শেষ করতে হবে,যেই সময়োর হাজ ঐ সময় শেষ গরন পরিবো
অজু করতে কি এক বালতি পানি লাগে!,ওজু গত্তে কি এক বালতি পানি লাগে!
বিদেশে দেখি কুকুরদের অনেক আদর করে,বিদেশুত দেহি কুত্তো অক্কলুরে বৌত আদর গরে
"দাঁড়িয়ে থেকো না, আমার দেরি হয়ে যাচ্ছে","থিয়েই ন থাইক্কো, আত্তুন দেরি অই যার"
"আমার বেশি মাথাব্যথা করছে, তাই আজকে মার্কেটে যাব না","আত্তুন বেশি মাথাব্যথা গরের, এতেল্লে আজিয়ে মার্কেটুত যাইতাম নো"
"লাভ কম, মাস শেষে দোকান ভাড়াও উঠে না","লাভ হম, মাস শেষে দোয়ান ভারাও ন উডে"
"এই দুনিয়াতে সবাই স্বার্থপর, খারাপ সময় আসলে বোঝা যায়","এই দুনিয়েত বিয়াজ্ঞুন স্বার্থপর, হারাপ সময় আইলি বুঝা যায়"
"সবকিছু সম্ভব, কিন্তু আমার মুখ দিয়ে মিথ্যা বের হওয়া সম্ভব না","বিয়াক কিছু সম্ভব, কিন্তু আঁর মুখ দি মিছে বাইর অন সম্ভব নো"
তুর বাবা মাঠে গেছে কাজ করতে,তুর বাফ মাঢ়োত গেইয়্যি হাম গইত্তো
"ঘরের সব জায়গায় বৃষ্টির পানি পড়ছে, এভাবে কি থাকা যায়?","ঘরুর বিয়াক জাগাত বৃষ্টির পানি ফরের, এন গরি কি থাহন যায়?"
"অর্ধেক কাজ করেই যেভাবে হাঁপিয়ে উঠেছি, বাকি কাজ কখন শেষ করব কে জানে","অদ্ধক হাজ গরিই যেন গরি হাপাই উইট্টি, বাকি হাজ হত্তে শেষ গইজ্জুম হনে জানে"
বাজার থেকে পুঁই শাক নিয়ে আসো,বাজারোত্তুন পিয়েশ শাক লই আইস
"বাগানে তোমার লাগানো নতুন গাছটা কত দ্রুত বাড়ছে, দেখলে সত্যিই মন ভরে যায়","বাগানোত তোঁয়ার লাগানো নয়া গাছ ইবে হত দ্রুত বরো অর, দেহিলি সত্যিই মন ভরি যায়"
স্টেশনে পৌঁছাতে কতক্ষণ লাগবে? দেরি হলে কিন্তু ট্রেন মিস হয়ে যাবে,স্টেশনুত পৌছতে হতক্ষন লাগিবু? দেরি অইলি কিন্তু ট্রেন মিস অই যাইবু
"এখনো আমরা অর্ধেকও যাইনি, আরও অনেক পথ বাকি আছে","এহনো আঁরা অদ্দকও নো যাই, আরও বৌত পথ বাকি আছে"
আমাকে একটু রান্নাঘর কোনদিকে সেটা দেখিয়ে দিন,আঁরে এক্কানা বসহানা হুনদি ইয়েন দেহায় দন
আমি একটা বিপদে পড়েছি,আঁই এক্কান বিপোদত পইজ্জি
"আমি যদি আগে বুঝতাম, তাহলে ওইদিকে যেতাম না",আঁই যদি আগে বুঝিতাম তইলি ওনদি ন যাইতাম
আমাদের বাড়ির পাশে একটা পাহাড় আছে,আঁরো বারির পাশে উজ্ঞো ফা'র আছে
একা একা না ঘুরে আমার সাথে ঘুরতে পারো,এহেল্লে এহেল্লে ন ঘুরি আঁর লগে ঘুরিত ফারো
"আগামীকাল যদি আবহাওয়া ভালো থাকে, তাহলে আমরা পিকনিকে যাব",হালিয়ে যদি আবাহাওয়া ভালা থাহে তইলি আঁরা পিকনিকুত যাইয়্যুম
"তাহলে তুই ট্রেনের টিকিট কেটে ফেল সবার জন্য, আমরা সময়মতো বের হয়ে যাব","তইলি তুই ট্রেনুর টিকেট হাডি ফেলা বিয়াজ্ঞুনুর লাই, আঁরা সময়মতো বাইর অই যাইয়্যুম"
এবার কাপ্তাই লেকে গেলে নৌকা নিয়ে ঘুরব,এবার কাপ্তাই লেকুত গেলি নৌকো লই ঘুইজ্জুম
কয়েকদিন ঠিকমতো ঘুম না হলে মেজাজ এমনিতেই খিটখিটে হয়ে থাকে,হয়েকদিন ঠিকমতো ঘুম ন অইলি মেজাজ এনেই খিটখিট্টে অই যায়।
এই কারণে আমি এই দোকানে আসতে চাই না,এই হারনে আঁই এই দোয়ানুত আইসতু ন চাই
বাবা যেরকম ছেলেও সেরকম হয়েছে,বাফ যেরহম ফুওয়া ও সেরহম অইয়্যি
তুই পাগল হয়েছিস যে ঘরে যানে?,তুই ফঅল অইয়্যুস যে ঘরোত যানে?
স্রোত বেশি হওয়ার কারনে নৌকা চালাতে কষ্ট হয়ে যাচ্ছে,উত বেশি অ'নোর হারনে নৌকো চলাতে হষ্ট অই যার
"এগুলো খেয়ো না, এগুলো বেশি ঠাণ্ডা","এগিন ন হাইয়্যো, এগিন বেশি ঠাণ্ডা"
"কি খবর বন্ধু, কেমন আছিস?","কি হবর বন্ধু, কেন আছোস?"
"বিল থেকে কতগুলো টাকি মাছ ধরে এনেছি, এগুলো ভাল করে ধুয়ে মসলা দিয়ে তেলে ভেজে ফেল","বিলুত্তুন হদোজ্ঞুন টাই মাছ ধরি আইন্নি, এগুন ভালা গরি ধুয় মসল্লা দি তেলুত ভাজি ফেলো"
আমার জন্য অপেক্ষা করতে হবেনা,আঁর লাই অপেক্ষা গরন ফইত্তুনো
দাম বেশি কম বলেছেন ভাই,দাম বেশি হম হইয়্যুন বদ্দা
"তুমি এইমাত্র বাইরে থেকে আসছ, আগে একটু পাখার নিচে বসো, তারপর আমি খাবার নিয়ে আসছি","তুঁই এইমাত্র বাদ্দিত্তুন আইসসো, আগে এক্কানা ফেনুর নিচে বইয়্যো, তারপর আঁই হানা লই আইর"
চট্টগ্রামের মানুষজন মেজবান অনেক পছন্দ করে,চট্টগ্রামোর মানুষজন  মেজ্জান বৌত পছন্দ গরে
তুমি কাল বাসায় ছিলে নাকি হোটেলে ছিলে?,তুঁই হালিয়ে বাসাত আছিলে নাকি হোটেলুত আছিলে?
সাথে একটা কাঁঠাল দিতে বলিও,ওয়ারে উজ্ঞো হাট্টল দিতো হইয়্যো
মেয়েদের সাথে মার্কেটে গেলে সারাদিন ঘুরতে হয়,মেইফুওয়ার লগে  মার্কেটুত গেলি আরাদিন ঘুরন ফরে
তুই জানিস আমি কে? কি আমার পরিচয়?,তুই জানোস আই হন? কি আঁর পরিচয়?
পাশের বাড়ির মেয়েগুলো প্রতিদিন আমাদের পেয়ারা গাছ থেকে পেয়ারা চুরি করে,পাশোর বারির মেইফুওয়া এগুন ফইত্তুদিন আঁরো গুয়াসি গাছুত্তুন গুয়াছি চুরি গরে
আমগাছে ঢিল মারে কে?,আমগাছুত দলা মারেদ্দে হনে?
"এখন জিনিসপত্রের দাম বেশি, ঈদের পর দাম কমবে","এহন জিনিসপত্রর দাম বেশি, ঈদুর পর দাম হমিবু"
"কী সমস্যা ভাই, বাস ছাড়তে এত দেরি কেন?","কি সমস্যা বদ্দা, বাস ছারতে এল্লেত দেরি কা?"
"চলেন, আজকে দুপুরে একসাথে খাবার খায়","চলন, আজিয়ে দুইজ্জে এক্কোত্তরে হানা হায়"
"তুমি যদি নিজের খাওয়াদাওয়া নিয়ন্ত্রণ না কর, তাহলে পরে গিয়ে অনেক সমস্যা হবে","তুঁই যদি নিজুর হানাপিনে নিয়ন্ত্রন ন গরো, তইলি পরে যায় বৌত সমস্যা অইবু"
"এসি বাসের টিকিটের দাম একটু বেশি, আমরা নরমাল বাসে করে যাব","এসি বাসুর টিকেট উর দাম এক্কানা বেশি, আঁরা নরমাল বাসুত গরি যাইয়্যুম"
"কাশি বেশি হচ্ছে, একটা কফ সিরাপ খাওয়া দরকার","হাশি বেশি অর, উজ্ঞো হফ সিরেপ হন দরহার"
তোর বউ নাকি পাশের বাড়ির একটা ছেলের সঙ্গে পালিয়ে গেছে?,তোর বউ বলে পাশুর বারির উজ্ঞো ফুওয়ার লগে পালাই গেইয়্যি?
"ইশতিয়াক একটু শোনো, তোমার ছোট ভাইকে একটু পার্ক থেকে ঘুরিয়ে নিয়ে এসো","ইশতিয়াক এক্কানা উনো, তোঁয়ার ছোডো ভাই রে এক্কানা পার্ক উত্তুন ঘুরাই আনো"
তোমার ছোট ভাই সামিরের কি খবর? এখন কোন ক্লাসে পড়ে?,তোঁয়ার ছোডো ভাই সামিরোর কি হবর? এহন হন ক্লাসোত পরে?
অন্য কোনো দোকানে না গিয়ে আপনার দোকানে চলে এলাম,অন্য হনো দোয়ানুত ন যায় অঁনোর দোয়ানুত চলি আইস্যি
আমাদের মাদরাসা পুরো রমজান বন্ধ থাকবে,আঁরার মাদরাসা পুরো রমজান বন্ধ থাহিবু
"বৃষ্টির পরে রাস্তায় যে কাদা হয়, তাতে চলাচল করা সত্যিই অনেক ঝামেলার","বৃষ্টির পরে রাস্তাত যে ফুট অয়, এগিনুত আডাচলা গরন সত্যিই বৌত ঝামিলের"
"যখন আমার জ্ঞান ফিরে, তখন দেখি আম্মু আমার সামনে দাঁড়িয়ে আছে","যহন আঁর উশ আইয়্যি, তহন দেহি আম্মু আঁর সাম্মোদ্দি থিয়েই থেইক্কি"
কিরে বন্ধু! তুই নাকি লুকাই লুকাই প্রেম করছিস?,কিরে বন্ধু! তুই বলে গুজি গুজি প্রেম গরর?
"এটা কিনেছি বেশিদিন হয়নি, সেজন্য এখন বিক্রি করব না","ইবে কিন্নি বেশিদিন ন অর, এতেল্লে এহন বেইছতাম নো"
"অফিসের বসকে বলে কিছুদিনের জন্য ছুটি নাও, সবাই মিলে দূরে কোথাও ঘুরতে যাব","অফিসুর বস উরে হই কিছুদিনুর লাই ছুটি লও, বিয়াজ্ঞুন মিলি দূরে হনোমিক্কে ঘুইত্তাম যায়"
ভাগ্য ভালো ছিল বলেই সেদিন দুর্ঘটনা থেকে বেঁচে গিয়েছিলাম,ভেগ্য ভালা আছিল বলি এদিন্নে দুর্ঘটনাত্তুন বাচি গেইলাম
আপনার কি মন খারাপ?,অঁনোর কি মন হারাপ?
"আমার ভাল লাগছেনা, আমি এখন চলে যাচ্ছি","আত্তুন গম নলার, আঁই এহন চলি যাইর"
১৯৯১ সালের বন্যায় লাখ লাখ মানুষ মারা গিয়েছিল,১৯৯১ সালুর বন্যাত লাখ লাখ মানুষ মারা গেইয়্যিল
আমার একটা স্বপ্ন সৌদি আরবে গিয়ে মক্কা শরিফে হজ করা,আঁর এক্কান স্বপ্ন সৌদি আরবুত যাই মক্কা শরিফুত হজ গরন
"এমন একটা যুগে এসেছি, যে যুগে নিজের চরিত্র ঠিক রাখা অনেক কঠিন","এন এক্কান যুগুত আইসসি, যে যুগুত নিজুর চরিত্র ঠিক রাহন বৌত কঠিন"
আমার হলুদ রঙের কাপড় ভালো লাগে না,আত্তুন অলিদ্দে কালারুর হর গম ন লাগে
কাপড়ের দাম শুনে তো আমার ভয় লাগছে,হরুর দাম উনি তো আত্তুন ডর লাগের
সারারাত জেগে থেকে ভোরে দুই ঘণ্টা ঘুমালাম,আঁরারাইত চেতন থাহি ফোওয়াত্তে দুই ঘন্টা ঘুম গেইলাম
"আমি ডক্তারের কাছে যাচ্ছি, তুমি কি আমার সাথে যাবে?","আঁই ডাক্তারোর হাছে যাইর, তুঁই কি আঁর ফুয়ারে যাইবে?"
"আমি আর জীবনে তোদের সাথে কোথাও যাব না, একবার গিয়ে শিক্ষা হয়ে গেছে","আঁই আর জীবনুত তোরার লগে হনোমিক্কে যাইতাম ন, একবার যায় শিক্ষা অই গেইয়্যি"
সরকার নতুন নিয়ম করেছে মার্কেট দ্রুত বন্ধ করে দেওয়ার,সরকারে নতুম নিয়ম গইজ্জি মার্কেট হারা বন্ধ গরি দিবের
নদীর পানি ধীরে ধীরে ওপরে উঠছে,দইজ্জের পানি আস্তে আস্তে উরে উডের
"ভাই, দোকান থেকে এক প্যাকেট বিস্কুট আর একটা কোল্ড ড্রিংক নিয়ে আয়","বদ্দা, দোয়ানুত্তুন এক প্যাকেট বিস্কুট আর উজ্ঞো কোল্ড ড্রিংক লই আয়"
নানুর বাড়ি গেলে মামাতো ভাইবোনদের সাথে অনেক গল্প হয়,নানারো বারিত যাইলি মঅতু ভাই বইন অক্কলুর লগে বৌত গল্প অই
"কি আর বলব, তুমি তো আমাকে ভুলে গেছো","কি আর হইয়্যুম, তুঁই তো আঁরে ভুলি গেইয়্যো"
রাতে দেরি করে ঘুমানো উচিত না,রাতিয়ে দেরি গরি ঘুম যন উচিত ন
মুরগির মাংসের চেয়ে ডাল আর আলু ভর্তা বেশি ভালো লাগে,কুরো গোস্তত্তুন বর ডেইল আর আলুচ চান্নি বেশি ভালা লাগে
"অফিসে নতুন সফটওয়্যার এসেছে, ওটা ব্যবহার করতে সমস্যা হচ্ছে","অফিসুত নতুন সফটওয়্যার আইসসি, ইবে বেবার গত্তে সমস্যা অর"
এবার বিশ্বকাপে ব্রাজিল জিতবে,এবার বিশ্বকাপুত ব্রাজিল জিতিবু
"লাইটটা একটু জ্বালিয়ে দাও, ঘরে অন্ধকার হয়ে গেছে","লাইট ইবে এক্কানা জালাই দও, ঘরুত আধার অই গেইয়্যি"
"তোমার ভয়েস অনেক নিচু, শুনতে অনেক সমস্যা হয়","তোঁয়ার ভয়েস বৌত নিচু, উনতে বৌত সমস্যা অয়"
"বাজার থেকে শিম এনেছি, আজকে দুপুরে শিম ভর্তা করো","বাজারোত্তুন ছৈই আইন্নি, আজিয়ে দুইজ্জে ছৈই ভত্তা গরো"
সে এত জোরে দৌড়ায় যে পাশের জন কিছুতেই পেরে উঠতে পারে না,ইতে এতো জোরে দূরেদে পাশুরজন হনোমতেই পারি উঢ়িত ন পারে
"মুরগি কিনলে ওখান থেকে জবাই করে আনিয়েন, এখানে জবাই করতে পারব না","কুরো কিনিলি এত্তুন জুওয়ারাই আইন্নুন, এনডে জুওয়ারাইত ন ফাইজ্জুম"
বাসে বসে অনেকক্ষণ অপেক্ষা করতে হয়েছে,বাসোত বই রে বৌত হতক্ষন অপেক্ষা গরন পইজ্জি
"আজকে শুক্রবার, আজকে বেশি কাজ, সেজন্য বেশি ব্যস্ত থাকব","আজিয়্যে শুক্কুরবার, আজিয়্যে বেশি হাম, এতেল্লে বেশি বিজি থাইক্কুম"
"ভাই, সামনে রাস্তা ভাঙা, গাড়ি আর সামনে যেতে পারবে না","বদ্দা, সামনে রাস্তা ভাঙা, গারি আর সামনে যাইত ন ফারিবু"
"আমার টিকেট হারিয়ে গেছে, এখন কি নতুন করে কিনতে হবে নাকি অন্য কোনো ব্যবস্থা আছে?","আঁর টিকেট আঝি গেইয়্যি, এহন কি নতুন গরি কিনন ফরিবু নাকি অন্য হনো ব্যবাস্থা আছে?"
আপনি কেমন আছেন? ,অঁনে কেন আছন?
"আম্মু যদি কোনোভাবে জেনে যায়, তাহলে অনেক সমস্যা হবে","আম্মু যদি হনোভাবে জানি যায়, তইলি বৌত সমস্যা অইবু"
মুরগির পিসগুলো মিডিয়াম সাইজের করতে বলিও,মুরগির পিস এগিন মিডিয়াম সাইজুর গইত্তো হইয়্যো
"আমার স্বামীর চাকরি ওখানে, তাই আমরা ওখানেই থাকি","আঁর জামাই উর চঅরি অনডে, এতেল্লে আঁরা অনডে থাহি"
রান্নাঘর থেকে বিরিয়ানির সুগন্ধি আসছে,বসহানাত্তুন বিরেনির হুসবো আইয়্যির
"সামনে ফুটবল বিশ্বকাপ, তাই নতুন টিভি কিনে এনেছি","সাম্মোদ্দি ফটবল বিশ্বকাপ, এতেল্লে নতুন টিভি কিনি এইন্নি"
এভাবে চলাফেরা করলে গ্রামের মানুষজন আমাদেরকে খারাপ বলবে,এন গরি চালাফেরা গরিলি গ্রামুর মানুষজন আঁরারে হারাফ হইবু
"তোমার বাড়ি তো এই রাস্তা দিয়ে না, তাহলে এই রাস্তায় কী করছ?","তোঁয়ার বারি তো রাস্তা ইবে দি নো, তইলি এই রাস্তাত কি গরের?"
এত দাম দিয়ে কিনলে আমার পোষাবে না,এল্লেত দাম দি লইলি আত্তুন ন পোষাইবু
"স্যার, একটু বসুন, আপনার জন্য চেয়ার নিয়ে আসছি","স্যার, এক্কানা বইয়্যুন, অঁনোর লাই চিয়ার লই আইসসি"
তোমার মন খারাপ দেখে তোমার জন্য বিরিয়ানি রান্না করেছি,তোঁয়ার মন হারাপ দেহি তোঁয়ার লাই বিরেনি রান্না গইজ্জি
"বাজারে সিন্ডিকেট বেড়ে গেছে, এদের কারণে সব জিনিসের দাম বেশি","বাজারুত সিন্ডিকেট বারি গেইয়্যি, ইতারার হারনে বিয়াক জিনিসুর দাম বেশি"
"আমার মাথা ঘুরছে, কী করব বুঝছি না","আঁর মাথা ঘুরার, কী গইজ্জুম ন বুঝির"
বলটি কোনদিকে মারছো? খোজে পাচ্ছিনা,বল ইবে হুনদি মাইজ্জো? তোওয়াই ন পাইদ্দি
"আমাকে তাড়াতাড়ি আপডেট জানান, এখানে সবাই চিন্তায় আছে","আঁরে তারাতারি আপডেট জানোন, এনডে বিয়াজ্ঞুন চিন্তেত আছে"
"তোমাকে তো আগে কখনো এই গ্রামে দেখিনি, তোমার বাড়ি কোথায়?","তোঁয়ারে তো আগে হনোদিন এই গ্রামুত ন দেহি, তোঁয়ার বারি হনডে?"
"আমার মাথা ব্যথা করছে বেশি, মনে হয় ঠাণ্ডা লেগে গেছে","আত্তুন মাথা ব্যথা গরের বেশি, মনে অয় ঠাণ্ডা লাগি গেইয়্যি"
তুমি কি আসবে?,তুঁই কি আইবে?
"এত বকবক না করে কাজে মন দাও, সব কাজ পড়ে আছে","এত বকবক ন গরি হাজুত মন দও, বিয়াক হাজ পরি আছে"
"আজকে কিছু জিনিস আনতে ভুলে গেছি, কাল আবারও বাজার করতে হবে","আজিয়ে কিছু জিনিস আনিবের লাই ভুলি গেই, হালিয়ে আবারও বাজার গরন ফরিবু"
তোমার মেয়ে ঘুম থেকে উঠেছে কি না দেখো তো,তোঁয়ার মেইফুওয়া ঘুমুত্তুন উইট্টি কিনা স তো
"বেশি জোরে বাতাস হচ্ছে, মনে হয় আজ আর কারেন্ট আসবে না","বেশি জোরে বাতাস অর, মনে অয় আজিয়ে আর কারোন ন আইবু"
আজকে মুরগি দিয়ে আলু এবং টমেটো ভর্তা করব,আজিয়ে কুরো দি আলু আর হাট্টা বেইয়্যুন চান্নি গইজ্জুম
আপনি আগামীকাল আসতে পারবেন?,অঁনে হালিইয়্যে আইত ফারিবেন?
"আসার সময় ঘরে তালা মেরে আসিস, না হলে চোর এসে চুরি করে সব নিয়ে যাবে","আইবের সমত ঘরোত তালা মারি আইস, নইলি চোর আই রে বিয়াক চুরি গরি লই যাইবু"
"এই শার্টটা নেন, গরমে পরে আরাম পাবেন","এই শার্ট ইবে লন, গরমুত পরি আরাম ফাইবেন"
"আদনান বলেছিল বিয়ে আগামীকাল, তাহলে আজ এত আয়োজন কিসের?","আদনান হইয়্যিল বিয়ে হালিয়ে, তইলি আজিয়ে এল্লেত আয়োজন কিয়ুর?"
আমার হাত পা ব্যথা করছে,আঁর আত পা ব্যথা গরের
"স্যার, কোন টপিকগুলো পরীক্ষায় আসবে যদি বলতেন","স্যার, হন টপিকগিন পরীক্ষেত আইবু যদি হইতেন"
"মজার জন্য ছাড়তে পারছি না, কাটার জন্য গিলতে পারছি না","মজার লাই ছারিত ন পারির, কেঢ়ার লাই গিলিত ন পারির"
"আমি মামির সাথে কথা বলেছি, মামি বলছে তুমি চাইলে আমার সাথে বাসা দেখতে যেতে পার","আঁই মামির লগে হতা হইলাম, মামি হদ্দে তুঁই চাইলি আঁর লগে বাসা চাইতু যাইত পারো"
আমি অনেকক্ষণ ধরে তোমার জন্য অপেক্ষা করছি,আঁই বৌত হতক্ষন ধরি তোঁয়ার লাই অপেক্ষা গরির
পুকুরে অনেক বড় একটা শোল মাছ দেখেছি,ফইরোত বৌত বরো উজ্ঞো অলি মাছি দেইক্কি
"আমি এখান থেকে দেখতে পারছি না, তুই খাতাটা আরেকটু উঁচু করে ধর","আঁই এত্তুন ন দেহির, তুই হাতাগো আরেক্কানা উরে গরি ধর"
"আমরা তিনজন বন্ধু, আমাদের একটা বড় রুম দিলেই হবে","আঁরা তিনজন বন্ধু, আঁরারে এক্কান বরো রুম দিলিই অইবু"
"তুমি তো এখনো সেন্ট মার্টিন যাওনি, গেলে বুঝতে সুন্দর কাকে বলে","তুঁই তো এহনো সেন্ট মার্টিন ন যও, গেলি বুইজতে সুন্দর হারে হয়"
"ডাক্তার বললেন, রক্তে শর্করার মাত্রা বেড়ে গেছে, খাওয়াদাওয়া নিয়ন্ত্রণ করতে হবে","ডাক্তার হইয়্যি রক্তত শর্করার মাত্রা বারি গেইয়্যি, হানাপিনে নিয়ন্ত্রণ গরন ফরিবু"
মন খারাপ থাকলে বন্ধুদের সঙ্গে ঘুরে আয়,মন হারাপ থাহিলি বন্ধু অক্কলুর লগে ঘুরি আয়
"আপনি একটু বাইরে যান, আমি কাপড় পাল্টে নিই","অঁনে এক্কানা বাইরে যন, আঁই হর পাল্ডায় লই"
আজকের আবহাওয়া দেখে মনে হচ্ছে ছাতা ছাড়া বের হওয়া ঠিক হবে না,আজিয়ের আবাহাওয়া দেহি মনে অদ্দে ছাতি ছাড়া বাইর অন ঠিক ন অইবু
"আমার বর্তমান অবস্থা খুব বাজে, কিরকম বাজে সেটা বলার মতো না","আঁর বর্তমান অবস্থা বৌত বাজে, কিরহম বাজে ইয়েন হইবের মতন নো"
"দাঁড়াও, একটু অপেক্ষা করো, আগে আমারটা করে ফেলি, তারপর তোমারটা করে দেব","থিয়েও, এক্কানা অপেক্ষা গরো, আগে আঁর ইয়েন গরি ফেলাই, তারপর তোঁয়ার ইয়েন গইজ্জুম"
"তুই আমার চাকর, আমি যা বলব তোকে তা শুনতে হবে","তুই আঁর চঅর, আঁই যা হইয়্যুম তোরতুন তা উনোন ফরিবু"
"আজকে শুক্রবার, সেজন্য আজকে জুমার নামাজ পড়তে হবে","আজিয়ে শুক্কুরবার, এতেল্লে আজিয়ে জুমার নামাজ ফরন ফরিবো"
এবার রমজানে পেঁয়াজের দাম আগুনের মতো,এবার রমজানুত পিয়েজুর দাম অইনুর মতন
দূরে কোথাও গেলে ঘর থেকে দোয়া পড়ে বের হতে হয়,দুরে হনোমিক্কে গেলি ঘরুত্তুন দোয়া পরি বাইর অন ফরে
"আম্মু বেত নিয়ে আসছে, তাড়াতাড়ি পুকুর থেকে উঠে আয়","আম্মু বেত লইয়্যিরে আইয়্যির, তারাতারি ফইরোত্তুন উডি আই"
"ভাই, প্লিজ রাস্তার মাঝখানে গাড়ি না রেখে পাশে সরিয়ে নিন","বদ্দা, প্লিজ রাস্তার মাঝে গারি ন রাহি পাশে সরাই লন"
"আর এটা যদি আমি না আনতাম, তাহলে তোমার কষ্ট করে আবার আনতে হতো না?","আর ইয়েন যদি আঁই নো আইন্তাম, তইলি তোঁয়াত্তুন হষ্ট গরি আবার আনন ন ফইত্তু?"
"বালি আর্কেডে যাব না এবার, গত বছর পাঞ্জাবি একটা নিয়ে ঠকেছি ওখান থেকে","বালি আর্কেডুত যাইতাম ন এবার, গত বছর পাঞ্জাবি উজ্ঞো লই ঠইক্কিলাম এত্তুন"
মালিহার নাকি বিয়ে ঠিক হয়েছে? তার এত জলদি বিয়ে হবে চিন্তা করিনায়,মালিহার বলে বিয়ে ঠিক অইয়্যি? ইতির এল্লেত তারাতারি বিয়ে অইবু ইয়েন চিন্তে নো গরি
"তুমি কি সেহরি খেয়েছো, নাকি না খেয়ে রোজা রেখেছ?","তুঁই কি সেহেরি হাইয়্যো, নাকি ন হায় রোজা রেইক্কো?"
আমাদের আরও ভালো করে খোঁজখবর নিতে হবে সামনে এগোনোর আগে,আরাত্তুন আরো ভালা গরি হোছহবর লন ফরিবু সামনে আগাইবের আগে
জেলেরা নদীতে গিয়ে জাল দিয়ে মাছ ধরে,জেইল্লে অক্কল দইজ্জেত যাই জাল দি মাছ ধরে
বৃষ্টির মধ্যে ট্রেন জার্নি অনেক মজা হবে,ঝরোর মধ্যে ট্রেন জার্নি বৌত মজা অইবু
বাস কি সামনের স্টেশনে থামবে? নামাজের সময় হয়ে গেছে,বাস কি সামনুর স্টেশনুত থামিবু? নামাজুর সময় অই গেইয়্যি
"আপনি একটু ধৈর্য ধরুন, সব ঠিকঠাক হয়ে যাবে","অঁনে এক্কানা ধৈর্য ধরন, বিয়াক ঠিকঠাক অই যাইবু"
চলে যাবেন? কেন চলে যাবেন?,চলি যাইবেন? কিল্লে চলি যাইবেন?
"আগে মাঠে গেলে আমার সব বন্ধুদের দেখতাম, এখন সবাই নিজেদের জীবন নিয়ে ব্যস্ত","আগে মাঢ়োত যাইলি আঁর বিয়াক বন্ধু অক্কলুরে দেহিতাম, এহন বিয়াজ্ঞুন নিজুর জীবন লই ব্যস্ত"
সারাদিন ফোনে গেমস না খেলে একটু বাইরে মাঠে গিয়ে খেলতে পারিস না,আরাদিন ফোনুত গেম ন খেলি এক্কানা বাইরে মাঢ়োত যাই খেলিত ন পারস?
"কিরে, ব্যাপার কী, আজ অনেক হাসিখুশি লাগছে!","কিরে, ব্যাপার কী, আজিয়ে বৌত আ'সিখুশি লাগের!"
আমি বলেছি যখন অবশ্যই সাহায্য করব,আঁই হইয়্যি যহন অবশ্যই সাহায্য গইজ্জুম
"আমি আগে অনেক ভালো ছিলাম, এখন ওর সঙ্গে মিশতে মিশতে খারাপ হয়ে যাচ্ছি","আঁই আগে বৌত ভালা আছিলাম, এহন ইতের লগে মিশতে মিশতে হারাপ অই যাইর"
ছেলেমেয়ে একসাথে দূরে ঘুরতে যাওয়া ঠিক না,ফুওয়া-মেইফুওয়া একলগে দুরে ঘুইত্তু যন ঠিক ন
এই জায়গায় একটা ভুল হয়েছে,এই জাগাত এক্কান ভুল অইয়্যি
"মারজানের কি খবর? শুনেছি তার নাকি বিয়ে ঠিক হয়ে গেছে, এটা কি সত্যি?","মারজানোর কি হবর? উইন্নিলাম তার নাকি বিয়ে ঠিক অই গেইয়্যি, ইয়েন কি আ'ছা?"
এবার ঠান্ডা একটু বেশি পড়ছে,এবার ঠান্ডা এক্কানা বেশি পরের
"এই আমটা বেশি পেকে গেছে, একদম নরম হয়ে গেছে","এই আম ইবে বেশি পাগি গেইয়্যি, এব্বেরে নরম অই গেইয়্যি"
"নাস্তা করতে আসো, ঠান্ডা হয়ে যাচ্ছে","নাস্তা গইত্তো আইয়্যু, ঠান্ডা অই যার"
গাড়ির চাকা অনেক জোরে ঘুরছে,গারির চাক্কা বৌত জোরে ঘুরের
সব ঠিকঠাক থাকলে আমরা আগামীকাল সকাল সকাল বের হয়ে যাব,বিয়াক ঠিকঠাক থাহিলি আঁরা হালিয়ে সকাল সকাল বাইর অই যাইয়্যুম
"ভাই, তুই এত খাস কীভাবে, তোরটা পেট নাকি অন্য কিছু!","বদ্দা, তুই এতো হস কেনে, তোর ইবে পেট নাকি অন্য কিছু!"
তুমি কেমন আছো?,তুঁই কেন আছো?
ভাই এগুলো কি দেখাচ্ছেন? সুতির শাড়ি দেখান,বদ্দা এগিন ক দেহাইতে লাইজ্ঞুন? সুতোর শারি দেহন
"তুই মিথ্যা বলছিস, তোর নাম কামরুল না","তুই মিছে হর, তোর নাম কামরুল নো"
"আর কত লাভ করবেন আপনারা, এত টাকা নিয়ে কী কবরে যাবেন?","আর হত লাভ গরিবেন অঁনেরা, এত টিয়া লই কী হবরুত যাইবেন?"
"ঘরে রোদ ঢুকছে, জানালার পর্দাটা টেনে দাও","ঘরোত রইদ ঢুকের, জনালার পর্দাগান টানি দ"
"স্যার, আমার রিপোর্টটা একটু দেখেন, যদি কোনো জায়গায় ভুল থাকে তাহলে ঠিক করব","স্যার, আঁর রিপোর্ট ইয়েন এক্কানা সন, যদি হনো জাগাত ভুল থাহে তইলি ঠিক গইজ্জুম"
সন্ধ্যায় চা খাবে নাকি কফি খাবে?,আজুইন্নে চা হাইবে নাকি কফি হাইবে?
"আমার নানু যখন বেঁচে ছিলেন, তখন উনি আমাদের পিঠা বানিয়ে খাওয়াতেন","আঁর নানু যহন বাছি আছিল, তহন ইবে আঁরারে পিডে বানাই হাবাইতু"
"আপু, তোমার বাচ্চা পায়খানা করে দিয়েছে","আফা, তোঁয়ার ফুয়া ফেহেনা গরি দিইয়্যি"
"জার্মানি ব্রাজিলকে সাত গোল দিয়েছিল, সেজন্য ব্রাজিলকে সেভেন আপ বলে","জার্মানি ব্রাজিল উরে সাত গোল দিইয়্যিল, এতেল্লে ব্রাজিল উরে সেভেন আপ হয়"
আমার মনে হচ্ছে মেয়েটা তোকে যাদু করেছে,আত্তুন মনে অদ্দে মেইফুওয়া ইবে তুরে যাদু গইজ্জি
আলসেমি না করে তাড়াতাড়ি বাজার নিয়ে এসো,আলসেমি ন গরি তারাতারি বাজার লই আইয়্যো
বাংলাদেশের মানুষজন ব্রাজিল-আর্জেন্টিনা নিয়ে পাগল,বাংলাদেশুর মানুষজন ব্রাজিল-আর্জেন্টিনা লই ফঅল
একবার আম্মু ওদের দুজনকে অনেক মেরেছিল,একবার আম্মু ইতারা দুনুজনোরে বৌত মেইজ্জিল
আমি একটা কথা বলতে চাচ্ছি,আঁই এক্কান হতা হইতাম চাইদ্দি
"স্যার, ক্লাস টেস্টের ফলাফল কবে দেবেন, অনেক দিন ধরে অপেক্ষা করছি","স্যার, ক্লাস টেস্ট উর ফলাফল হত্তে দিবেন, বৌত দিন ধরি অপেক্ষা গরির"
আরো অনেক কাজ বাকি আছে,আরো বৌত হাজ বাকি আছে
বাইরে এভাবে চিৎকার করছে কে? আমার আগামীকাল পরীক্ষা,বাইরে এন গরি চিল্লেদ্দে হনে? আঁর হালিয়ে পরীক্ষে
এই গরমের মধ্যে মাঠে কাজ করা অনেক কষ্টকর,এই গরমুর মধ্যে মাঢ়োত হাজ গরন বৌত হষ্টকর
ডাক্তার বললেন বেশি রাত জেগে থাকার কারণে স্বাস্থ্যের অনেক ক্ষতি হচ্ছে,ডাক্তার হইয়্যি বেশি রাইত চেতন থাহিবের হারনে স্বাইস্থর বৌত হতি অর
দেখো আমার বাগানটা কত সুন্দর!,স আঁর বাগান ইয়েন হতো সুন্দর!
স্যার যে হোমওয়ার্ক দিয়েছে সেগুলো করেছ?,স্যার যে হোমওয়ার্ক দিয়ি এগিন গইজ্জো?
"নানুর বয়স হয়েছে, সেজন্য সবকিছু ভুলে যায়","নানির বয়স অইয়্যি, এতেল্লে বিয়াক ভুলি যায়"
আমার ছোট ভাই প্রতিদিন সকালে মাঠে দৌড়ায়,আঁর ছোডো ভাই ফইত্তুদিন বেইন্নে মাঢ়োত দূরে
"প্রশ্ন দেখে আমার মাথা ঘুরছে, কী লিখব বুঝছি না","প্রশ্ন দেহি আঁর মাথা ঘুরার, কী লেইক্কুম ন বুঝির"
মনে থাকবে কি কি আনতে হবে?,মনোত থাহিবু কি কি আনন ফরিবু?
আর দু-একটা শব্দ লিখলেই আমাদের ডাটাসেট সম্পূর্ণ হয়ে যাবে,আর দুই-এক্কান শব্দ লেহিলিই আঁরার ডাটাসেট সম্পূর্ণ অই যাইবু
তোমাকে সবুজ রঙের কাপড়ে অনেক মানাবে,তোঁয়ারে সবুজ রঙুর হরে বৌত মানাইবু
"মা, আমি বন্ধুর সাথে বিকেলে একটু হাঁটতে বের হব","আম্মু, আঁই বন্ধুর লগে বিয়েলে এক্কানা আইটতাম বাইর অইয়্যুম"
তুমি আমার কথা শুনবে নাকি শুনবে না?,তুঁই কি আঁর হথা উনিবে নাকি নো উনিবে?
"আমাদের বাস কুমিল্লায় একটা হোটেলে থামবে, আমরা ওখান থেকে রাতের খাবার খেয়ে নেব","আঁরার বাস কুমিল্লেত এক্কান হোটেলুত থামিবু, আঁরা এনডেত্তুন রাতিয়ের হানা হায় লইয়্যুম"
তোমাকে হাসলে অনেক সুন্দর লাগে,তোঁয়ারে আ'সিলি বৌত সুন্দর লাগে
"লিখতে লিখতে আমার হাত ব্যথা হয়ে গেছে, তাও লেখা শেষ হয় না","লেখতে লেখতে আঁর আত ব্যথা অই গেইয়্যি, তাও লেহা শেষ ন অর"
"আমার বউটা অনেক ভাগ্যবৌতী, সে ঘরে আসার পর থেকে সবকিছু ভালো হচ্ছে","আঁর বউ ইবে বৌত ভেগ্যবৌতী, ইবে ঘরুত আইবের পরুত্তুন বিয়াক কিছু ভালা অর"
"বেশি ঠান্ডা লাগছে, ফ্যানটা বন্ধ করো","বেশি ঠান্ডা লার, ফ্যান ইবে বন গরো"
"আগে যে শাড়িটা নিয়েছিলাম, ওটার মতো আরেকটা শাড়ি দিন","আগে যে শারি গান লইলাম, ইয়েনুর মতন আরেক্কান শারি দন"
"সে প্রতিদিন দুপুরে অফিসের ক্যান্টিনে খায়, বাড়ি থেকে টিফিন আনে না","ইবে ফইত্তুদিন দুইজ্জে অফিসুর ক্যান্টিনুত হায়, বারিত্তুন টিফিন ন আনে"
"মারুফ, তোর আপুকে একটু মেহেদি লাগিয়ে দে","মারুফ, তুর আফারে এক্কানা মে'দি লাগায় দে"
"আকাশে কালো মেঘ জমছে, মনে হচ্ছে আজকে রাতে ভারী বৃষ্টি হবে","আকাশুত হালা মৌলো জইম্মি, মনে অদ্দে আজিয়ে রাতিয়ে ভারী বৃষ্টি অইবু"
"তোর আপুর প্রেশার বেড়ে গেছে, জলদি একটা ডাক্তার নিয়ে আয়","তুর আফার প্রেশার বারি গেইয়্যি, হারা উজ্ঞো ডাক্তোর লই আয়"
"বন্যার পানিতে যাদের ক্ষতি হয়েছে, তাদেরকে সরকারের পক্ষ থেকে কিছু টাকা ক্ষতিপূরণ দেওয়া হবে","বন্যার পানিত যারার হতি অইয়্যি, ইতারারে সরকারুর পক্ষত্তুন কিছু টিয়া হতিফুরন দিবু"
তুমি কি জান আজকে কি হয়েছে?,তুঁই কি হইত পারো আজিয়ে কি অইয়্যি?
"আমার সাথে ছোট বাচ্চা আছে, তাই একটু সামনের সিট দিলে ভালো হতো","আঁর লগে ছোডো ফুওয়া আছে, এতেল্লে এক্কানা সামনুর সিট দিলি ভালা অইতু"
"আমার ঘরে ঝামেলা করছে, তাই যেতে পারছি না","আঁরো ঘরুত ঝামিলে গরের, এতেল্লে যাইত ন ফারির"
নানুর বাড়ি থেকে খালুর বাড়ি কম যাওয়া হয়,নানারো বারিত্তুন হালারো বারিত হম যন অয়
গরম কাপড় পড়ে বের হয়েছেন তো? আজকে বাইরে বেশি ঠাণ্ডা,গরম হর পরি বাইর অইয়্যুন তো? আজিয়্যে বাইরে বেশি ঠাণ্ডা
বাজারে যাওয়ার সময় ৫০০ টাকা হারিয়ে ফেলেছি,বাজারোত যাইবের সমত ৫০০ টিয়া আঝায় ফেলাই
তুই কি পাগল হয়ে গেছিস! এসব কী বলিস?,তুই কি ফঅল অই গেইয়্যুস! এগিন কি হস?
আপনার দোকানে ছোট বাচ্চাদের কাপড়ের কালেকশন কেমন?,অঁনোর দোয়ানুত গুরো ফুওয়া অলুর হরুর কালেকশন কেন?
"সব দোষ তোমার, তোমার জন্য এসব হচ্ছে","বিয়াক দোষ তোঁয়ার, তোঁয়ার হারোনে এগিন অর"
"দরজাটা একটু বন্ধ করে দাও, বাইরে থেকে শব্দ আসছে","দরজা ইয়েন বন্ধ গরি দও, বাইরেত্তুন শব্দ আইয়্যির"
"কেউ আমাদের ওপর যাদু করেছে, না হলে আমাদের মধ্যে এত ঝগড়া কেন হচ্ছে?","কিয়াই আঁরার উদ্দি যাদু গইজ্জি, নইলি আঁরার ভিতুর এল্লেত হইজ্জে কা অর?"
"আমরা সবাই মাঠে, তুই এখন কোথায়?","আঁরা বিয়াজ্ঞুন মাঢ়োত, তুই এহন হনডে?"
"আমার পেটে আর জায়গা নাই, আর দিও না","আঁর পেডোত আর জাগা নাই, আর নইদ্দো"
"ঘরে আমার সঙ্গে কেউ ভয়ে কথাও বলে না, কখন কাকে কী শুনিয়ে দিই, তার কোনো বিশ্বাস নেই","ঘরুত আঁর লগে কিয়াই ডরে হথাও ন হয়, হত্তে হারে কি উনই দি, তার হনো বিশ্বেস নেই"
খাবার তো সব ঠান্ডা হয়ে যাচ্ছে,হানা তো বিয়াক ঠান্ডা অই যার
কেমন আছো জরিনা? তোমাকে অনেক মিস করতাছি,কেন আছো জরিনা? তোঁয়ার লাই বৌত পেট পুরের
"আর কত মানুষ নেবেন, এখানে জায়গা কোথায়?","আর হতো মানুষ লইবেন, এনডে জাগা হনডে?"
সকালের সূর্য অনেক সুন্দর,বেইন্নের সূর্য ইবে বৌত সুন্দর
"অতিরিক্ত দুশ্চিন্তা করলে মাথায় যন্ত্রণা শুরু হয়, কোনো কাজেই মন বসে না","অতিরিক্ত দুশ্চিন্তে গরিলি মাথাত যন্ত্রনা শুরু অয়, হনো হাজুত মন ন বইয়্যি"
বিপদে পড়লে তখন মানুষের আসল চেহারা দেখা যায়,বিপদুত ফরিলি তহন  মানুষুর আসল চিয়ারা দেহা যায়
"আমার এখন খেতে ইচ্ছে করছে না, তুমি খেয়ে নাও, আমি পরে খাব","আত্তুন এহন হাইতু মনে ন হর, তুঁই হায় লও, আঁই পরে হাইয়্যুম"
"তোমাকে বলেছিলাম রাত ১০টার আগে ঘুমিয়ে যেতে, আর তুমি কিনা ফোন টিপো!","তোঁয়ারে হইলাম দে রাতিয়ে ১০টার আগে ঘুমাই যাইতু, আর তুঁই কিন ফোন টিপো!"
"স্যার, এই অধ্যায়টা পরীক্ষার জন্য কতটা গুরুত্বপূর্ণ বলে মনে করেন?","স্যার, এই অধ্যায় ইবে পরীক্ষের লাই হতটা গুরুত্বপূর্ণ বলি মনে গরন?"
"কী রে, তোর চেহারা দেখে মনে হচ্ছে সারারাত ঘুমাসনি","কী রে, তোর চিয়ারা দেহি মনে অর আঁরারাইত নো ঘুমস"
"আচ্ছা ঠিকাছে, আমি মারিয়ার সঙ্গে কথা বলব, আশা করি, ও আমার কথা শুনবে","আইচ্ছে ঠিকাছে, আঁই মারিয়ার লগে হতা হইয়্যুম, আশা গরি, ইতি আঁর হতা উনিবু"
"জামিল স্যারের ক্লাসে আমার খুব বিরক্ত লাগে, কী পড়ান আগামাথা বুঝি না","জামিল স্যার উর ক্লাসুত আঁর খুব বিরক্ত লাগে, কি পরাই আগামাথা ন বুঝি"
"আগে যেগুলো খেয়েছি সেগুলো হজম করি, তারপর বাকিগুলো খাব","আগে যেগুন হায় এগুন অজম গরি, তারপর বাকিগুন হাইয়্যুম"
"না ভাই, এখানে কোনো রিকশা নেই, আপনাকে হেঁটেই হোটেলে যেতে হবে","না বদ্দা, এনডে হনো রিকশা নেই, অঁনুত্তুন আডিইরে হোটেল উত যন ফরিবু"
"আমি ডাক্তারের সিরিয়াল পেয়েছি একদম শেষে, সবই বিরক্ত লাগছে","আঁই ডাক্তারুর সিরিয়েল পাইদি এব্বেরে শেষে, বিয়াক বিরক্ত লাগের"
আমি গত দুদিন ধরে শরীরে জ্বর নিয়ে কাজ করেছি,আঁই গত দুদিন ধরি শরীলুত জ্বর লই হাজ গরির
"আজকে আসতে পারব না, অন্য আরেকদিন আসব","আজিয়ে আইত ফাইত্তাম ন, অন্য আরেকদিন আইসসুম"
"তুই কি সারাজীবন এরকম ছোট থেকে যাবি, নাকি একটু বড় হবি?","তুই কি আরা জীবন এরহম ছোডো থাহি যাইবি, নাকি এক্কানা বরো অইবি?"
"রমজানে বেশি বেশি নামাজ আর জিকির করতে হবে, আর সুযোগ হলে একটা কোরআন খতম দিতে হবে","রমজানুত বেশি বেশি নামাজ আর জিকির গরন ফরিবু, আর সুযোগ অইলি উজ্ঞো কোরআন হতম দন ফরিবু"
আমাকে আজকের কাজের টাকাগুলো দিয়ে দিন,আঁরে আজিয়ের হাজুর টিয়াগুন দি দন
সকালে উঠে কিছুক্ষণ হাঁটলে শরীর ভালো থাকে,সকালে উডি হতক্ষন আডিলি শরীল ভালা থাহে
নানু থাকলে আম্মু আর আমাদেরকে বকা দিতে পারে না,নানি থাহিলি আম্মু আর আঁরারে গেইল দিত ন ফারে
আসসালামু আলাইকুম স্যার,আসসালামু আলাইকুম স্যার
সাথে এটাও নিয়ে যাও,লগে ইবেও লই যো
"বাইরে যা ইচ্ছা কর, কিন্তু ঘরে অশান্তি করা যাবে না","বাইরে যেল্লেত ইচ্ছে গর, কিন্তু ঘরোত অশান্তি গরন যাইতু ন"
"ওকে দেখলে আমার মন চায়, একটা ঘাড়ে দিই",ইতেরে দেহিলি আত্তুন মন চায় উজ্ঞো ঘেঢ়ি বেরাই দি
কাপড়টা তো ধোয়ার পরে রঙ উঠে যাবে,হর ইবে তো ধোঅনুর পরে রঙ উডি যাইবু
"বাবা, স্যার বললেন স্কুলের বেতন আজ দিয়ে দিতে","আব্বু, স্যার হইয়্যিল স্কুলুর বেতন আজিয়ে দি দিতো"
"স্যার, একটু শুনুন, আমার একটা জরুরি কথা বলার ছিল","স্যার, এক্কানা উনন, আঁর এক্কান জরুরি হতা হইবের আছিল"
"তোর শুধু বয়সটাই বাড়ছে, কিন্তু বুদ্ধিটা বাড়ছে না","তোর উদো বয়সই বেইজ্জি, কিন্তু বুদ্ধি ন বারের"
কোনো সমস্যা হয়েছে? তোমাকে দেখে চিন্তিত মনে হচ্ছে,হনো সমস্যা অইয়্যি? তোঁয়ারে দেহি চিন্তিত মনে অর
"আজকে হঠাৎ বুকে চাপ অনুভব করছি, কী হয়েছে বুঝছি না","আজিয়ে হঠাৎ বুকুত চাপ অনুভব গরির, কি অইয়্যি ন বুঝির"
"পাগলে কী না বলে, আর ছাগলে কী না খায়",ফঅলে কী নহয় আর ছঅলে কী ন হায়
বিদেশে গেলে আমার কথা মনে থাকবে তো?,বিদেশুত গেলি আঁর হতা মনত থাহিবু তো?
"আসার সময় কতগুলো জেলে দেখলাম, তারা মাছ ধরার জন্য নদীতে যাচ্ছে","আইবের সমত হদুজ্ঞুন জেইল্লে দেইক্কি, ইতারা মাছ ধরিবের লাই দইজ্জেত যার"
"আচ্ছা ঠিক আছে, আমি এখন যাচ্ছি","আইচ্ছে ঠিক আছে, আঁই এহন যাইর"
প্রতিদিন একই কাজ করতে করতে বিরক্ত হয়ে গেছি,ফইত্তুদিন একই হাজ গত্তে গত্তে বিরক্ত অই গেই
"চট্টগ্রাম-কক্সবাজার রোড অনেক বিপদজনক, এই রোডে প্রতিদিন এক্সিডেন্ট হয়","চট্টগ্রাম-কক্সবাজার রোড বৌত বিপদজনক, এই রোড উত ফইত্তুদিন এক্সিডেন্ট অয়"
"স্যার, আপনি বলেছিলেন ক্লাস টেস্ট না নিয়ে অ্যাসাইনমেন্ট দেবেন","স্যার, অঁনে হইলেন ক্লাস টেস্ট ন লই অ্যাসাইনমেন্ট দিবেন"
"আমার ঘুম চলে আসছিল, কখন যে ঢাকায় পৌঁছে গেছি বুঝতেই পারিনি","আঁর ঘুম চলি আইসসিল, হত্তে যে ঢাহাত পৌছি গেই বুঝিতিই ন ফারি"
আমি তোমাকে অনেক অনেক ভালবাসি,আঁই তোঁয়ারে বৌত বৌত ভালবাসি
"ভাই, এক গ্লাস ঠান্ডা পানি দিন তো, খুব পানির তৃষ্ণা পেয়েছে","বদ্দা, এক গ্লাস ঠান্ডা পানি দন তো, বৌত পানির তিরেশ পেইয়্যি"
"মা, আজ একটু আগে রান্না করো, বাবার অফিসে যেতে দেরি হয়ে যাচ্ছে","মা, আজিয়ে এক্কানা আগে রান্না গরো, আব্বুর অফিসুত যাইতে দেরি অই যার"
বিয়ে আজ নাকি আগামীকাল?,বিয়ে আজিয়ে নাকি হালিয়ে?
"বন্ধু, বিড়ি খাওয়া ভাল না","বন্ধু, বিরি হন ভালা ন"
"সেহরি ভোরে খেয়েছিলাম, এখন কেন খাব?","সেহেরি ফোওয়াত্তে হাইলাম, এহন কিল্লে হাইয়্যুম?"
"মা, আমার জন্য দোয়া করিও, আজকে একটা ইন্টারভিউ দিতে যাচ্ছি","আম্মু, আঁর লাই দোয়া গইজ্জো, আজিয়ে এক্কান ইন্টারভিউ দিতাম যাইর"
মন ভালো থাকলে নাকি আশেপাশের সবকিছু সুন্দর লাগে,মন ভালা থাহিলি বলে আশেপাশের বিয়াক কিছু সুন্দর লাগে
আমি হিসাব করে দেখিনি কত টাকা আছে,আঁই হিসেব গরি ন চায় হতো টিয়া আছে
"পরীক্ষার আর বেশি দিন বাকি নাই, কিন্তু এখনো কোনো পড়ালেখা করছিনা","পরীক্ষের আর বেশি দিন বাকি নেই, কিন্তু এহনো হনো পরালেহা ন গরির"
প্রতিবেশীদের হক আদায় করা উচিত,প্রতিবেশী অক্কলোর হক আদায় গরন উচিত
"পরিবার, বন্ধু আর ভালোবাসার মানুষদের সঙ্গে সময় কাটাতে পারলে মনটা একদম ভালো হয়ে যায়","পরিবার, বন্ধু আর ভালোবাসার মানুষুর লগে সময় হাডাইত ফারিলি মন ইয়েন একদম ভালা অই যায়"
অতিরিক্ত গরমে কাজ করলে শরীর থেকে পানি বেরিয়ে যায়,অতিরিক্ত গরমুত হাজ গরিলি শরীলুত্তুন পানি বাইর অই যায়
ছোটবেলায় আমাদের পায়খানা–প্রস্রাব আম্মু পরিষ্কার করতেন,গুরো থাকতে আঁরার গু-মুত আম্মু সাফ গইত্তো
এই বৃষ্টিতে আমাদের গ্রামের কাঁচা রাস্তা একেবারে কাদায় ভরে গেছে,এই বৃষ্টিত আঁরার গ্রামুর কেচা রাস্তা একেবারে ফুটে ভরি গেইয়্যি
"ভাই, বাসের এসিটা অন করেন, অনেক গরম লাগছে","বদ্দা, বাসুর এসি ইবে অন গরন, বৌত গরম লাগের"
"তুই সারাদিন এত এত খাস, তাও মোটা হোস না, আর আমি অল্প খেলেই মোটা হয়ে যাই","তুই আরাদিন এত এত হস, তাও মোটা ন অস, আর আঁই অল্প হাইলিই মোটা অই যাই"
"বাজারে এখন সব জিনিসে ভেজাল, কোনো কিছু কিনতে মন চায় না","বাজারুত এহন বিয়াক জিনিসুত ভেজাল, হনো কিছু কিনতু মনে ন চায়"
বড় ভাইয়ের শ্বশুরবাড়ি অনেক দূরে,বদ্দার অরো বারি বৌত দুরে
এখন আর নানুর বাড়িতে আগের মতো ভালো লাগে না,এহন আর নানারো বারিত আগোর মতন ভালা ন লাগে
"এই গরমে বাইরে বের হওয়া সত্যিই অনেক কষ্টের, রোদের তাপ সহ্য করা যাচ্ছে না","এই গরোমত বাইরে বাইর অন সত্যিই বৌত হষ্টর, রইদুর তাপ সইয্য গরন ন যার"
"আজকে সকাল থেকেই মাথা ঘুরছে, মনে হচ্ছে জ্বর আসছে","আজিয়ে বেইন্নেত্তুন মাথা ঘুরার, মনে অদ্দে জ্বর আইয়্যির"
"বাচ্চাটা কয়েকদিন ধরে জ্বরে ভুগছে, ডাক্তারের কাছে নিয়ে যেতে হবে","বাইচ্চে ইবে হয়েকদিন ধরি জ্বরুত ভুগের, ডাক্তারুর হাছে লই যন ফরিবু"
"আমার নাম রফিক, আমি এই গ্রামে বেড়াতে এসেছি। তুমি কি আমাকে এই গ্রামটা ঘুরে দেখাবে?","আঁর নাম রফিক, আঁই এই গ্রামুত বেরাইতাম আইসসি। তুঁই কি আঁরে এই গ্রাম ইয়েন ঘুরি দেহাইবে?"
ছোট বাচ্চাদের গেমগুলো আমি খেলব না,গুরো ফুওয়া অক্কলুর গেম এগিন আঁই খেইলতাম নো
"ট্রেনের ভেতরে আর জায়গা নেই, ছাদে উঠতে হবে","ট্রেনুর ভিতুরে আর জাগা নেই, ছাদুত উডন ফরিবু"
তুমি চলে যাওয়ার পর থেকে ঘরটা একদম খালি হয়ে গেছে,তুঁই চলি যাইবের পরুত্তুন ঘর ইয়েন এব্বেরে হেইল্যে অই গেইয়্যি
আজকে এত বেশি গরম পড়ছে যে ফ্যানের বাতাসও গরম মনে হচ্ছে,আজিয়ে এতো বেশি গরম পরেদ্দে ফ্যানুর বাতাসও গরম মনে অর
তুই আমার চোখের সামনে থেকে সরে যা,তুই আঁর চোখুর সামনুত্তুন সরি যা
তোর শাশুড়িকে বলিস সামনের মাসে বেড়াতে আসতে,তোর অরিরে হইস সামনুর মাসুত বেরাইতু আইসতো
শীতকালে টাটকা টাটকা সবজি পাওয়া যায়,শীতহালে টাটকা টাটকা সবজি পন যায়
"আমি রান্নাঘরে যাচ্ছি, তুমি বাকি কাজগুলো করে ফেলো","আঁই বসহানাত যাইর, তুঁই বাকি হাম এগিন গরি ফেলো"
"আমি তোমার কথা শুনব না, তোমার যা ইচ্ছা করো","আঁই তোঁয়ার হতা উইনতাম নো, তোঁয়ার যা ইচ্ছে গরো"
"যদি ঝামেলা করতে না চাও, তাহলে এখনই এখান থেকে চলে যাও",যদি ঝামিলে গইত্তো ন চও তইলি এহনই এত্তুন চলি যও
এভাবে আমাদের সবাইকে ফেলে একা চলে যাচ্ছিস,এন গরি আঁরা বিয়াজ্ঞুনুরে ফেলাই এহেল্লে চলি যর
গরুর জন্য কিছু ঘাস কেটে নিয়ে আসতে হবে,গরুর লাই কিছু কের হাডি আনন ফরিবু
সূর্য কখন উঠছে কোন খবর আছে? এখনো ঘুমাচ্ছো,সূর্য হত্তে  উইট্টি হনো হবর আছে? এহনো ঘুম যার
মাছগুলো দেখে মনে হচ্ছে নষ্ট হয়ে গেছে,মাছ এগুন দেহি মনে অদ্দে নষ্ট অই গেইয়্যি
আমাদের পাশে ভারত নামে একটা দেশ আছে,আঁরার পাশে ভারত নামে এক্কান দেশ আছে
"নিজেকে একবার আমার জায়গায় বসিয়ে দেখ, তাহলে বুঝবি আমার কেমন লাগছে","নিজোরে একবার আঁর জাগাত বুওয়াই চা, তইলি বুঝিবি আত্তুন কেন লাগের"
ঘড়িটা তো অনেক সুন্দর! কত নিয়েছে এটা?,ঘড়ি ইবে তো বৌত সুন্দর! হতো লইয়্যি ইবে?
তুই যেটা করেছিস সেটার ফল কিন্তু ভাল হবে না,তুই যিয়েন গইজ্জুস ইয়েন উর ফল কিন্তু ভালা অইতু ন
"আগে বলো টুরে তুমি যাচ্ছ কি না, কারণ তুমি না গেলে আমিও যাব না","আগে হ টুরুত তুঁই যাইতে লেইজ্ঞু কিনা, হারন তুঁই ন যাইলি আঁই ও যাইতাম ন"
তোমার বয়সে আমি বন্ধুদের নিয়ে কত ঘোরাঘুরি করেছি,তোঁয়ার বয়সুত আঁই বন্ধু অক্কল লই হতো ঘোরাঘুরি গইজ্জি
"পরীক্ষার হলে যদি শব্দ করো, তাহলে সবার খাতা নিয়ে ফেলব","পরীক্ষের হলুত যদি শব্দ গরো, তইলি বিয়াজ্ঞুনুর হাতা লই ফেলাইয়্যুম"
"আমাদের গ্রুপে আমরা বিশজন আছি, পুরো বাস ভাড়া নিলে কত পড়বে?","আঁরার গ্রুপুত আঁরা বিশজন আছি, পুরো বাস ভারা লইলি হতো ফরিবু?"
সারাদিন ফোন দেখলে তো মাথা এমনিতেই ব্যথা করবে,আরাদিন ফোন চাইলি তো মাথা এনেই ব্যথা গরিবু
"কসম করে বলছি ভাই, এই কাপড়ে আমার বেশি লাভ হবে না","কসম গরি হইদ্দি বদ্দা, এই হর উত আত্তুন বেশি লাভ ন অইবু"
টাকা দিয়ে সবকিছু কেনা যায় না,টিয়া দি বিয়াক কিছু কিনন ন যায়
"ভাই, সদরঘাট লঞ্চ টার্মিনাল থেকে বরিশালের লঞ্চ কখন ছাড়ে রাতে?","বদ্দা, সদরঘাট লঞ্চ টার্মিনালুত্তুন বারিশালুর লঞ্চ হত্তে ছারে রাতিয়ে?"
"ভাই, গানটা একটু বন্ধ করুন, ফোনে কথা বলতে পারছি না","বদ্দা, গান ইবে এক্কানা বন্ধ গরন, ফোনুত হথা হইত ন ফারির"
"ঘর ওটাতে থাকার মতো অবস্থা নেই, চারদিকে অনেক ময়লা","ঘর ইয়েনুত থাহিবের মতোন অবস্থা নেই, চেরোমিক্কে বৌত হাচারা"
তুমি কে? আমি কি তোমাকে চিনি?,তুঁই হন? আঁই কি তোঁয়ারে চিনি?
"পিঠের ব্যথাটা বেশি বেড়ে গেছে, বসে বসে কাজ করার কারণে এমন হচ্ছে","পিডুর ব্যথাগান বেশি বারি গেইয়্যি, বই বই হাজ গরনুর হারনে এন অর"
রাতের জন্য ফুলকপির তরকারি আর বেগুন ভর্তা আছে,রাতিয়ের লাই ফুলহপ্পির তরহারি আর বেইয়ুন চান্নি আছে
"আমার সঙ্গে মজা করিস না, আমি এখন মজা করার মুডে নেই","আঁর লগে মজা ন গরিস, আঁই এহন মজা গরিবের মুড উত নেই"
সেটা কি আমার মন রাখার জন্য বলছ নাকি মানুষ কিছু বলবে সেজন্য বলছ?,ইয়েন কি আঁর মন রাহিবের লাই হইয়্যু নাকি মাইনষে কিছু হইবু এতেল্লে হইয়্যু?
"এই কাপড়ের কোনো দিনও রং উঠবে না, আমি গ্যারান্টি দিলাম","হর ইবের হনো দিনও রং ন উড়িবু, আঁই গ্যারান্টি দিলাম"
"আমি সত্যি বলছি, আমার মনে কোনো ময়লা নেই","আঁই সত্যি হইদ্দি, আঁর মনোত হনো হাচারা নেই"
পিকনিক শেষে আমরা সমুদ্রপাড়ে সবাই মিলে ফুটবল খেলব,পিকনিক শেষে আঁরা সাগরুর ফারুত বিয়াজ্ঞুন মিলি ফটবল খেইল্লুম
এভাবে কাজ করলে শেষ হবে না,এন গরি হাম গরিলি শেষ ন অইবু
তোমার মাথায় কি কোন বুদ্ধি নাই?,তোঁয়ার মাথাত কি হনো বুদ্ধি নেই?
"তোমার বন্ধু এত ভালো রেজাল্ট করল, আর তুমি কিনা ফেল করলা!","তোঁয়ার বন্ধু এল্লেত ভালা রেজাল্ট গইজ্জি, আর তুঁই কিনা ফেইল গইজ্জু!"
"আজ কলিগের সাথে একটু ভুল-বোঝাবুঝি হয়েছে, তাই একটু মুড অফ","আজিয়ে কলিগুর লগে এক্কানা ভুল বোঝাবুঝি অইয়্যি, এতেল্লে এক্কানা মুড অফ"
মুখে মুখে কথা বললে তো মাথা এমনিতেই খারাপ হয়ে যাবে,মুখে মুখে হতা হইলি তো মাথা এনেই হারাপ অই যাইবু
মামুন ওখানে কি করছে সেটা তো আমি জানি না,মামুন অনডে কি গরের ইয়েন তো আঁই ন জানি
"আচ্ছা, ও কি সবার সঙ্গেই এমন খারাপ ব্যবহার করে?","আইচ্ছে, ইবে কি বিয়াজ্ঞুনুর লগেই এন হারাপ বেবার গরে?"
এই মোবাইলটার ব্যাটারি ব্যাকআপ কেমন?,এই মোবাইল ইবের ব্যাটারি ব্যাকাপ কেন?
"আজকে বাসায় মেহমান আসবে, সেজন্য তাড়াতাড়ি উঠে গেছি","আজিয়ে বাসাত মেমান আইবো, এতেল্লে তারাতারি উডি গেই"
আমি ভাত খাব না রাগ করব আমার মনে জ্বালা,আঁই ভাত ন হাইয়্যুম গুসসা অইয়্যুম আঁর মনোত জ্বালা
"মাঝে মাঝে পাহাড় থেকে হাতি আসে, একবার একটা হাতি একজন মানুষকে মেরে ফেলেছিল","মাঝে মাঝে ফা'রুত্তুন আতি আইয়্যি, একবার উজ্ঞো আতি মানুষ উজ্ঞোরে মারি ফেলাইয়্যিল"
তোর রেজাল্ট কখন দেবে? পাশ করবি তো এবার?,তুর রেজাল্ট হত্তে দিবু? পাশ গরিবিনি এবার?
কোমরে বেশি ব্যথা করছে,কেইলুত বেশি ব্যথা গরের
আমাকে দেখে সালাম দিয়েছে এবং ঘরের সবাই কেমন আছে জিজ্ঞেস করেছে,আঁরে দেহি সালাম দিয়ি আর ঘরোর বিয়াজ্ঞুন কেন আছে ফুস গইজ্জি
"আমার নরওয়েতে যাওয়ার খুব ইচ্ছা, ওখানে নাকি রাত আর দিন অনেক বড় হয়","আত্তুন নরওয়েত যাইবের বৌত ইচ্ছে, এনডে বলে রাইত আর দিন বৌত বরো অয়"
"অনেক বেশি জার্নি হয়ে গেছে, আজকের দিনটা রেস্ট নিতে হবে","বৌত বেশি জার্নি অই গেইয়্যি, আজিয়ের দিন ইয়েন রেস্ট লন ফরিবু"
"আপু, এটা বাসায় নিয়ে গিয়ে পরে দেখেন, যদি সাইজ না হয় তাহলে চেঞ্জ করে দেব","আপা, ইবে বাসাত লই যায় পরি চন, যদি সাইজ ন অয় তইলি চেঞ্জ গরি দিয়্যুম"
"আজ যে মেয়েটাকে দেখতে গিয়েছিলাম, ওকে ভালো মনে হলো","আজিয়ে যে মেইফুওয়ারে চাইতাম গেইলাম, ইবেরে ভালা মনে অইলু"
"নানা যখন বেঁচে ছিলেন, তখন আমাদেরকে অনেক দেখতে পারতেন","নানা যহন বাঁছি আছিল, তহন আঁরারে বৌত দেইত ফাইত্তো"
"মেসি অনেক ভালো খেলে, তিনি গতবার বিশ্বকাপ জিতেছিলেন","মেসি বৌত ভালা খেলে, ইবে গতবার বিশ্বকাপ জিইত্তিল"
আমার চাচারা আমাদের দেখে হিংসা করে,আঁর চাচা অক্কল আঁরারে দেহি হিংসে গরে
"তোমার সঙ্গে কথা বললে সময় যে কখন চলে যায়, বুঝতেই পারি না","তোঁয়ার লগে হতা হইলি সময় যে হত্তে চলি যায়, বুঝিতই ন পারি"
"সবকিছুর দাম বেশি, সেজন্য এক কেজি আলু নিয়ে চলে এলাম","বিয়াক কিছুর দাম বেশি, এতেল্লে এক কেজি আলু লই চলি আইস্যি"
"আমার অর্ধেক কাজ শেষ হয়ে গেছে, বাকি অর্ধেক পরে করব","আঁর অদ্ধক হাজ শেষ অই গেইয়্যি, বাকি অদ্ধক পরে গইজ্জুম"
"এখন দিনকাল ভালো না, বাইরে বের হবি না","এহন দিনহাল ভালা ন, বাদ্দি বাইর ন অইস"
"বন্ধু, ভাবির হাতের রান্না তো সেই মজা","বন্ধু, ভাবির আতোর রান্না তো সেই মজা"
"তুমি অনেক দুষ্টু আছো, তোমাকে আমার ভাল লেগেছে","তুঁই বৌত জারগো আছো, তোঁয়ারে আত্তুন ভালা লেইজ্ঞি"
"এমনি বলে যাচ্ছি আর কী, কে শোনে কার কথা","এনে হই যাইর এরি, হনে উনে হার হতা"
সে কোথায় গেছে সেটা কি তুমি জানো?,ইতে হনডে গেইয়্যি ইয়েন কি তুঁই জানো?
বাড়ির কাজ না করলে ম্যাম আসলে বকা দেবে,বারির হাজ ন গরিলি ম্যাম আইলি বকা দিবু
তুর মাকে বলিস এবার আমাদেরকে কিছু আম দিতে,তুর মারে হইস এবার আঁরারে কিছু আম দিতো
বাতাসের কারনে আম গাছের আমগুলো সব উঠানে পড়ে গেছে,বাতাসোর হারনে আম গাছোর আম এগুন বিয়াক উডোনোত পরি গেইয়্যি
"মুরগির পাগুলো আনিয়েন না, ওগুলো রেডি করা ঝামেলা","কুরোর টেং এগিন ন আইন্নুন, এগিন রেডি গরন ঝামিলে"
এর থেকে কমে বিক্রি করলে আমাদের আর ব্যবসা করা হবে না,ইয়াত্তুন হমে বেছিলি আরাত্তুন আর ব্যবসা গরন ন অইবু
সাদা রঙের পাঞ্জাবিতে শুধু দাগ লেগে যায়,সাদা রঙুর পাঞ্জাবিত উধো দাগ লাগি যায়
আমি যদি ছেলে হতাম তাহলে অনেক কিছু করতে পারতাম,আঁই যদি মরতফুওয়া অইতাম তইলি বৌত কিছু গরিত ফাইত্তাম
"আপনি একসময় অনেক ভালো ছিলেন, এখন খারাপ হয়ে গেছেন","অঁনে একসময় বৌত ভালা আছিলেন, এহন হারাপ অই গেইয়্যুন"
আমি সকালে তাড়াতাড়ি উঠি,আঁই বেইন্নে তারাতারি উডি
"রফিক সাহেব কেমন আছেন? অনেকদিন তাঁর সাথে দেখা হয় নাই, আমার চিন্তা হচ্ছে এখন","রফিক সাব কেন আছে? বৌতদিন ইবের লগে দেহা ন আই, আত্তোন চিন্তে লাগের এহন"
"সরি ভাই, আর কম হবে না","সরি বদ্দা, আর হম ন অইবু"
"ধন্যবাদ, আবার আসবেন","ধইন্যবাদ, আবার আইস্যুন"
"আপনি আমার পুরোনো কাস্টমার, তাই দাম বেশি বলব না","অঁনে আঁর ফুরন কাস্টোমার, এতেল্লে দাম বেশি হইতাম নো"
"আজকে মেহমান আসছে, বাজার থেকে গরুর মাংস আর চিংড়ি মাছ নিয়ে আসো","আজিয়ে মেমান আইয়্যির, বাজারোত্তুন গরু গোস্ত আর ইছে মাছ আনো"
তোমাকে আমি বারবার বারণ করেছিলাম যে বৃষ্টিতে না ভিজতে,তোঁয়ারে আঁই বারবার মানা গইজ্জিলাম যে বৃষ্টিত ন ভিজতু
আস্তে আস্তে আমরা একদম শেষের দিকে চলে আসছি,আস্তে আস্তে আঁরা এব্বেরে শেষুর দিকে চলি আইসসি
আমি আজকে রিয়াজ উদ্দিন বাজার থেকে সব নিয়ে আসব,আঁই আজিয়ে রিয়াজ উদ্দিন বাজারোত্তুন বিয়াক লই আসসুম
সব কাপড় তোমাকে ধুতে হবে,বিয়াক হর তোঁয়াত্তুন ধোয়ন পরিবো
শীতকাল গিয়ে এখন গরমকাল চলে আসছে,শীতহাল যাইরে এহন গরমহাল চলি আইস্যি
"বাবা, আমার সাইকেলটা একটু মেরামত করিয়ে দাও, চাকা নষ্ট হয়ে গেছে","আব্বু, আঁর সাইকেলগান এক্কানা মেরামত গরাই দও, চাক্কা নষ্ট অই গেইয়্যি"
"আজকে শেষবারের মত বলছি, আর বলব না","আজিয়ে শেষবারোর মতন হইদ্দি, আর হইতাম ন"
"যা হয়েছে অনেক বেশি হয়েছে, আর করতে হবে না","যা অইয়্যি বৌত বেশি অইয়্যি, আর গরন ফইত্তু ন"
"দাদুকে অনেক মিস করি, দাদু মারা যাওয়ার পর থেকে ঘরটা কেমন জানি অন্ধকার হয়ে গেছে","দাদারে বৌত মিস গরির, দাদা মরি যাইবের পরুত্তুন ঘর ইয়েন কেন জানি আধার অই গেইয়্যি"
আমার লাগেজটা কোনদিকে রাখব? বাসে কি লাগেজ রাখার জায়গা আছে?,আঁর লাগেজ ইবে হুনদি রাইক্কুম? বাসুত কি লাগেজ রাহিবের জাগা আছে?
"মাছগুলো একদম জীবিত, নড়ছে দেখেন","মাছ এগুন এব্বেরে জিয়াতা, নরেদ্দে সো"
"তোমার কথা আমার অনেক মনে পড়ে, কিন্তু সেটা আমি প্রকাশ করি না","তোঁয়ার হতা আত্তুন বৌত মনত পরে, কিন্তু ইয়েন আঁই প্রকাশ ন গরি"
কল দেব ভাইয়া? আমি এখন বাইরে আছি,কল দিয়্যুম ভাইয়ে? আঁই এহন বাইরে আছি
"ভাই, বাসস্ট্যান্ড থেকে হোটেলে যেতে কি রিকশা পাওয়া যাবে?","বদ্দা, বাসস্ট্যান্ড উত্তুন হোটেল উত যাইতে কি রিকশা পন যাইবু?"
"বৃষ্টির দিনে ঘরবন্দী হয়ে বসে আছি, কোনো কাজ করতে পারছি না","বৃষ্টির দিনুত ঘরবন্দী অই বই আছি, হনো হাজ গরিত ন পারির"
বৃষ্টির দিনে কাপড় শুকাতে অনেক কষ্ট হয়ে যায়,ঝরোর দিনোত হর ফুঅতে বৌত হষ্ট অই যায়
"কী হয়েছে বুঝছি না, অনেকক্ষণ ধরে ফোন বন্ধ পাচ্ছি","কী অইয়্যি ন বুঝির, বৌত হতক্ষন ধরি ফোন বন্ধ ফাইর"
"আমার ছোট ভাই সারাদিন শুধু ভাত আর ডাল খায়, অন্য কিছু মুখে তোলে না","আঁর ছোডো ভাই আরাদিন উদো ভাত আর ডেইল হায়, অন্য কিছু মুখুত ন তোলে"
তোকে দেখে অসুস্থ মনে হচ্ছে,তুরে দেহি রে অসুস্থ মনে অর
"আমি তোমাকে বাধ্য করছি না, যদি তোমার ইচ্ছা থাকে তাহলে কর","আঁই তোঁয়ারে বাধ্য ন গরির, যদি তোঁয়ার ইচ্ছে থাহে তইলি গরো"
"আমি ভালো আছি, তুমি কেমন আছো?","আঁই গম আছি, তুঁই কেন আছো?"
এই ঈদে আমরা একটা ফ্যামিলি টুর দেব,এই ঈদুত আঁরা উজ্ঞো ফ্যামেলি টুর দিয়্যুম
"ওর থেকে নিয়েন না, ওর মাছগুলো গতকালের মাছ","ইতেত্তুন ন লইয়্যুন, ইতের মাছ এগুন গত হালিয়ের মাছ"
বন্ধুদের সাথে আড্ডা না দিয়ে জলদি ঘরে এসে পড়তে বস,বন্ধু অক্কলোর লগে আড্ডা ন দি হারা ঘরোত আই রে ফইত্তু বই
"বন্ধু চল, আজকে বহাদ্দারহাট থেকে ওরশ বিরিয়ানি খেয়ে আসি","বন্ধু চল, আজিয়ে বহাদ্দারহাটুত্তুন ওরশ বিরেনি হায় আই"
আমি জানিনা আজকে কি হয়েছে,আঁই ন জানি আজিয়ে কি অইয়্যি
প্রতিদিন সকালে তাড়াতাড়ি উঠে কোরআন তেলাওয়াত করবে,ফইত্তুদিন বেইন্নে তারাতারি উডি কোরআন তেলাওয়াত গরিবে
আমি সকালে উঠে খালি পেঠে এক গ্লাস পানি খায়,আঁই বেইন্নে উডি হেইল্যে ফেডে এক গ্লাস পানি হায়
কুকুরের পেঠে নাকি ঘি হজম হয় না,কুত্তর ফেডুত বলে ঘি অজম ন অয়
"ভাই, পাওরুটি এটা কখনের? মেয়াদ আছে?","বদ্দা, পওরুটি ইবে হত্তের? মিয়াদ আছে না?"
যেন তোমার কষ্ট না হয় সেজন্য আমি নিয়ে আসছি,যেন তোঁয়াত্তুন হষ্ট ন আয় এতেল্লে আঁই লই আইসসি
"বড় ভাই, কাজ হবে তো?","বদ্দা, হাম অইবু না?"
"কী রে, তুই এখনো সেই পুরোনো অভ্যাস ছাড়তে পারলি না","কি রে, তুই এহনো সেই পুরন অভ্যেস ছারিত ন পারিলি"
অসুখ নিয়ে বসে থাকা ভালো না,অসুখ লই বই থাহন ভালা ন
"আমাদের হাতে এখন বেশি সময় নেই, যা করার তাড়াতাড়ি করতে হবে","আঁরার আ'তুত এহন বেশি সময় নেই, যা গরিবের তারাতারি গরন ফরিবু"
কথা না বলে চুপ চাপ খাবার খাও,হতা ন হইরে চুপ চাপ হানা হ
"স্যার, অনেকক্ষণ হয়ে গেল, এবার যদি আমার খাতাটা দিয়ে দিতেন","স্যার, বৌত হতক্ষন অই গেইয়্যি, এবার যদি আঁর হাতাগো দি দিতেন"
"ভাইয়া, এগুলো সাগরের মাছ, তাই দাম বেশি","ভাইয়ে, এগুন সাগরুর মাছ, এতেল্লে দাম বেশি"
আমরা দুবাই না গিয়ে আরও কম টাকায় অন্য কোথাও ঘুরে আসতে পারি,আঁরা দুবাই ন যাই আরও হম টিয়া দি অন্য হনোমিক্কে ঘুরি আইত ফারি
আবির কাঁধে ব্যাগ নিয়ে বের হয়ে গেছে,আবির হাধুত ব্যাগ লই বাইর অই গেইয়্যি
"দেখো, আমার তোমার সঙ্গে মুখ লাগানোর কোনো ইচ্ছা নেই। এমনিতেই মন-মেজাজ ভালো না","স, আত্তুন তোঁয়ার লগে মুখ লাগাইবের হনো ইচ্ছে নেই, এনেই মন-মেজাজ ভালা নো"
দরজার পর্দাটা টেনে দিলে কি সমস্যা? আমার লজ্জা লাগছে তো,দরজার পর্দাগান টানি দিলি কি সমস্যা? আত্তুন শরম লাগের তো
আমার ছোটবেলা থেকে স্বপ্ন ঢাকা বিশ্ববিদ্যালয়ে পড়াশোনা করা,আঁর ছোডোবেলাত্তুন স্বপ্ন ঢাহা বিশ্ববিদ্যালয় উত পরালেহা গরন
এদের দুজনের পাঞ্জাবি দেখে বোঝা যাচ্ছে এরা দুজন ভাই,ইতারা দুনুজনোর পাঞ্জাবি দেহি বুঝা যার ইতারা দুনুজন ভাই
এটা অনেক ফালতু একটা মোবাইল,ইবে বৌত ফালতু উজ্ঞো মোবাইল
তোরা খেলতে যাওয়ার পর আমাকে বলিস,তুরা খেইলতো যাইবের পরে আঁরে হইস
তোমার দোকানের ছেলেটার ব্যবহার ভালো লাগেনি আমার,তোঁয়ার দোয়ানুর ফুওয়া ইবের বেবার ভালা ন লাগে আত্তুন
"ভোরে সূর্য ওঠার আগেই আমি উঠে পড়ি, তারপর নামাজ পড়ি","ফোওয়াত্তে সূর্য উডিবের আগেই আঁই উডি যায়, তারপর নামাজ পরি"
"হ্যালো আসসালামু আলাইকু্ম, কেমন আছেন? কতোদিন পর","হ্যালো আসসালামু আলাইকুম, কেন আছন? হতোদিন পর"
পাগলের সুখ নাকি মনে মনে,ফঅলুর সুখ বলে মনে মনে
আমার সব কাপড় পুরাতন হয়ে গেছে,আঁর বিয়াক হর ফুরন অই গেইয়্যি
"বেশি গরম লাগছে, পাখাটা অন করো","বেশি গরম লার, ফ্যান ইবে চালু গরো"
"বাসা খুঁজতে খুঁজতে ক্লান্ত হয়ে গেছি, তাও একটা ভালো বাসা পাইনি","বাসা তোওয়াইতে তোওয়াইতে অরান অই গেই, তাও এক্কান গম বাসা ন পাই"
আমাদের এলাকায় রবি নেটওয়ার্ক একদম নেই,আঁরার এলাকাত রবি নেটওয়ার্ক এব্বেরে নেই
বাজার থেকে একটা বড় সাইজের মুরগি নিয়ে আসো,বাজারুত্তুন উজ্ঞো বরো সাইজুর কুরো লই আইয়্যো
এই সমস্যাটার জন্য আমরা সামনে এগোতে পারছি না,এই সমস্যা ইয়েনুর লাই আঁরা সামনে আগাইত ন পারির
"মুরাদ বলল, তুমি নাকি ১০ তারিখে ঢাকায় চলে যাচ্ছ?","মুরাদ হইয়্যি, তুঁই বলে ১০ তারিখ ঢাহা চলি যার?"
"চুলায় আগুন জ্বালিয়ে দাও, এখন রান্না করব","চুলোত অইন জলাই দ, এহন রান্না গইজ্জুম"
পেটে এত বেশি ব্যথা করছে যে বসতেও পারছি না,ফেডুত এত বেশি ব্যথা গরেদ্দে বইতও ন ফারির
"ভাই, একটু কম করে দিলে নিয়ে যাব","বদ্দা, এক্কানা হম গরি দিলি লই যাইয়্যুম"
ক্যাশ দিলে কি একটু ছাড় পাওয়া যাবে?,ক্যাশ দিলি কি এক্কানা ছার পন যাইবু?
"খালি পেটে আমার মাথা কাজ করে না, কিছু খেতে পারলেই শান্তি","হেইল্যে ফেডে আঁর মাথা হাজ ন গরে, কিছু হাইত ফারিলিই শান্তি"
সে এত দ্রুত খায় যে মনে হয় খাবার চিবানোর সময়ই পায় না,ইবে এল্লেত দ্রুত হায় দে মনে অয় হানা চাবাইবের সময় ন পায়
"আমার কাপড় আমি ধোব, তোমার ধোয়ার দরকার নেই","আঁর হর আঁই ধুইয়্যুম, তোঁয়াত্তুন ধোওয়োনুর দরহার নেই"
"এই মাসে কক্সবাজারে অনেক জ্যাম হবে, সামনের মাসে যাব","এই মাসুত কক্সবাজারুত বৌত জাম অইবু, সামনুর মাসুত যাইয়্যুম"
"আগামীকাল পরিক্ষা, সেজন্য সকালে জলদি উঠতে হবে","হালিয়ে পরিক্ষে, এতেল্লে বেইন্নে তারাতারি উডন পরিবো"
আপনার জন্য অপেক্ষা করব আমি,অঁনোর লাই অপেক্ষা গইজ্জুম আঁই
"অনেক বেশি কুয়াশা, কুয়াশার জন্য সূর্য দেখা যাচ্ছে না","বৌত বেশি হুয়া, হুয়ার লাই সূর্য দেহা ন যার"
অনেকগুলো মাছ মরে গিয়ে পুকুরে ভাসছে,বৌত হদুজ্ঞুন মাছ মরি ফইরুত ভা'আর
"টাকা আয় করা যে কত কষ্ট, সেটা যে আয় করে সেই জানে",টিয়া হামন যে হত হষ্ট ইয়েন যে হামাই ইতে জানে
"জ্বর হওয়ার কারণে মুখের রুচি চলে গেছে, তাই এখন কোনো কিছুর স্বাদ লাগছে না","জ্বর অইবের হারনে মুখুর রুচি চলি গেইয়্যি, এতেল্লে এহন হনো কিছুর স্বাদ ন লাগের"
"আমার কাজ আমি ঠিক সময়ে শেষ করে ফেলব, তুই একদম চিন্তা করিস না","আঁর হাজ আঁই ঠিক সময়ুত শেষ গরি ফেলাইয়্যুম, তুই একদম চিনতে ন গরিস"
"খবরে শুনলাম নতুন একটা ঘূর্ণিঝড় আসছে, সবাইকে আশ্রয়কেন্দ্রে চলে যেতে বলল","হবরুত উনিলাম নতুন উজ্ঞো ঘূর্ণিঝর আইয়্যির, বিয়াজ্ঞুনুরে আশ্রয়কেন্দ্রত চলি যাইতু হইয়্যি"
"মাসুদ সাহেব, কেমন লাগতাছে আমাদের আয়োজন?","তো মাসুদ সাব, কেন লার আঁরার আয়োজন?"
বাতাস বেশি হওয়ার কারণে ছাতাটা ভেঙে গেল,বাতাস বেশি অইবের হারনে ছাতিগান ভাঙি গেইয়্যি
ছোটবেলায় নাকি তুই বিছানায় প্রস্রাব করে দিতি?,গুরো থাকতে বলে তুই বিছেনুত মুতি দিতি?
"আমার শরীর একদম ভাল না, আমার জন্য একটু দোয়া করিও","আঁর শরীল এব্বেরে ভালা ন, আঁর লাই এক্কানা দোয়া গইজ্জো"
"বসন্তের বাতাসে ফুলের গন্ধ ভেসে আসছে, মনটা কেমন আনন্দে ভরে উঠছে","বসন্তর বাতাসুত ফুলুর গন্ধ বাই আইয়্যির, মন ইয়েন আনন্দে ভরি উইট্টি"
"ওর মাথা ঠিক নাই, মাথা ঠিক থাকলে এমন কথা বলত?","ইতের মাথা ঠিক নেই, মাথা ঠিক থাহিলি এল্লেত হতা হইতু?"
এভাবে মরার মতো কে ঘুমায়! জলদি উঠ ঘুম থেকে,এল্লেত মরার মতন হনে ঘুম যায়! হারা উঠ ঘুমুত্তোন
"আরে হাছান, কি খবর?","আরে হাছান, কি হবর?"
সারাদিন ফোন টিপা ছাড়া আর কোন কাজ আছে?,ফুরোদিন ফোন টিপন ছাড়া আর হনো হাম আছে?
বন্ধুকে বললাম একা একা না থেকে একটা বিয়ে করে নিতে,বন্ধুরে হইলাম এহেল্লে এহেল্লে ন থাহি উজ্ঞো বিয়ে গরি লইতো
আল্লাহ যা করেন ভালোর জন্য করেন,আল্লাহ যা গরে ভালার লাই গরে
"এখন বর্ষাকাল, তাই বান্দরবানের পাহাড়ে না গেলে ভালো হবে","এহন বর্ষাহাল, এতেল্লে বান্দরবন ফারুত ন যাইলি ভালা অইবু"
আমার যদি দোষ থাকতো তাহলে আমি মেনে নিতাম,আঁর যদি দোষ থাইকতো তইলি আঁই মানি লইতাম
"আমরা অনেক সময় মানুষকে বেশি বিশ্বাস করে ফেলি, যার কারণে পরে গিয়ে কষ্ট পাই","আঁরা বৌত সময় মানুষ উরে বেশি বিশ্বেস গরি ফেলাই, যার হারনে পরে যাই হষ্ট পাই"
"হ্যালো রাকিব, কোথায় যাচ্ছো?","হ্যালো রাকিব, হনডে যর?"
মাঝে মাঝে প্রতিবেশীদেরও খোঁজখবর নিতে হয়,মাঝে মাঝে প্রতিবেশী অক্কলোরও হোচ হবর লন ফরে
শুনলাম আমাদের ভার্সিটি খুলবে আগামী সপ্তাহ?,উইন্নিলাম আঁরার ভার্সিটি খুলিবু আগামী সপ্তাত?
"বর্ষাকাল আসলেই আমার জন্য সমস্যা, সব কাজ বন্ধ থাকে","বর্ষাহাল আইলিই আঁর লাই সমস্যা, বিয়াক হাজ বন্ধ থাহে"
"আমার ব্যাগটা বেশি ভারী, আমাকে একটু হেল্প করেন","আঁর ব্যাগ ইবে বেশি ভারী, আঁরে এক্কানা হেল্প গরন"
তোকে দেখলেই আমার মাথা গরম হয়ে যায়,তোরে দেহিলিই আঁর মাথা গরম অই যাই
আমার ভাইকে কেউ দেখতে পারলে আমার অনেক ভালো লাগে,আঁর ভাইয়্যুরে কিয়াই দেইত ফারিলি আত্তুন বৌত ভালা লাগে
"এখন বয়স হয়েছে, তাই ওভাবে ঘোরাঘুরি করা হয় না","এহন বয়স অইয়্যি, এতেল্লে ওভাবে ঘোরাঘুরি গরা ন অয়"
"তুমি কোনো চিন্তা করো না, তোমাকে প্রতিদিনের টাকা প্রতিদিনই দিয়ে দেওয়া হবে","তুঁই হনো চিন্তে ন গইজ্জো, তোঁয়ারে ফইত্তুদিনুর টিয়া ফইত্তুদিনই দিই দিবু"
হজমশক্তি দিন দিন কমে যাচ্ছে,অজমশক্তি দিন দিন হমি যার
বাকি টাকাগুলো ফেরত দিলে ভাল হবে,বেইক্কে টিয়াগুন ফেরত দিলি ভালা অইবু
"আজকে একটা আকাম হয়েছে, আমার জুতা চুরি হয়ে গেছে","আজিয়ে এক্কান আকাম অইয়্যি, আঁর জুতা চুরি অই গেইয়্যি"
"ভালো হয়ে যা বন্ধু, প্রেম করা ভালো না","ভালা অই যা বন্ধু, প্রেম গরন ভালা ন"
লেবু নাকি ৪টা একশ টাকা,লেবু বলে ৪গো একশ টিয়া
তুই আমাকে বলিস নাই কেন?,তুই আঁরে নহস কা?
"আমি যেহেতু প্রজেক্ট ম্যানেজার, সেজন্য সিদ্ধান্ত আমিই নেব","আঁই যেহেতু প্রজেকট ম্যানেজার, এতেল্লে সিদ্ধান্ত আঁই লইয়্যুম"
দরদাম করতে না জানলে তো টাকা বেশি নিয়ে ফেলবে,দরদাম গরিত ন জানিলি তো টিয়া বেশি লই ফেলাইবু
"আমার এক খালামণি ছিলেন, যিনি মুড়ি দিয়ে চা খেতেন","আঁর উজ্ঞো হালা আছিল, যিবে মুরি দি চা হাইতু"
"আমি বের হচ্ছি, এখন এভাবে মুখ কালো করে থাকলে আমি যাব কীভাবে?","আঁই বাইর অইর, এহন এল্লেত মুখ হালা গরি থাহিলি আঁই যাইয়্যুম কেনে?"
নতুন স্যারের পড়াগুলো কিছু বুঝি না,নতুন স্যার উর পরা এগিন কিছু ন বুঝির
"আজকে নদীতে স্রোত বেশি, মাছ ধরতে যাওয়া ঠিক হবে না","আজিয়ে দইজ্জেত উত বেশি, মাছ ধইত্তু যন ঠিক অইতুনো"
"মাছগুলো কি ফার্মের, নাকি দেশি?","মাছ এগুন কি ফার্মুর, নাকি দেশি?"
হোমওয়ার্ক না করলে আমি ম্যাডামকে বলে দেবো,হোমওয়ার্ক ন গরিলি আঁই ম্যাডাম উরে হই দিয়্যুম
"আমার শার্টটা একটু ধুয়ে দিও তো, এটা অনেক ময়লা হয়ে গেছে","আঁর শার্ট ইবে এক্কানা ধুই দিও তো, ইবে বৌত হাচারা অই গেইয়্যি"
ছোটবেলায় রমজান মাসে মসজিদে তারাবিহ পড়তে গেলে অনেক দুষ্টামি করতাম,গুরো থাকতে রমজান মাসুত মসইদুত তারাবিহ ফইত্তু গেইলি বৌত যারগই গইত্তাম
ঘরের সবচেয়ে ছোট ছেলেটা অনেক দুষ্টু হয়,ঘরোর বিয়াজ্ঞুনুত্তুন গুরো ফুওয়া ইবে বৌত জারগো অই
"এখন ক্ষুদা নাই, পরে খাবো","এহন ভুক নাই, পরে হাইয়্যুম"
তোমাকে অনেকদিন দেখিনায়,তোঁয়ারে বৌতদিন ন দেহি
আমি চিন্তা করছি এবার শীতের ছুটিতে আমার দাদুকে একবার গিয়ে দেখে আসব,আঁই চিনতে গরির এবার শীতুর ছুটিত আঁর দাদুরে একবার যাই সাই আইসসুম
দাঁত না মাজলে দাঁতে পোকা হবে,দাত ন মাজিলি দাতুত ফুক অইবু
"আমাদের একটা বাস দিয়ে হবেনা, দুইটা লাগবে","আরাত্তুন এক্কান বাস দি ন অইবু, দুইয়েন লাগিবু"
মাঠে গেলে চল,মাঢ়োত যাইলি চল
"আমি সবসময় তোমার দোকান থেকে কাপড় নিই, এবার দাম কম রাখতে হবে","আঁই সবসময় তোঁয়ার দোয়ানুত্তুন হর লই, এবার দাম হম রাহন ফরিবু"
"সামনে একটা এক্সিডেন্ট হয়েছে, তাই রাস্তায় জ্যাম লেগে আছে","সাম্মোদ্দি এক্কান এক্সিডেন্ট অইয়্যি, এতেল্লে রাস্তাত জাম লাগি থেইক্কি"
আজকে অফিসে যেতে হবে যে তাই আসতে পারব না,আজিয়ে অফিসুত যন ফরিবু দে এতেল্লে আইইয় ফাইত্তাম নো
"আইডি কার্ডটা নিয়ে আসি, না হলে আবার বের করে দেবে","আইডি কার্ড ইয়েন লই আই, নইলি আবার বাইর গরি দিবু"
রোগ প্রতিরোধ ক্ষমতা বাড়াতে হলে প্রতিদিন তাজা ফলমূল এবং শাকসবজি খাওয়া দরকার,রোগ প্রতিরোধ ক্ষমতা বারাইতু চাইলি ফইত্তুদিন তাজা ফলমুল আর শাকসবজি হন দরহার
"মেয়েটার সারারাত জ্বর ছিল, কিছু খেতে পারেনি","মেইফুওয়া ইবের আরাঁরাইত জ্বর আছিল, কিছু হাইত ন পারে"
আল্লাহ আমার আপুকে একটা সুন্দর জামাই দিক,আল্লাহ আঁর আফারে উজ্ঞো সুন্দর জামাই দক
"এই বিড়ালটা এত দুষ্টু, মাছ ভেজে রেখেছিলাম যে ওখান থেকে চুরি করে খেয়ে ফেলেছে","এই বিলেই ইবে এল্লেত জারগো, মাছ ভাজি রাইক্কিলাম দে এত্তুন চুরি গরি হায় ফেলাইয়্যি"
"এই বছর তো অনেক কম শীত পড়ছে, গত বছর আরও বেশি পড়েছিল","এই বছর তো বৌত হম শীত ফইজ্জি, গত বছর আরও বেশি ফইজ্জিল"
"ভাই, দয়া করে একটু সরে দাঁড়ান, পেছনের মানুষগুলো সামনে আসতে পারছে না","বদ্দা, দয়া গরি এক্কানা সরি থিয়ন, পিছুদ্দির মানুষ এগুন সামনে আইত ন পারের"
"যদি তুমি আসো তাহলে আমি অনেক খুশি হবো, অনেকদিন তুমাকে দেখি নাই","যদি তুঁই আইয়্যু তইলি আঁই বৌত খুশি অইয়্যুম, বৌতদিন তোঁয়ারে ন দেহি"
"দেরি হয়ে গেলে সমস্যা হবে, তাই যা করার জলদি করুন","দেরি অই গেলি সমস্যা অইবু, এতেল্লে যা গরার হারা গরন"
"যে পরীক্ষা দিয়েছি, মনে তো হয় না পাশ করব","যে পরীক্ষে দিই, মনে তো ন অয় পাশ গইজ্জুম"
"আমরা ওখানে শুধু দুদিন থাকব, তাই বেশি জিনিস নিয়ে যেতে হবে না","আঁরা এনডে উধো দুদিন থাইক্কুম, এতেল্লে বেশি জিনিস লই যন ন ফরিবু"
"সত্যি বলতে আমার ওখানে যাওয়ার কোনো ইচ্ছা নেই, আপনি জোর করছেন তাই যাচ্ছি","সত্যি বলতে আত্তুন এনডে যাইবের হনো ইচ্ছে নেই, অঁনে জোর গরের এতেল্লে যাইর"
আমি কি চাই সেটা তুমি আমার চেহারা দেখে বলতে পারবেনা?,আঁই কি চাই ইয়েন তুঁই আঁর চিয়ারা দেহি হইত ন ফারিবে?
এই বৃষ্টির দিনে সবাই মিলে লুডু খেললে মন একদম ভালো হয়ে যাবে,এই বৃষ্টির দিনুত বিয়াজ্ঞুন মিলি লুডু খেলিলি মন এব্বেরে ভালা অই যাইবু
"বার বার বলি যে বাজার থেকে কিছু নিলে ভালভাবে দেখে নিতে, এখন দোকানদার সব পঁচা আম দিয়ে দিছে তোমাকে","বার বার হয়দি বাজারোত্তুন কিছু লইলি ভালা গরি চায় লইবের লাই, এহন দোয়ানদার বিয়াক পুঁচা আম দি দিয়ি তোঁয়ারে"
"আমাদের আরও দুজন বাকি আছে, ওরা পটিয়া থেকে উঠবে","আরাত্তুন আরো দুইজন বাকি আছে, ইতারা পটিয়েত্তুন উডিবু"
পিকনিকে গিয়ে আমরা একসাথে অনেক মজা করেছি,পিকনিকুত যায় রে আঁরা এক্কোওয়ারে বৌত মজা গইজ্জি
"দেখি এবার বলো, এতদিন কোথায় ছিলে?","সাই এবার হ, এতদিন হন্ডে আছিলে"
তুমি এই রাস্তা দিয়ে কোথায় যাচ্ছ?,তুঁই এই রাস্তা দি হনডে যার?
"আমাকে বোকা বানানো এত সহজ না, আমি কাপড় দেখলেই কোয়ালিটি বুঝে যাই","আঁরে বোকা বানন এতো সোজা নো, আঁই হর দেহিলিই কোয়ালিটি বুঝি যাই"
"কপি করলে করো, কিন্তু শব্দ করবে না","কপি গরিলি গরো, কিন্তু শব্দ ন গইজ্জো"
এই মোবাইল ফোনটার ক্যামেরা কেমন? কারণ আমি ছবি তোলার জন্যই কিনতে চাইছি,এই মোবাইল ফোন ইবের ক্যামেরা কেন? হারন আঁই ছবি তোলিবের লাই কিনতাম চাইদ্দি
"১০ তারিখ নাকি সারা দেশে হরতাল দিয়েছে, ওইদিন যেও না","১০ তারিখ বলে সারা দেশ উত হরতাল দিইয়্যি, ওইদিন ন যাইয়্যু"
"এখন সমুদ্র উত্তাল, অনেক বড় বড় ঢেউ উঠছে","এহন সাগর গরম, বৌত বরো বরো ঢেউ উডের"
"আপু, তুমি আমাকে পড়াটা একটু বুঝিয়ে দাও","আফা, তুঁই আঁরে পরাগান এক্কানা বুঝায় দও"
"শরীরে ভিটামিনের অভাবে চুল পড়ে যাচ্ছে, ডাক্তার সাপ্লিমেন্ট নিতে বললেন","শরীলুত ভিটেমিনুর অভাবে চুল পরি যার, ডাক্তার সাপ্লিমেন্ট লইতু হইয়্যি"
"এই বাসে কি এসি আছে, কারণ গরমের মধ্যে যেতে অনেক কষ্ট হবে","এই বাসুত কি এসি আছে, হারন গরমুর মধ্যে যাইতে বৌত হষ্ট অইবু"
