Chatgaya,Bangla
আজিয়ে হাজোত এব্বেরে মন ন বইয়্যির,আজকে কাজে একদম মন বাসছেনা
আজিইয়্যে হাজোত এব্বেরে মন ন বইয়্যির,আজকে কাজে একদম মন বাসছেনা
"ভাইয়া, এবার দেশুত আইবের সমত আঁর লাই উজ্ঞো দামি ফোন লই আইসসো","ভাইয়া, এবার দেশে আসার সময় আমার জন্য একটা দামি ফোন নিয়ে এসো"
ইফতেরুর ফরে মার্কেটুত মানুষ বেশি থাহিবু,ইফতারের পরে মার্কেটে মানুষ বেশি থাকবে
সময়মতো হানা ন হাইলি শরীল দুর্বল অই যাইবু,সময়মতো খাবার না খেলে শরীর দুর্বল হয়ে যাবে
সময়মতো হানা ন হাইলি শরীর দুর্বল অই যাইবু,সময়মতো খাবার না খেলে শরীর দুর্বল হয়ে যাবে
"আঁরা বান্দরবন যেতাম চাইর, দিনুত যাই কি দিনুত ফিরি আইত ফাইজ্জুম?","আমরা বান্দরবান যেতে চাচ্ছি, দিনে গিয়ে কি দিনে ফিরে আসতে পারব?"
তোর বাফুরে হ যেন মাছ বাজারুত্তুন হাডি আনে,তোর বাবাকে বল যেন মাছ বাজার থেকে কেটে আনে
"আঁই ইতারারে বারবার নিষেধ গইজ্জিলাম, কিন্তু ইতারা আঁর হতা নো উনে","আমি তাদের বারবার নিষেধ করেছিলাম, কিন্তু তারা আমার কথা শোনে নি"
"আঁই ইতারারে বারবার নিষেধ গইজ্জিলাম, কিন্তু ইতারা আঁর হথা নো উনে","আমি তাদের বারবার নিষেধ করেছিলাম, কিন্তু তারা আমার কথা শোনে নি"
"সবসময় আসিখুশি থাহিবে, তোঁয়ারে আশিখুশি দেহিলি মিষ্টি লাগে","সবসময় হাসিখুশি থাকবা, তোমাকে হাসিখুশি দেখলে মিষ্টি লাগে"
"আরাত্তুন যদি ফিত্তে দেরি অই যাই, তইলি তুই হাইয়্যিরে ঘুমাই যাইস","আমাদের যদি ফিরতে দেরি হয়ে যায়, তাহলে তুই খেয়ে ঘুমিয়ে যাস"
"আজিয়ে বাসাত ন যাইয়্যুম, আঁই আঁর বন্ধুর বাসাত থাহি যাইর","আজকে বাসায় যাব না, আমি আমার বন্ধুর বাসায় থেকে যাচ্ছি"
"আজিইয়্যে বাসাত ন যাইয়্যুম, আঁই আঁর বন্ধুর বাসাত থাহি যাইর","আজকে বাসায় যাব না, আমি আমার বন্ধুর বাসায় থেকে যাচ্ছি"
লাগি থাহিলি একদিন সাফল্য অবশ্যই আইবু,লেগে থাকলে একদিন সাফল্য অবশ্যই আসবে
এই যে উইনতে লেইজ্ঞুন? অঁনে কি বিশ্ববিদ্যালয় উর শিক্ষক?,এই যে শুনছেন? আপনি কি বিশ্ববিদ্যালয়ের শিক্ষক?
"তোরাত্তুন দুরে থাহিলিই ভালা, একলগে থাহিলি এক্কানও ভালা হতা নো অয়","তোদের থেকে দূরে থাকলেই ভালো, একসঙ্গে থাকলে একটাও ভালো কথা হয় না"
"তোরাত্তুন দুরে থাহিলিই ভালা, একলগে থাহিলি এক্কানও গম হতা নো অয়","তোদের থেকে দূরে থাকলেই ভালো, একসঙ্গে থাকলে একটাও ভালো কথা হয় না"
"তোরাত্তুন দুরে থাহিলিই ভালা, এক্কোত্তরে থাহিলি এক্কানও ভালা হতা নো অয়","তোদের থেকে দূরে থাকলেই ভালো, একসঙ্গে থাকলে একটাও ভালো কথা হয় না"
"তোরাত্তুন দুরে থাহিলিই ভালা, এক্কোওয়ারে থাহিলি এক্কানও ভালা হতা নো অয়","তোদের থেকে দূরে থাকলেই ভালো, একসঙ্গে থাকলে একটাও ভালো কথা হয় না"
"তোরাত্তুন দুরে থাহিলিই ভালা, এক্কোফুয়ারে থাহিলি এক্কানও ভালা হতা নো অয়","তোদের থেকে দূরে থাকলেই ভালো, একসঙ্গে থাকলে একটাও ভালো কথা হয় না"
"তোরাত্তুন দুরে থাহিলিই ভালা, একলগে থাহিলি এক্কানও ভালা হথা নো অয়","তোদের থেকে দূরে থাকলেই ভালো, একসঙ্গে থাকলে একটাও ভালো কথা হয় না"
আরাত্তুন অন্যভাবে হাম গরন ফরিবু,আমাদের অন্যভাবে কাজ করতে হবে
আরাত্তুন অন্যভাবে হাজ গরন ফরিবু,আমাদের অন্যভাবে কাজ করতে হবে
শারি ইবের হর ভালা অইবু মনে অর,শাড়িটার কাপড় ভালো হবে মনে হচ্ছে
শারি ইবের হর গম অইবু মনে অর,শাড়িটার কাপড় ভালো হবে মনে হচ্ছে
তোঁয়ার হর ইবে এনডে কা? অন্যমিক্কে লই য হারা,তোমার এই কাপড়টা এখানে কেন? অন্যদিকে নিয়ে যাও জলদি
তোঁয়ার হর ইবে এনডে কা? অন্যমিক্কে লই য তারাতারি,তোমার এই কাপড়টা এখানে কেন? অন্যদিকে নিয়ে যাও জলদি
তোঁয়ার হর ইবে এনডে কা? অন্যমিক্কে লই য জলদি,তোমার এই কাপড়টা এখানে কেন? অন্যদিকে নিয়ে যাও জলদি
"মাথা ঠান্ডা গরো, আঁই কি হইর মন দি উনো","মাথা ঠান্ডা করো, আমি কি বলি মনোযোগ দিয়ে শোনো"
"আজিয়ের আকাশ বৌত পরিষ্কার, তারা এগুন স্পষ্ট দেহা যার","আজকের আকাশ অনেক পরিষ্কার, তারাগুলো স্পষ্ট দেখা যাচ্ছে"
প্রশ্ন দেহি রে আঁর মাথা ঘুরি গেইয়্যি,প্রশ্ন দেখে আমার মাথা ঘুরে গেছে
আঁরে এই বিপদ উত্তুন উদ্ধার গরো,আমাকে এই বিপদ থেকে উদ্ধার করো
"দোয়া গরিস বন্ধু, সামনে বৌত হাম","দোয়া করিস বন্ধু, সামনে অনেক কাজ"
"দোয়া গরিস বন্ধু, সামনে বৌত হাজ","দোয়া করিস বন্ধু, সামনে অনেক কাজ"
"আঁই সবজি দি ভাত হাইতাম ন, আঁরে গোস্ত দও","আমি সবজি দিয়ে ভাত খাব না, আমাকে মাংস দাও"
রাতিয়ে ন হায় ঘুমাইলি বেইন্নে উডি দুর্বল লাগিবু,রাতে না খেয়ে ঘুমালে সকালে উঠে দুর্বল লাগবে
রাতিয়ে ন হায় ঘুমাইলি ফজোরত উডি দুর্বল লাগিবু,রাতে না খেয়ে ঘুমালে সকালে উঠে দুর্বল লাগবে
বাইরে হনোমিক্কেত্তুন ঘুরি আইলি মন ভালা অই যাইবো,বাইরে কোথাও থেকে ঘুরে আসলে মন ভাল হয়ে যাবে
বাইরে হনোমিক্কেত্তুন ঘুরি আইলি মন গম অই যাইবো,বাইরে কোথাও থেকে ঘুরে আসলে মন ভাল হয়ে যাবে
বাদ্দি হনোমিক্কেত্তুন ঘুরি আইলি মন ভালা অই যাইবো,বাইরে কোথাও থেকে ঘুরে আসলে মন ভাল হয়ে যাবে
"অফিস উত্তুন ছুটি পায়, আঁরা হালিয়ে বাইর অইয়্যুম","অফিস থেকে ছুটি পেয়েছি, আমরা আগামীকাল বের হব"
"স্যার, আঁই ইতের মিক্কে নো চাই","স্যার, আমি ওর দিকে তাকাইনি"
"আঁই এহনুত্তুন টিয়া জমাইর, যেন বন্ধত হনোমিক্কে এক্কানা ঘুরি আইত ফারি","আমি এখন থেকে টাকা জমাচ্ছি, যেন বন্ধে কোথাও একটু ঘুরে আসতে পারি"
"আঁই এহনুত্তুন টিয়া জমাইর, যেন বন্ধত হনোমিক্কে ইক্কিনি ঘুরি আইত ফারি","আমি এখন থেকে টাকা জমাচ্ছি, যেন বন্ধে কোথাও একটু ঘুরে আসতে পারি"
আত্তুন কার্টুন চাইতে বৌত ভালা লাগে,আমার কার্টুন দেখতে অনেক ভাল লাগে
আত্তুন কার্টুন চাইতে বৌত গম লাগে,আমার কার্টুন দেখতে অনেক ভাল লাগে
পরিচিত মানুষ উত্তুন এল্লেত বেশি লাভ গরন উর দরহার নেই,পরিচিত মানুষ থেকে এত বেশি লাভ করার দরকার নেই
পরিচিত মানুষ উত্তুন এতো বেশি লাভ গরন উর দরহার নেই,পরিচিত মানুষ থেকে এত বেশি লাভ করার দরকার নেই
"আঁই ৩০০ টিয়া দিইয়্যুম, যদি ফারো দিই দন","আমি ৩০০ টাকা দিব, যদি পারেন দিয়ে দেন"
গুরো থাকতে আম্মুর হাছে ১৯৯১ সালুর বন্যার হথা উইন্নিলাম,ছোটবেলায় আম্মুর কাছে ১৯৯১ সালের বন্যার কথা শুনেছিলাম
গুরো থাকতে আম্মুর হাছে ১৯৯১ সালুর বন্যার হতা উইন্নিলাম,ছোটবেলায় আম্মুর কাছে ১৯৯১ সালের বন্যার কথা শুনেছিলাম
"তুঁই এহন ভাত ন হাইয়্যু, আঁই এক্কানা ফর আলু ভত্তা গরি দির","তুমি এখন ভাত খেও না, আমি একটু পর আলু ভর্তা করে দিচ্ছি"
"তুঁই এহন ভাত ন হাইয়্যু, আঁই ইক্কিনি ফর আলু ভত্তা গরি দির","তুমি এখন ভাত খেও না, আমি একটু পর আলু ভর্তা করে দিচ্ছি"
"তুঁই এহন ভাত ন হাইয়্যু, আঁই এক্কানা ফর আলু চান্নি গরি দির","তুমি এখন ভাত খেও না, আমি একটু পর আলু ভর্তা করে দিচ্ছি"
গোসল গরি আইবের সমত তুর বাফুর লুঙ্গি ইয়েন অ ধুয় আনিস,গোসল করে আসার সময় তোর বাবার লুঙ্গিটাও ধুয়ে আনিস
"চল, আজিয়ে সুলতান'স ডাইন উত্তুন কাচ্চি বিরেনি হাই আই","চল, আজ সুলতান'স ডাইন থেকে কাচ্চি বিরিয়ানি খেয়ে আসি"
"ফজোরত ঘুম ভাঙিবের পর জানালা খুলি দি, তারপর দেহিদ্দি সূর্য উডি গেইয়্যি","সকালে ঘুম ভাঙার পর জানালা খুলে দিলাম, তারপর দেখি সূর্য উঠে গেছে"
"বেইন্নে ঘুম ভাঙিবের পর জানালা খুলি দি, তারপর দেহিদ্দি সূর্য উডি গেইয়্যি","সকালে ঘুম ভাঙার পর জানালা খুলে দিলাম, তারপর দেখি সূর্য উঠে গেছে"
চুরি গরি হনো কিছু অর্জন গরি কি লাভ?,চুরি করে কোনো কিছু অর্জন করে কী লাভ?
"টেং বৌত ব্যথা গরের, এক্কানা টিপি দও না","পায়ে খুব ব্যথা করছে, একটু টিপে দাও তো"
"টেং বৌত ব্যথা গরের, ইক্কিনি টিপি দও না","পায়ে খুব ব্যথা করছে, একটু টিপে দাও তো"
হেইল্যে গরা বাজে বেশি,খালি কলসি বাজে বেশি
হালি গরা বাজে বেশি,খালি কলসি বাজে বেশি
স্টুডেন্ট ভিসে লই ইতালি গেলি কেন অইবু,স্টুডেন্ট ভিসা নিয়ে ইতালি গেলে কেমন হবে?
বিয়াজ্ঞুনুর ব্যাগ আর মোবাইল ফোন সাম্মুদ্দি আনি রাহো,সবার ব্যাগ আর মোবাইল ফোন সামনে এনে রাখো
এন গরি মাথা ঘুরাদ্দে যেন মনে অর দুনিয়ে ইয়েন ঘুরের,এমনভাবে মাথা ঘুরাচ্ছে যেন মনে হচ্ছে দুনিয়াটা ঘুরতাছে
এক্কোওয়ারে তিন্নো লইলি কি দাম এক্কানা হম রাহিবেন?,একসাথে তিনটা নিলে কি দাম একটু কম রাখবেন?
এক্কোওয়ারে তিন্নো লইলি কি দাম ইক্কিনি হম রাহিবেন?,একসাথে তিনটা নিলে কি দাম একটু কম রাখবেন?
এক্কোত্তরে তিন্নো লইলি কি দাম এক্কানা হম রাহিবেন?,একসাথে তিনটা নিলে কি দাম একটু কম রাখবেন?
একলগে তিন্নো লইলি কি দাম এক্কানা হম রাহিবেন?,একসাথে তিনটা নিলে কি দাম একটু কম রাখবেন?
এক্কোফুয়ারে তিন্নো লইলি কি দাম এক্কানা হম রাহিবেন?,একসাথে তিনটা নিলে কি দাম একটু কম রাখবেন?
"হর ইবে বেশি হাচারা অই গেইয়্যি, আজিয়ে ধুই ফেলন ফরিবু","কাপড়টা বেশি ময়লা হয়ে গেছে, ধুয়ে ফেলতে হবে আজকে"
"হর ইবে বেশি হাচারা অই গেইয়্যি, আজিইয়্যে ধুই ফেলন ফরিবু","কাপড়টা বেশি ময়লা হয়ে গেছে, ধুয়ে ফেলতে হবে আজকে"
"হর ইবে বেশি ময়লা অই গেইয়্যি, আজিয়ে ধুই ফেলন ফরিবু","কাপড়টা বেশি ময়লা হয়ে গেছে, ধুয়ে ফেলতে হবে আজকে"
"আত্তুন এক্কানা হারাপ লার, আঁই যাইত ফাইত্তাম নো","আমার একটু খারাপ লাগছে, আমি যেতে পারব না"
"আত্তুন ইক্কিনি হারাপ লার, আঁই যাইত ফাইত্তাম নো","আমার একটু খারাপ লাগছে, আমি যেতে পারব না"
আডুর ব্যথার হারনে সিরি বাই উঠতে বৌত হষ্ট অর,হাঁটুতে ব্যথার কারণে সিঁড়ি বেয়ে উঠতে অনেক কষ্ট হচ্ছে
গত হালিয়ে ফোতু ভাইয়ুর লগে বৌত জাগাত বাসা তোওয়াই,গতকাল ফুফাতো ভাইয়ের সাথে অনেক জায়গায় বাসা খুঁজেছি
গত হালিয়ে ফোতু ভাইয়ুর ওয়ারে বৌত জাগাত বাসা তোওয়াই,গতকাল ফুফাতো ভাইয়ের সাথে অনেক জায়গায় বাসা খুঁজেছি
গত হালিয়ে ফোতু ভাইয়ুর ফুয়ারে বৌত জাগাত বাসা তোওয়াই,গতকাল ফুফাতো ভাইয়ের সাথে অনেক জায়গায় বাসা খুঁজেছি
আঁরে আরো কিছু গরম গরম ধু পিডে দও,আমাকে আরো কিছু গরম গরম ভাপা পিঠা দাও
"আঁই বিয়েলে নাস্তা হাইলাম, এতেল্লে রাতিয়ে ভাত দেরি গরি হাইয়্যুম","আমি বিকেলে নাস্তা খেয়েছিলাম, তাই রাতে ভাত দেরি করে খাব"
"বদ্দা, অঁনে ন আইলি আজিয়ের আড্ডা ইয়েন একদম ন জইমতো","ভাই, আপনি না এলে আজকের আড্ডাটা একদম জমত না"
"আঁর ফুওয়া কাতারুত থাহে, এনডে ব্যবসা গরে","আমার ছেলে কাতারে থাকে, ওখানে ব্যবসা করে"
"অঁনে কি সত্যি ইয়েন হইয়্যুন, নাকি আঁই ঘুমুর মধ্যে উইন্নিলাম?","আপনি কি সত্যিই এটা বললেন, নাকি আমি ঘুমের মধ্যে শুনলাম?"
"বদ্দা, গারি ইয়েন এক্কানা সরাই লন, রাস্তা আটকি আছে","ভাই, গাড়িটা একটু সরিয়ে নিন, রাস্তা আটকে আছে"
"বদ্দা, গারি ইয়েন ইক্কিনি সরাই লন, রাস্তা আটকি আছে","ভাই, গাড়িটা একটু সরিয়ে নিন, রাস্তা আটকে আছে"
"বদ্দা, তুর লাই কিছু মিষ্টি আইন্নি, লই যা, তুর বৌত পছন্দের জিনিস!","ভাই, তোর জন্য কিছু মিষ্টি এনেছি, নিয়ে যা, তোর অনেক পছন্দের জিনিস!"
"ইবে গাছফোওয়ানা হাট্টল, এতেল্লে দাম বেশি অইবু","এটা গাছপাকা কাঁঠাল, তাই দাম বেশি হবে"
আসসালামু আলাইকুম বদ্দা,আসসালামু আলাইকুম ভাই
"আম্মু, আঁর পরীক্ষে হালিয়ে, এতেল্লে আজিয়ে রাতিয়ে তারাতারি হানা দি দও","আম্মু, আমার পরীক্ষা আগামীকাল, তাই আজ রাতে একটু তাড়াতাড়ি খাবার দিয়ে দাও"
"আঁরার পারার কুত্তো ইবেরে যিয়েন দি ইয়েন হায়, হনো বাছবিচের নেই","আমাদের পাড়ার কুকুরকে যা দেয় তাই খায়, কোনো বাছবিচার নেই"
এই বছর বন্যার পানি এতো বেশি উইট্টি দে বৌত বারি পানিত ডুফি গেইয়্যি,এই বছর বন্যার পানি এত বেশি উঠেছে যে অনেক বাড়ি পানিতে ডুবে গেছে
এই বছর বন্যার পানি এল্লেত বেশি উইট্টি দে বৌত বারি পানিত ডুফি গেইয়্যি,এই বছর বন্যার পানি এত বেশি উঠেছে যে অনেক বাড়ি পানিতে ডুবে গেছে
হতদিনোর মধ্যে হাম অইবু বদ্দা?,কতদিনের মধ্যে কাজ হবে ভাই?
হতদিনোর মধ্যে হাজ অইবু বদ্দা?,কতদিনের মধ্যে কাজ হবে ভাই?
কুরো দুনু অ আডোত লই যায় রে বেছি আয়,মুরগি দুটো হাটে নিয়ে গিয়ে বিক্রি করে আয়
কুরা দুনু অ আডোত লই যায় রে বেছি আয়,মুরগি দুটো হাটে নিয়ে গিয়ে বিক্রি করে আয়
এবার রাজশাহীত গেলি বেশি গরি রাজশাহীর আম আর লেচু লই আইসসুম,এবার রাজশাহী গেলে বেশি করে রাজশাহীর আম আর লিচু নিয়ে আসব
কি হন এগিন! আঁরার বারিত কিল্লে থাহিবু?,কি বলেন এসব! আমাদের বাড়িতে থাকবে কেন?
"হারা যও, সূর্য ডুবিবের আগে হাম শেষ গরো","জলদি যাও, সূর্য ডোবার আগে কাজ শেষ কর"
"হারা যও, সূর্য ডুবিবের আগে হাজ শেষ গরো","জলদি যাও, সূর্য ডোবার আগে কাজ শেষ কর"
"তারাতারি যও, সূর্য ডুবিবের আগে হাম শেষ গরো","জলদি যাও, সূর্য ডোবার আগে কাজ শেষ কর"
"জলদি যও, সূর্য ডুবিবের আগে হাম শেষ গরো","জলদি যাও, সূর্য ডোবার আগে কাজ শেষ কর"
তুঁই আঁর হতাত হান ন দি উইক্কে কি চায় থেইক্কো?,তুমি আমার কথায় কান না দিয়ে ওই দিকে কি দেখো?
কিছু লাগিলি আঁরে জানাইয়্যুন,কিছু লাগলে আমাকে জানাবেন
"এই হোটেলুর হানা ভালা ন, আঁরা সামনুর হোটেলুত যায়","এই হোটেলের খাবার ভাল না, আমরা সামনের হোটেলে যায়"
"এই হোটেলুর হানা গম ন, আঁরা সামনুর হোটেলুত যায়","এই হোটেলের খাবার ভাল না, আমরা সামনের হোটেলে যায়"
কি কিননুম বাজারোত্তুন! বিয়াক কিছুর যে দাম!,কি কিনব বাজার থেকে! সবকিছুর যে দাম!
মারুফ পইল্লের বলেই আউট অই গেইয়্যি,মারুফ প্রথম বলেই আউট হয়ে গেছে
"আঁই এহন চলি যাইর, তুঁই পরে আইস্যো","আমি এখন চলে যাচ্ছি, তুমি পরে আসিও"
"ঠিক আছে, ইবে প্যাকেট গরি দন","ঠিক আছে, এটা প্যাকেট করে দেন"
বেইন্নে আঁই রুটি হাইয়্যুম,সকালে আমি রুটি খাব
ফজোরত আঁই রুটি হাইয়্যুম,সকালে আমি রুটি খাব
আজুইন্নের পর দরজা-জানালা বিয়াক বন্ধ গরি দিস,সন্ধ্যার পর দরজা-জানালা সব বন্ধ করে দিস
আরাদিন বই বই টিভিত কার্টুন চাইলি পরালেহা হত্তে গরিবি?,সারাদিন বসে বসে টিভিতে কার্টুন দেখলে পড়ালেখা কখন করবে?
ফুরোদিন বই বই টিভিত কার্টুন চাইলি পরালেহা হত্তে গরিবি?,সারাদিন বসে বসে টিভিতে কার্টুন দেখলে পড়ালেখা কখন করবে?
আঁই কি হইয়্যি ইয়েন তুঁই এক্কানা ভালা গরি চিন্তে গরি স,আমি কি বলেছি সেটা তুমি একটু ভাল করে চিন্তা করে দেখ
আঁই কি হইয়্যি ইয়েন তুঁই এক্কানা গম গরি চিন্তে গরি স,আমি কি বলেছি সেটা তুমি একটু ভাল করে চিন্তা করে দেখ
আঁই কি হইয়্যি ইয়েন তুঁই ইক্কিনি ভালা গরি চিন্তে গরি স,আমি কি বলেছি সেটা তুমি একটু ভাল করে চিন্তা করে দেখ
দোয়ানুর নাম ইয়েন আত্তুন মনোত ন ফরের এই মুহূর্তত,দোকানের নামটা আমার মনে পড়ছে না এই মুহূর্তে
এ বছর ঝর বেশি ফরিবের হারনে ফসলুর বৌত হতি অইয়্যি,এ বছর বৃষ্টি বেশি হওয়ার কারণে ফসলের অনেক ক্ষতি হয়েছে
এগুন কি আঁই কিছু বুঝিত ন ফারির,এগুলো কি আমি কিছু বুঝতে পারছিনা
আঁই সহজে মেইফুওয়ার লগে মার্কেটুত যাইতাম ন চাই,আমি সহজে মেয়েদের সাথে মার্কেটে যেতে চাই না
আঁই সহজে মেইফুওয়ার ওয়ারে মার্কেটুত যাইতাম ন চাই,আমি সহজে মেয়েদের সাথে মার্কেটে যেতে চাই না
আঁই সহজে মেইফুওয়ার ফুয়ারে মার্কেটুত যাইতাম ন চাই,আমি সহজে মেয়েদের সাথে মার্কেটে যেতে চাই না
রিয়াল মাদ্রিদ অডি যনে মন ইয়েন হারাপ অই গেল,রিয়াল মাদ্রিদ হেরে যাওয়াতে মনটা খারাপ হয়ে গেল
ফ্রি অইলি এগুন এক্কানা চাইস,ফ্রি হলে এগুলো একটু দেখিস
ফ্রি অইলি এগুন ইক্কিনি চাইস,ফ্রি হলে এগুলো একটু দেখিস
"এবার ধান ক্ষেতিত ফুক অইয়্যি বেশি, এতেল্লে বিষ দন ফরিবু","এবার ধান ক্ষেতে পোকা হয়েছে বেশি, সেজন্য বিষ দিতে হবে"
"এবার ধান ক্ষেতিত ফুগ অইয়্যি বেশি, এতেল্লে বিষ দন ফরিবু","এবার ধান ক্ষেতে পোকা হয়েছে বেশি, সেজন্য বিষ দিতে হবে"
এক লগে তিন্নো ছক্কা মারিবের পরে আউট অই গেই,একটানা তিনটা ছক্কা মারার পর আউট হয়ে গেছি
শীতুর সকালে হুয়ার মধ্যে আডিতু বাইর অইলি মন ইয়েন বৌত ভালা থাহে,শীতের সকালে কুয়াশার মধ্যে হাঁটতে বের হলে মনটা অনেক ভালো থাকে
শীতুর সকালে হুয়ার মধ্যে আডিতু বাইর অইলি মন ইয়েন বৌত গম থাহে,শীতের সকালে কুয়াশার মধ্যে হাঁটতে বের হলে মনটা অনেক ভালো থাকে
আঁই আর আঁর বউ মিলি বিয়াক কিছু রেডি গইজ্জি,আমি আর আমার স্ত্রী মিলে সবকিছু রেডি করেছি
শরীল সুস্থ ন থাহিলি পৃথিবীর বিয়াক সম্পদ থাহিলিও হনো আনন্দ পন ন যায়,শরীর সুস্থ না থাকলে পৃথিবীর সব সম্পদ থাকলেও কোনো আনন্দ পাওয়া যায় না
শরীর সুস্থ ন থাহিলি পৃথিবীর বিয়াক সম্পদ থাহিলিও হনো আনন্দ পন ন যায়,শরীর সুস্থ না থাকলে পৃথিবীর সব সম্পদ থাকলেও কোনো আনন্দ পাওয়া যায় না
"আজিয়ে আঁই নিজে তোঁয়ার লাই রান্না গইজ্জি, হাইয়্যিরে কেন অইয়্যি হইয়্যু","আজকে আমি নিজে তোমার জন্য রান্না করেছি, খেয়ে কেমন হয়েছে জানাবে"
"আজিইয়্যে আঁই নিজে তোঁয়ার লাই রান্না গইজ্জি, হাইয়্যিরে কেন অইয়্যি হইয়্যু","আজকে আমি নিজে তোমার জন্য রান্না করেছি, খেয়ে কেমন হয়েছে জানাবে"
মানুষ ইবে ফুরোদিন ক্ষেতিত হাজ গরে,মানুষটা সারাদিন ক্ষেতে কাজ করে
মানুষ ইবে ফুরোদিন ক্ষেতিত হাম গরে,মানুষটা সারাদিন ক্ষেতে কাজ করে
মানুষ ইবে আরাদিন ক্ষেতিত হাজ গরে,মানুষটা সারাদিন ক্ষেতে কাজ করে
ড্রাইভার হনডে? গারি ন ছারের কা এহনো?,ড্রাইভার কোথায়? গাড়ি ছাড়ছে না কেন এখনো?
বসন্তহাল আঁর বিয়াজ্ঞুনুত্তুন বেশি ভালা লাগে,বসন্তকাল আমার সবচেয়ে বেশি ভালো লাগে
বসন্তহাল আঁর বিয়াজ্ঞুনুত্তুন বেশি গম লাগে,বসন্তকাল আমার সবচেয়ে বেশি ভালো লাগে
আঁই অনডে যাইবের লাই ন ফালাইর,আমি ওখানে যাওয়ার জন্য লাফাচ্ছি না
"তোঁয়ারে হতক্ষণ ধরি কল দির, ফোন ন উডার কা?","তোমাকে কতক্ষণ ধরে কল দিচ্ছি, ফোন উঠাচ্ছ না কেন?"
দোয়ার মাইধ্যমে মাইনষুর ভেগ্য পরিবর্তন অয়,দোয়ার মাধ্যমে মানুষের ভাগ্য পরিবর্তন হয়
দোয়ার মাইধ্যমে মাইনষুর ভাইগ্য পরিবর্তন অয়,দোয়ার মাধ্যমে মানুষের ভাগ্য পরিবর্তন হয়
দোয়ার মাইধ্যমে মাইনষুর হুয়াল পরিবর্তন অয়,দোয়ার মাধ্যমে মানুষের ভাগ্য পরিবর্তন হয়
"বাদ্দি কা থিয়েই থেইক্কুস, ভিতুরে আই","বাইরে কেন দাঁড়ায় আছিস, ভিতরে আই"
"বাইরে কা থিয়েই থেইক্কুস, ভিতুরে আই","বাইরে কেন দাঁড়ায় আছিস, ভিতরে আই"
আম্মু বাসাত হারা চলি যাইতু হইয়্যিল,আম্মু বাসায় জলদি চলে যেতে বলেছিলেন
আম্মু বাসাত তারাতারি চলি যাইতু হইয়্যিল,আম্মু বাসায় জলদি চলে যেতে বলেছিলেন
আম্মু বাসাত জলদি চলি যাইতু হইয়্যিল,আম্মু বাসায় জলদি চলে যেতে বলেছিলেন
ঝর পরি বাইরোর বিয়াক হর ভিজি গেইয়্যি,বৃষ্টি পড়ে বাইরের সব কাপড় ভিজে গেছে
"রাগি গেলি তো অডি গেইয়্যুন, রাগ কন্ট্রোল গরন ফরিবু","রেগে গেলে তো হেরে গেলেন, রাগ কন্ট্রোল করতে হবে"
আঁই কি হই আত্তুন ভুক লেইজ্ঞি?,আমি কি বলেছি আমার খিদে লেগেছে?
ইতারারে একবার আঁর বরো আফা বৌত গেইল দিয়্যিল,ওদেরকে একবার আমার বড় আপু অনেক বকা দিয়েছিল
"তুঁই আজিয়ে নো যও, তুঁই চলি যাইলি আত্তুন ভালা ন লাগিবু","তুমি আজ না যাও, তুমি চলে গেলে আমার ভালো লাগবে না"
"তুঁই আজিয়ে নো যও, তুঁই চলি যাইলি আত্তুন গম ন লাগিবু","তুমি আজ না যাও, তুমি চলে গেলে আমার ভালো লাগবে না"
গাধার মতন আরাদিন ন হাডি এক্কানা চালাকি গরিলি হাজ ইয়েন বৌত আগেই শেষ অই যাইতু,গাধার মতো সারাদিন না খেটে একটু চালাকি করলে কাজটা অনেক আগেই শেষ হয়ে যেত
গাধার মতন আরাদিন ন হাডি ইক্কিনি চালাকি গরিলি হাজ ইয়েন বৌত আগেই শেষ অই যাইতু,গাধার মতো সারাদিন না খেটে একটু চালাকি করলে কাজটা অনেক আগেই শেষ হয়ে যেত
গাধার মতন আরাদিন ন হাডি এক্কানা চালাকি গরিলি হাম ইয়েন বৌত আগেই শেষ অই যাইতু,গাধার মতো সারাদিন না খেটে একটু চালাকি করলে কাজটা অনেক আগেই শেষ হয়ে যেত
গাধার মতন ফুরোদিন ন হাডি এক্কানা চালাকি গরিলি হাজ ইয়েন বৌত আগেই শেষ অই যাইতু,গাধার মতো সারাদিন না খেটে একটু চালাকি করলে কাজটা অনেক আগেই শেষ হয়ে যেত
হাট্টল ইবে তো কেঁচা,কাঁঠাল এটা তো কাঁচা
"আঁরার পথ এনডেই শেষ নো, আজিয়ে অডি গেই তো কী অইয়্যি","আমাদের পথ এখানেই শেষ না, আজ হেরে গেছি তো কী হয়েছে"
তুঁই হন বিশ্ববিদ্যালয় উত্তুন পরাশোনা গইজ্জো?,তুমি কোন বিশ্ববিদ্যালয় থেকে পড়াশোনা করেছ?
"মুখে হন বৌত সোজা, গরি দেহন বৌত কঠিন","মুখে বলা অনেক সহজ, করে দেখানো অনেক কঠিন"
"বারবার মানা গরি, তো আঁর হতা ন উনো","বারবার বারণ করি, তাও আমার কথা শোনো না"
"বারবার মানা গরি, তো আঁর হথা ন উনো","বারবার বারণ করি, তাও আমার কথা শোনো না"
অঁনোর হাছে কি সুতোর পাঞ্জাবি আছে?,আপনার কাছে কি সুতির পাঞ্জাবি আছে?
এনডে আরও এক্কান বিপদ আছে,এখানে আরও একটা বিপদ রয়েছে
গাছুত্তুন ফরিলি এব্বেরে আত-টেং ভাঙি যাইবু,গাছ থেকে পড়লে একদম হাত-পা ভেঙে যাবে
দাতোর মাজন ইবে তুর মেজো ভাইয়োর রোমুত,দাঁতের মাজনটা তোর মেজো ভাইয়ের রুমে
গুসসা অইলি কিন্তু আত্তুন গম ন লাগে,রাগ করলে কিন্তু আমার ভাল লাগেনা
গুসসা অইলি কিন্তু আত্তুন ভালা ন লাগে,রাগ করলে কিন্তু আমার ভাল লাগেনা
এবার ঢাহাত্তুন আইবের সমোত আঁর লাই ওজ্ঞো পাঞ্জাবি আনিস,এবার ঢাকা থেকে আসার সময় আমার জন্য একটা পাঞ্জাবি আনিস
আঁর মতন ছাতি দেহি তোত্তুনও এক্কান আছে,আমার মতো ছাতা দেখি তোরও একটা আছে
"অঁনে হাজ ইয়েন অন্য কিয়ারে দন, আঁই গরিত ফাইত্তাম ন","আপনি এই কাজটা অন্য কাউকে দেন, আমি করতে পারব না"
"অঁনে হাম ইয়েন অন্য কিয়ারে দন, আঁই গরিত ফাইত্তাম ন","আপনি এই কাজটা অন্য কাউকে দেন, আমি করতে পারব না"
"আঁর হাছে উজ্ঞো বিলেই আছিল, কিছুদিন আগে মারা গেইয়্যি","আমার কাছে একটা বিড়াল ছিল, কিছু দিন আগে মারা গেছে"
"মা, আঁর ব্যাগুত এক্কানা হানা ভরি দও, আরাদিন বাইরে থাইক্কুম","মা, আমার ব্যাগে একটু খাবার ভরে দাও, সারাদিন বাইরে থাকব"
"মা, আঁর ব্যাগুত ইক্কিনি হানা ভরি দও, আরাদিন বাইরে থাইক্কুম","মা, আমার ব্যাগে একটু খাবার ভরে দাও, সারাদিন বাইরে থাকব"
"মা, আঁর ব্যাগুত এক্কানা হানা ভরি দও, আরাদিন বাদ্দি থাইক্কুম","মা, আমার ব্যাগে একটু খাবার ভরে দাও, সারাদিন বাইরে থাকব"
"মা, আঁর ব্যাগুত এক্কানা হানা ভরি দও, ফুরোদিন বাইরে থাইক্কুম","মা, আমার ব্যাগে একটু খাবার ভরে দাও, সারাদিন বাইরে থাকব"
আঁই সাইকেল চালাইত ফারি কিন্তু বাইক চালাইত ন ফারি,আমি সাইকেল চালাতে পারি কিন্তু বাইক চালাতে পারি না
আজিয়ে বৌত বরো উজ্ঞো ছক্কা মেইজ্জি,আজকে আমি অনেক বড় একটা ছক্কা মেরেছি
আজিইয়্যে বৌত বরো উজ্ঞো ছক্কা মেইজ্জি,আজকে আমি অনেক বড় একটা ছক্কা মেরেছি
আত্তুন ভাবৌতেই অবাক লাগে চেইরগান বছর হতো দ্রুত চলি গেল,"আমার ভাবৌতেই অবাক লাগে, চারটা বছর কত দ্রুত চলে গেল"
সামনে হদ্দুর আডিলি অঁনেরা অঁনেরার হোটেলুত পৌছি যাইবেন,সামনে কিছুদূর হাঁটলে আপনারা আপনাদের হোটেলে পৌঁছে যাবেন
"আকাশ বৌত মৌলো অই গেইয়্যি, চল আজিয়ে আর ন খেলি","আকাশ অনেক মেঘলা হয়ে গেছে, চল আজ আর না খেলি"
তুর বদ্দা বলে বিদেশ চলি গেইয়্যি,তোর বড় ভাই নাকি বিদেশ চলে গেছে?
আঁই ফইত্তুদিন রাতিয়ে দশটা বাজে ঘুমায় যায় যাতে বেইন্নে তারাতারি উঢ়িত পারি,আমি প্রতিদিন রাত দশটায় ঘুমায় যায় যেন সকালে তাড়াতাড়ি উঠতে পারি
আঁই ফইত্তুদিন রাতিয়ে দশটা বাজে ঘুমায় যায় যাতে ফজোরত তারাতারি উঢ়িত পারি,আমি প্রতিদিন রাত দশটায় ঘুমায় যায় যেন সকালে তাড়াতাড়ি উঠতে পারি
আঁই ফইত্তুদিন রাতিয়ে দশটা বাজে ঘুমায় যায় যাতে বেইন্নে হারা উঢ়িত পারি,আমি প্রতিদিন রাত দশটায় ঘুমায় যায় যেন সকালে তাড়াতাড়ি উঠতে পারি
আঁই ফইত্তুদিন রাতিয়ে দশটা বাজে ঘুমায় যায় যাতে বেইন্নে জলদি উঢ়িত পারি,আমি প্রতিদিন রাত দশটায় ঘুমায় যায় যেন সকালে তাড়াতাড়ি উঠতে পারি
"হর এগুন ধুঅন ফইত্তু ন, এগুন আজিয়ে ফইজ্জুম","এই কাপড়গুলো ধুতে হবে না, এগুলো আজকে পরব"
"হর এগুন ধুঅন ফইত্তু ন, এগুন আজিইয়্যে ফইজ্জুম","এই কাপড়গুলো ধুতে হবে না, এগুলো আজকে পরব"
বসহানার জানালা ইয়েন বন্ধ গরি দি আইয়্যো,রান্নাঘরের জানালাটা বন্ধ করে দিয়ে আসো
ইবে কি? আজিয়ে প্রথম উনিলাম,এটা কি? আজকে প্রথম শুনলাম
ইবে কি? আজিইয়্যে প্রথম উনিলাম,এটা কি? আজকে প্রথম শুনলাম
ঝরোর দিনোত ঘরোত্তুন বাইর অইতু ইচ্ছে ন গরের,বৃষ্টির দিনে ঘর থেকে বের হতে ইচ্ছা করে না
"এহন ন যাইয়্যুম, আর কিছুদিন পর যাইয়্যুম","এখন যাব না, আর কিছুদিন পর যাব"
মা ন থাহিলি বুঝা যায় মা'র গুরুত্ব হতো,মা না থাকলে বোঝা যায় মায়ের গুরুত্ব কত
"বদ্দা, বাস ছারিবের লাই আর হতক্ষন সময় বাকি আছে?","ভাই, বাস ছাড়তে আর কতক্ষণ সময় বাকি আছে?"
বালতি ইবে লই যাই পাশুর বারির ফেইক উত্তুন পানি লই আইয়্যু,বালতিটা নিয়ে গিয়ে পাশের বাড়ির টিউবওয়েল থেকে পানি নিয়ে এসো
হর আর ইফতেরি এগিন লই তুর আফার এনডে দি আয়,কাপড় আর ইফতারিগুলো নিয়ে তোর আপুর ওখানে দিয়ে আয়
ধইন্যবাদ তোঁয়ারে,ধন্যবাদ তোমাকে
"আরে, বন্ধু ছারা জীবন ইয়েন যেন লবণ ছারা তরহারির মতন","আরে, বন্ধু ছাড়া জীবনটা যেন লবণ ছাড়া তরকারির মতো"
"আর এক্কানা বাকি, বেশিক্ষন ন লাগিবু","আর অল্প বাকি, বেশিক্ষণ লাগবে না"
"আরাদিন কারোন ন আছিল, এহন এক্কানা আইসসি, আবারও চলি গেইয়্যি","সারাদিন কারেন্ট ছিল না, এখন একটু এসেছে, আবারও চলে গেছে"
"আরাদিন কারোন ন আছিল, এহন ইক্কিনি আইসসি, আবারও চলি গেইয়্যি","সারাদিন কারেন্ট ছিল না, এখন একটু এসেছে, আবারও চলে গেছে"
"ফুরোদিন কারোন ন আছিল, এহন এক্কানা আইসসি, আবারও চলি গেইয়্যি","সারাদিন কারেন্ট ছিল না, এখন একটু এসেছে, আবারও চলে গেছে"
"এক্কানা আত লাগন, অঁনে ছারা ইয়েন উরে তোলন সম্ভব নো","একটু হাত লাগান, আপনি ছাড়া এটা ওপরে তোলা সম্ভব না"
"ইক্কিনি আত লাগন, অঁনে ছারা ইয়েন উরে তোলন সম্ভব নো","একটু হাত লাগান, আপনি ছাড়া এটা ওপরে তোলা সম্ভব না"
আঁই একবার ফইরোত ফরি গেইলাম,আমি একবার পুকুরে পড়ে গিয়েছিলাম
"এক্কানা জোরে হতা হও, পিছুত্তুন ঠিকমতো উনিত ন পারির","একটু জোরে কথা বলো, পেছন থেকে ঠিকমতো শুনতে পারছি না"
"ইক্কিনি জোরে হতা হও, পিছুত্তুন ঠিকমতো উনিত ন পারির","একটু জোরে কথা বলো, পেছন থেকে ঠিকমতো শুনতে পারছি না"
"এক্কানা জোরে হথা হও, পিছুত্তুন ঠিকমতো উনিত ন পারির","একটু জোরে কথা বলো, পেছন থেকে ঠিকমতো শুনতে পারছি না"
"বিয়াজ্ঞুন টেবিলুত চলি আইয়্যু, আজিয়ে বিয়াজ্ঞুন এক্কোওয়ারে নাস্তা গরি","সবাই টেবিলে চলে আসো, আজকে সবাই একসাথে নাস্তা করি"
"বেজ্ঞুন টেবিলুত চলি আইয়্যু, আজিয়ে বিয়াজ্ঞুন এক্কোওয়ারে নাস্তা গরি","সবাই টেবিলে চলে আসো, আজকে সবাই একসাথে নাস্তা করি"
"বিয়াজ্ঞুন টেবিলুত চলি আইয়্যু, আজিইয়্যে বিয়াজ্ঞুন এক্কোওয়ারে নাস্তা গরি","সবাই টেবিলে চলে আসো, আজকে সবাই একসাথে নাস্তা করি"
"বিয়াজ্ঞুন টেবিলুত চলি আইয়্যু, আজিয়ে বিয়াজ্ঞুন এক্কোত্তরে নাস্তা গরি","সবাই টেবিলে চলে আসো, আজকে সবাই একসাথে নাস্তা করি"
"বিয়াজ্ঞুন টেবিলুত চলি আইয়্যু, আজিয়ে বিয়াজ্ঞুন একলগে নাস্তা গরি","সবাই টেবিলে চলে আসো, আজকে সবাই একসাথে নাস্তা করি"
"বিয়াজ্ঞুন টেবিলুত চলি আইয়্যু, আজিয়ে বিয়াজ্ঞুন এক্কোফুয়ারে নাস্তা গরি","সবাই টেবিলে চলে আসো, আজকে সবাই একসাথে নাস্তা করি"
"নিজে কি হর ইয়েনুর ঠিক নেই, আবার আঁরে হর ফঅল","নিজে কী বলছে সেটার ঠিক নাই, আবার আমাকে বলছে পাগল"
"ভালা থাহিস, আবার দেহা অইবু, আল্লাহ হাফেজ","ভালো থাকিস, আবার দেখা হবে, আল্লাহ হাফেজ"
"গম থাহিস, আবার দেহা অইবু, আল্লাহ হাফেজ","ভালো থাকিস, আবার দেখা হবে, আল্লাহ হাফেজ"
রাস্তাত বরো বরো ট্রাক এগুন দেহিলি আত্তুন ডর লাগে,রাস্তায় বড় বড় ট্রাকগুলো দেখলে আমার ভয় লাগে
"আফা, টাটকা মাছ হাইতু চাইলি ইনদি আইয়্যুন","আপু, টাটকা মাছ খেতে চাইলে এইদিকে আসেন"
"সবসময় মজা ভালা ন লাগে, আঁই এহন মজা গরিবের মুডুত নেই","সবসময় মজা ভালো লাগে না, আমি এখন মজা করার মুডে নেই"
"সবসময় মজা গম ন লাগে, আঁই এহন মজা গরিবের মুডুত নেই","সবসময় মজা ভালো লাগে না, আমি এখন মজা করার মুডে নেই"
"ফুওয়া ইবেরে প্রথমে আঁই হারাপ মনে গইজ্জিলাম, এহন আঁর ভুল ভাঙি গেইয়্যি","ছেলেটাকে প্রথমে আমি খারাপ মনে করেছিলাম, এখন আমার ভুল ভেঙে গেছে"
"পানি পরি চুলোর অইন নিফি গেইয়্যি, আবার জলাই দও তো","পানি পড়ে চুলার আগুন নিভে গেছে, আবার জ্বালিয়ে দাও তো"
"আঁর গুরো চাচা ইবে বেশি শতান, সবসময় আব্বুর লগে হইজ্জে গরে","আমার ছোট চাচাটা বেশি শয়তান, সবসময় আব্বুর সাথে ঝগড়া করে"
"আঁর গুরো চাচা ইবে বেশি শতান, সবসময় আব্বুর ওয়ারে হইজ্জে গরে","আমার ছোট চাচাটা বেশি শয়তান, সবসময় আব্বুর সাথে ঝগড়া করে"
"আঁর গুরো চাচা ইবে বেশি শতান, সবসময় আব্বুর ফুয়ারে হইজ্জে গরে","আমার ছোট চাচাটা বেশি শয়তান, সবসময় আব্বুর সাথে ঝগড়া করে"
"বৌতদিন পর ভালাগরি ঘুম গেইলাম, ঘুমুত্তুন উডি শরীল ইয়েন এব্বেরে আলহা মনে অর","অনেকদিন পর ভালোভাবে ঘুমালাম, ঘুম থেকে উঠে শরীরটা একদম হালকা মনে হচ্ছে"
"বৌতদিন পর ভালাগরি ঘুম গেইলাম, ঘুমুত্তুন উডি শরীল ইয়েন এব্বেরে হালকা মনে অর","অনেকদিন পর ভালোভাবে ঘুমালাম, ঘুম থেকে উঠে শরীরটা একদম হালকা মনে হচ্ছে"
"বৌতদিন পর ভালাগরি ঘুম গেইলাম, ঘুমুত্তুন উডি শরীর ইয়েন এব্বেরে আলহা মনে অর","অনেকদিন পর ভালোভাবে ঘুমালাম, ঘুম থেকে উঠে শরীরটা একদম হালকা মনে হচ্ছে"
"জ্বর অইলি হনো কিছু হাইতু মনে ন চায়, মুখুর রুচি চলি যায়","জ্বর হলে কোনো কিছু খেতে মন চায় না, মুখের রুচি চলে যায়"
মাথাত তেল দিলি বৌত আরাম লাগে,মাথায় তেল দিলে অনেক আরাম লাগে
উজ্ঞো ভালা কোয়ালিটির ফেন দেহন,একটা ভালো কোয়ালিটির প্যান্ট দেখান
উজ্ঞো গম কোয়ালিটির ফেন দেহন,একটা ভালো কোয়ালিটির প্যান্ট দেখান
আঁই এহন  চলি যাইর,আমি এখন চলে  যাচ্ছি
হনডে যর সেলিম?,কোথায় যাস সেলিম?
হডে যর সেলিম?,কোথায় যাস সেলিম?
"চলো, আঁরা দুনুজন মিলি হনোমিক্কে ঘুরি আয়","চলো, আমরা দুজন মিলে কোথাও ঘুরে আসি"
"তোঁয়ারে দেহি রে অসুস্থ মনে অর, তুঁই নয়তো এহন চলি যো","তোমাকে দেখে অসুস্থ মনে হচ্ছে, তুমি না হয় এখন চলে যাও"
"তোঁয়ারে দেহি রে অসুস্থ মনে অর, তুঁই নইলি এহন চলি যো","তোমাকে দেখে অসুস্থ মনে হচ্ছে, তুমি না হয় এখন চলে যাও"
"হাজ ইয়েন এক্কানা কঠিন, যদি তুঁই ন চও তইলি আঁই তোঁয়ারে জোর গইত্তাম নো","কাজটা একটু কঠিন, যদি তুমি না চাও, তাহলে আমি তোমাকে জোর করব না"
"হাজ ইয়েন ইক্কিনি কঠিন, যদি তুঁই ন চও তইলি আঁই তোঁয়ারে জোর গইত্তাম নো","কাজটা একটু কঠিন, যদি তুমি না চাও, তাহলে আমি তোমাকে জোর করব না"
"হাম ইয়েন এক্কানা কঠিন, যদি তুঁই ন চও তইলি আঁই তোঁয়ারে জোর গইত্তাম নো","কাজটা একটু কঠিন, যদি তুমি না চাও, তাহলে আমি তোমাকে জোর করব না"
"আঁরার এনডে যেহেতু বৃষ্টি হম অয়, এতেল্লে ঝর ফরিলি আঁরাত্তুন ঝরুর পানি ধরি রাহন ফরিবু","আমাদের এখানে যেহেতু বৃষ্টি কম হয়, সেহেতু বৃষ্টি পড়লে আমাদের বৃষ্টির পানি ধরে রাখতে হবে"
"আরাদিন ঘরুত কা বই থাহো, এক্কানা বাইরে ঘুরি আইত ন পারো?","সারাদিন ঘরে কেন বসে থাক, একটু বাইরে ঘুরে আসতে পার না?"
"আরাদিন ঘরুত কা বই থাহো, ইক্কিনি বাইরে ঘুরি আইত ন পারো?","সারাদিন ঘরে কেন বসে থাক, একটু বাইরে ঘুরে আসতে পার না?"
"আরাদিন ঘরুত কা বই থাহো, এক্কানা বাদ্দি ঘুরি আইত ন পারো?","সারাদিন ঘরে কেন বসে থাক, একটু বাইরে ঘুরে আসতে পার না?"
"ফুরোদিন ঘরুত কা বই থাহো, এক্কানা বাইরে ঘুরি আইত ন পারো?","সারাদিন ঘরে কেন বসে থাক, একটু বাইরে ঘুরে আসতে পার না?"
"ইতারা যদি যাইতো ন চায়, তইলি আরাত্তুন কিছু গরার নাই","ওরা যদি যেতে না চায়, তাহলে আমাদের কিছু করার নাই"
ভাত কি এহন লই আইসসুম,ভাত কি এখন নিয়ে আসব?
"বসহানা ইয়েন বেশি হাচারা অই গেইয়্যি, আজিয়ে সাফ গরি ফেলন ফরিবু","রান্নাঘরটা বেশি ময়লা হয়ে গেছে, আজকে পরিষ্কার করতে হবে"
"বসহানা ইয়েন বেশি হাচারা অই গেইয়্যি, আজিইয়্যে সাফ গরি ফেলন ফরিবু","রান্নাঘরটা বেশি ময়লা হয়ে গেছে, আজকে পরিষ্কার করতে হবে"
"বসহানা ইয়েন বেশি ময়লা অই গেইয়্যি, আজিয়ে সাফ গরি ফেলন ফরিবু","রান্নাঘরটা বেশি ময়লা হয়ে গেছে, আজকে পরিষ্কার করতে হবে"
"পাকঘর ইয়েন বেশি হাচারা অই গেইয়্যি, আজিয়ে সাফ গরি ফেলন ফরিবু","রান্নাঘরটা বেশি ময়লা হয়ে গেছে, আজকে পরিষ্কার করতে হবে"
"রান্নাঘর ইয়েন বেশি হাচারা অই গেইয়্যি, আজিয়ে সাফ গরি ফেলন ফরিবু","রান্নাঘরটা বেশি ময়লা হয়ে গেছে, আজকে পরিষ্কার করতে হবে"
"বসহানা ইয়েন বেশি হাচারা অই গেইয়্যি, আজিয়ে পরিষ্কার গরি ফেলন ফরিবু","রান্নাঘরটা বেশি ময়লা হয়ে গেছে, আজকে পরিষ্কার করতে হবে"
ফা'রুত বৌত বরো উজ্ঞো আতি আছে,পাহাড়ে অনেক বড় একটা হাতি আছে
"একসময় আঁরার বৌত জাগা-জমি আছিল, বর্তমানে এগিন আর নেই","একসময় আমাদের অনেক জায়গা-জমি ছিল, বর্তমানে সেগুলো আর নেই"
গারি চালাই আইবের সমত হুয়ার হারনে সামনে রাস্তা ন দেহির,গাড়ি চালিয়ে আসার সময় কুয়াশার কারণে সামনে রাস্তা দেখতে পাচ্ছিলাম না
"তামিমুর এক্কান অভ্যেস আছে, ইতে ফইত্তুদিন বেইন্নে উডি এক হাপ চা হায়","তামিমের একটা অভ্যাস আছে, সে প্রতিদিন সকালে উঠে এক কাপ চা খায়"
"তামিমুর এক্কান অভ্যেস আছে, ইতে ফইত্তুদিন ফজোরত উডি এক হাপ চা হায়","তামিমের একটা অভ্যাস আছে, সে প্রতিদিন সকালে উঠে এক কাপ চা খায়"
"আঁরা পাচজন যাইয়্যুম, এতেল্লে পাচছান টিকেট একলগে হাইট্টাম চাইর","আমরা পাঁচজন যাব, তাই পাঁচটা টিকেট একসাথে কাটতে চাই"
"আঁরা পাচজন যাইয়্যুম, এতেল্লে পাচছান টিকেট এক্কোত্তরে হাইট্টাম চাইর","আমরা পাঁচজন যাব, তাই পাঁচটা টিকেট একসাথে কাটতে চাই"
"আঁরা পাচজন যাইয়্যুম, এতেল্লে পাচছান টিকেট এক্কোওয়ারে হাইট্টাম চাইর","আমরা পাঁচজন যাব, তাই পাঁচটা টিকেট একসাথে কাটতে চাই"
"আঁরা পাচজন যাইয়্যুম, এতেল্লে পাচছান টিকেট এক্কোফুয়ারে হাইট্টাম চাইর","আমরা পাঁচজন যাব, তাই পাঁচটা টিকেট একসাথে কাটতে চাই"
"আজিয়ে আঁর ফুওয়া প্রথমবার বাফ হই ডেইক্কি, আত্তুন কেন যে খুশি লার ভাষায় প্রকাশ গরিত ন পাইজ্জুম","আজকে আমার ছেলে প্রথমবার ""বাবা"" বলে ডাকল, আমার কী যে আনন্দ হচ্ছে, ভাষায় প্রকাশ করতে পারব না"
"আজিইয়্যে আঁর ফুওয়া প্রথমবার বাফ হই ডেইক্কি, আত্তুন কেন যে খুশি লার ভাষায় প্রকাশ গরিত ন পাইজ্জুম","আজকে আমার ছেলে প্রথমবার ""বাবা"" বলে ডাকল, আমার কী যে আনন্দ হচ্ছে, ভাষায় প্রকাশ করতে পারব না"
বাসা তোওয়াইতে তোওয়াইতে টেং ব্যথা অই গেইয়্যি,বাসা খুঁজতে খুঁজতে পা ব্যথা হয়ে গেছে
আঁরারাইত নো ঘুমাই কি গইজ্জুস? হার লগে হতা হইয়্যুস?,সারারাত না ঘুমিয়ে কী করেছিস? কার সঙ্গে কথা বলেছিস?
আঁরারাইত নো ঘুমাই কি গইজ্জুস? হার লগে হথা হইয়্যুস?,সারারাত না ঘুমিয়ে কী করেছিস? কার সঙ্গে কথা বলেছিস?
"এই উনো না, তুঁই এক্কানা বুঝিবের চেষ্টা গরো","এই শোন, তুমি একটু বোঝার চেষ্টা করো"
"এই উনো না, তুঁই ইক্কিনি বুঝিবের চেষ্টা গরো","এই শোন, তুমি একটু বোঝার চেষ্টা করো"
"আঁর গত তিন মাস ধরি বুকুত ব্যথা, মেডিকেলুত যাই টেস্ট গরি চন ফরিবু","আমার গত তিন মাস ধরে বুকে ব্যথা, মেডিকেলে গিয়ে টেস্ট করে দেখতে হবে"
সামনে কি হনো পেট্রোল পাম্প আছে? আঁর গারির তেল শেষ অই গেইয়্যি,সামনে কি কোনো পেট্রোল পাম্প আছে? আমার গাড়ির তেল শেষ হয়ে গেছে
"যদি সময় বেশি থাহে, তইলি আঁই এক্কানা নাস্তা গরি আয়","যদি সময় বেশি থাকে, তাহলে আমি একটু নাস্তা করে আসি"
"যদি সময় বেশি থাহে, তইলি আঁই ইক্কিনি নাস্তা গরি আয়","যদি সময় বেশি থাকে, তাহলে আমি একটু নাস্তা করে আসি"
"এই দোয়ানুর হর এগিন বৌত দামি, আঁরা অন্য দোয়ানুত চাই","এই দোকানের কাপড়গুলো অনেক দামি, আমরা অন্য দোকানে দেখি"
আজিয়ে দুইজ্জে এক্কান বিয়ের দঅত আছিল,আজকে দুপুরে একটা বিয়ের দাওয়াত ছিল
আজিইয়্যে দুইজ্জে এক্কান বিয়ের দঅত আছিল,আজকে দুপুরে একটা বিয়ের দাওয়াত ছিল
আজিয়ে দুইরগে এক্কান বিয়ের দঅত আছিল,আজকে দুপুরে একটা বিয়ের দাওয়াত ছিল
"তারাতারি ঘরুত চলি আইয়্যু, বৃষ্টিত ভিজিলি অসুখ অই যাইবু","তাড়াতাড়ি ঘরে চলে এসো, বৃষ্টিতে ভিজলে অসুখ হয়ে যাবে"
"হতক্ষন ধরি বরকি লই বই থেইক্কি, উজ্ঞো মাছও ধরিত ন পারি","কতক্ষণ ধরে বরশি নিয়ে বসে আছি, একটা মাছও ধরতে পারিনি"
"আঁরার এনডে ঘুরিবের লাই বৌত জাগা আছে, আশা গরি তোঁয়ার ভালা লাগিবু","আমাদের এখানে ঘুরার জন্য অনেক জায়গা আছে, আশা করি তোমার ভালো লাগবে"
"আঁরার এনডে ঘুরিবের লাই বৌত জাগা আছে, আশা গরি তোঁয়ার গম লাগিবু","আমাদের এখানে ঘুরার জন্য অনেক জায়গা আছে, আশা করি তোমার ভালো লাগবে"
"তোঁয়ার সাহস তো হম নো, তুঁই অন্য গ্রামুর অইয়্যিরে এই গ্রামুর মেইফুওয়ারে ডিস্টার্ব গরো!","তোমার সাহস তো কম না, তুমি অন্য গ্রামের হয়ে এই গ্রামের মেয়েকে ডিস্টার্ব করো!"
বেশি মাথিলি ঘেঢ়ি বেরাই উজ্ঞো দিয়্যুম,বেশি কথা বললে ঘাড়ে একটা দিব
"বদ্দা, আঁরে নতুন ব্রিজ নামায় দিইয়্যুন যদি ঘুম যাইগুই","ভাই, আমাকে নতুন ব্রিজে নামিয়ে দিয়েন, যদি ঘুমিয়ে যাই"
"বদ্দা, আইয়্যুন আঁরার বাসুত উডোন, আঁরার বাসুত নামাজ ফরিবের সুবিধে আছে","ভাই, আসেন আমাদের বাসে উঠেন, আমাদের বাসে নামাজ পড়ার সুবিধা আছে"
গোসল নগরস ফইত্তুদিন? গা'আদ্দি কেন গন্ধ বাইর অর,গোসল করিস না প্রতিদিন? গা দিয়ে কেমন গন্ধ বের হচ্ছে
"আঁরো বারিত এত এত মেমান আইয়্যি, ইতারারে হাবাইতে হাবাইতে বিয়াক চইল শেষ অই যায়","আমাদের বাড়িতে এত এত মেহমান আসে, তাদের খাওয়াতে খাওয়াতে সব চাওল শেষ হয়ে যায়"
"আঁরো বারিত এত এত গরবা আইয়্যি, ইতারারে হাবাইতে হাবাইতে বিয়াক চইল শেষ অই যায়","আমাদের বাড়িতে এত এত মেহমান আসে, তাদের খাওয়াতে খাওয়াতে সব চাওল শেষ হয়ে যায়"
আঁর বিয়াজ্ঞুনুত্তুন হারাপ সময়ুত আঁর হনো বন্ধু পাশে ন আছিল,আমার সবচেয়ে খারাপ সময়ে আমার কোনো বন্ধু পাশে ছিল না
আঁর বিয়াজ্ঞুনুত্তুন হারাপ সময়ুত আঁর হনো বন্ধু ডাহে ন আছিল,আমার সবচেয়ে খারাপ সময়ে আমার কোনো বন্ধু পাশে ছিল না
এবার গাছোত বৌত আম ধইজ্জি,এবার গাছে অনেক আম ধরেছে
আত্মীয়ের মধ্যে আত্মীয়তা গরন ভালা ন,আত্মীয়ের মধ্যে আত্মীয়তা করা ঠিক না
"ম্যাডাম, পরীক্ষেত উত্তর বাংলাত লেইক্কুম নাকি ইংরেজিত লেহন ফরিবু?","ম্যাডাম, পরীক্ষায় উত্তর বাংলায় লিখব, নাকি ইংরেজিতে লিখতে হবে?"
"আঁর রান্না এহনো শেষ ন অয়, আরেক্কানা অপেক্ষা গরো","আমার রান্না এখনো শেষ হয় নায়, আরেকটু অপেক্ষা কর"
"আঁর রান্না এইজু শেষ ন অয়, আরেক্কানা অপেক্ষা গরো","আমার রান্না এখনো শেষ হয় নায়, আরেকটু অপেক্ষা কর"
"এহন বেইন্নে দশটা বাজের, এহনো কিল্লে ঘুমুত্তুন নো উডর দে!","এখন সকাল দশটা বাজে, এখনো কেন ঘুম থেকে উঠছিস না!"
"এহন বেইন্নে দশটা বাজের, এইজু কিল্লে ঘুমুত্তুন নো উডর দে!","এখন সকাল দশটা বাজে, এখনো কেন ঘুম থেকে উঠছিস না!"
"আলিয়ার বাফ তো বাইরে গেইয়্যি, কিল্লে তোওয়ার ইবেরে?","আলিয়ার আব্বু তো বাইরে গেছেন, কেন খুঁজছেন তাকে?"
"আলিয়ার বাফ তো বাদ্দি গেইয়্যি, কিল্লে তোওয়ার ইবেরে?","আলিয়ার আব্বু তো বাইরে গেছেন, কেন খুঁজছেন তাকে?"
"আঁই হারাপ আছিলাম, বিয়াক দোষ আঁর","আমি খারাপ ছিলাম, সব দোষ আমার"
"বাইচ্চে অক্কলুর পরীক্ষে সাম্মোদ্দি, এন সমত ঘরুত টিভি আনিবের কি দরহার আছিল?","বাচ্চাদের পরীক্ষা সামনে, এমন সময় ঘরে টিভি আনার কী দরকার ছিল?"
"আরাদিন বৌত হাজুর চাপ থাহে, এতেল্লে সময় অই ন উডে","সারাদিন অনেক কাজের চাপ থাকে, সেজন্য সময় হয়ে উঠেনি"
"ফুরোদিন বৌত হাজুর চাপ থাহে, এতেল্লে সময় অই ন উডে","সারাদিন অনেক কাজের চাপ থাকে, সেজন্য সময় হয়ে উঠেনি"
"তুই যদি আঁর হতা মতো হাজ ন গরস, তইলি তোর চঅরি চলি যাইবু","তুই যদি আমার কথা মতো কাজ না করিস, তাহলে তোর চাকরি চলে যাবে"
"তুই যদি আঁর হতা মতো হাম ন গরস, তইলি তোর চঅরি চলি যাইবু","তুই যদি আমার কথা মতো কাজ না করিস, তাহলে তোর চাকরি চলে যাবে"
"তুই যদি আঁর হথা মতো হাজ ন গরস, তইলি তোর চঅরি চলি যাইবু","তুই যদি আমার কথা মতো কাজ না করিস, তাহলে তোর চাকরি চলে যাবে"
"যহনই মনে অইবু আঝাই ফেলাইয়্যো, তহনই এক্কানা থামি রে নিজোরে ফুসর গরো—তুঁই কিল্লে শুরু গইজ্জিলে","যখনই মনে হবে হারিয়ে ফেলেছ, তখনই একটু থেমে নিজেকে জিজ্ঞেস করো—তুমি কেন শুরু করেছিলে"
"যহনই মনে অইবু আঝাই ফেলাইয়্যো, তহনই ইক্কিনি থামি রে নিজোরে ফুসর গরো—তুঁই কিল্লে শুরু গইজ্জিলে","যখনই মনে হবে হারিয়ে ফেলেছ, তখনই একটু থেমে নিজেকে জিজ্ঞেস করো—তুমি কেন শুরু করেছিলে"
"যহনই মনে অইবু আঝাই ফেলাইয়্যো, তহনই এক্কানা থামি রে নিজোরে ফুস গরো—তুঁই কিল্লে শুরু গইজ্জিলে","যখনই মনে হবে হারিয়ে ফেলেছ, তখনই একটু থেমে নিজেকে জিজ্ঞেস করো—তুমি কেন শুরু করেছিলে"
আরাদিন উধো এই বাগান আর ওই বাগানুত ঘুরোঘুরি গরো,সারাদিন শুধু এই বাগান আর ওই বাগানে ঘুরাঘুরি করো
ফুরোদিন উধো এই বাগান আর ওই বাগানুত ঘুরোঘুরি গরো,সারাদিন শুধু এই বাগান আর ওই বাগানে ঘুরাঘুরি করো
অঁনোর মেইফুওয়ারে আত্তুন বৌত ভালা লেইজ্ঞি,আপনার মেয়েকে আমার অনেক ভাল লেগেছে
অঁনোর মেইফুওয়ারে আত্তুন বৌত গম লেইজ্ঞি,আপনার মেয়েকে আমার অনেক ভাল লেগেছে
ইতারা দুনুজন বৌত ভালা বন্ধু,তারা দুজন অনেক ভাল বন্ধু
ইতারা দুনুজন বৌত গম বন্ধু,তারা দুজন অনেক ভাল বন্ধু
"স্যার, আঁই ঠিক সময়ে বাইর অইয়্যিলাম, কিন্তু মাঝপথুত ঝর আইবের হারনে দেরি অই গেইয়্যি","স্যার, আমি ঠিক সময়ে বের হয়েছিলাম, কিন্তু মাঝপথে বৃষ্টি আসার কারণে দেরি হয়ে গেছে"
ইবে কি শার্ট ফইজ্জুস দে! তুরে দেহি তো গ্রামোর চাচতো ভাইয়্যুর মতন লাগের,এটা কী শার্ট পরেছিস! তোকে দেখে তো গ্রামের চাচাতো ভাইয়ের মতো লাগছে
ইবে কি শার্ট ফইজ্জুস দে! তুরে দেহি তো গ্রামোর চাচতো ভাইয়্যুর মতন লার,এটা কী শার্ট পরেছিস! তোকে দেখে তো গ্রামের চাচাতো ভাইয়ের মতো লাগছে
আঁরে এক্কানা চিনি হম দি এক হাপ চা দিও,আমাকে একটু চিনি কম দিয়ে এক কাপ চা দিও
আঁরে ইক্কিনি চিনি হম দি এক হাপ চা দিও,আমাকে একটু চিনি কম দিয়ে এক কাপ চা দিও
"আজিয়ের দিন ইয়েন এনে এনে চলি গেইয়্যি, কিছুই গরিত ন ফারি","আজকের দিনটি এমনি এমনি চলে গেল, কিছুই করতে পারলাম না"
"এই জাগা ইয়েন আঁর বৌত প্রিয়, আঁর যহন মন হারাপ থাহে তহন আঁই এনডে আই বই থাহি","এই জায়গাটা আমার অনেক প্রিয়। আমার যখন মন খারাপ থাকে, তখন আমি এখানে এসে বসে থাকি"
"এক্কান রিকশে লই মুরাদপুর চলি আয়, আঁই এনডে থিয়েই আছি","একটা রিকশা নিয়ে মুরাদপুর চলে আয়, আমি ওখানে দাঁড়িয়ে আছি"
"ছাতি ছারা বাইর অইয়্যিলাম, ঝর আইবের হারনে পুরো ভিজি গেই","ছাতা ছাড়া বের হয়েছিলাম, বৃষ্টি আসার কারণে পুরো ভিজে গেছি"
"স্যার, পরীক্ষেত এই প্রশ্ন ইয়েন আইবু কিনা এক্কানা হইবেন?","স্যার, পরীক্ষায় এই প্রশ্নটা আসবে কি না একটু বলবেন?"
"স্যার, পরীক্ষেত এই প্রশ্ন ইয়েন আইবু কিনা ইক্কিনি হইবেন?","স্যার, পরীক্ষায় এই প্রশ্নটা আসবে কি না একটু বলবেন?"
"গুরো হালে নানারো বারি, যোওয়ান হালে অরো বারি","ছোটবেলায় নানুর বাড়ি, যৌবনকালে শ্বশুরবাড়ি"
আঁই আগে আরো বৌতবার অঁনোর দোয়ানত্তুন বাজার গইজ্জি,আমি আগে আরো অনেকবার আপনার দোকান থেকে বাজার করেছি
"হারা আই, দেরি অইলি আম্মু গেইল দিবো","জলদি আই, দেরি হলে মা গালি দিবে"
"তারাতারি আই, দেরি অইলি আম্মু গেইল দিবো","জলদি আই, দেরি হলে মা গালি দিবে"
"জলদি আই, দেরি অইলি আম্মু গেইল দিবো","জলদি আই, দেরি হলে মা গালি দিবে"
"আঁর মতে তোঁয়ার অনডে ন যন উচিত, হারন এনডে আঁই একবার গেইলাম","আমার মতে তোমার ওখানে না যাওয়া উচিত, কারণ ওখানে আমি একবার গিয়েছিলাম"
এতারা দুনু ভাই একলগে অইলিই হইজ্জে শুরু অই যাই,এরা দুই ভাই একসাথে হলেই ঝগড়া শুরু হয়ে যায়
এতারা দুনু ভাই এক্কোত্তরে অইলিই হইজ্জে শুরু অই যাই,এরা দুই ভাই একসাথে হলেই ঝগড়া শুরু হয়ে যায়
এতারা দুনু ভাই এক্কোওয়ারে অইলিই হইজ্জে শুরু অই যাই,এরা দুই ভাই একসাথে হলেই ঝগড়া শুরু হয়ে যায়
এতারা দুনু ভাই এক্কোফুয়ারে অইলিই হইজ্জে শুরু অই যাই,এরা দুই ভাই একসাথে হলেই ঝগড়া শুরু হয়ে যায়
হার হুয়ালুত কি লেহা আছে ইয়েন একমাত্র আল্লাহ ভালা জানে,কার কপালে কি লিখা আছে সেটা একমাত্র আল্লাহ ভাল জানেন
হার হুয়ালুত কি লেহা আছে ইয়েন একমাত্র আল্লাহ গম জানে,কার কপালে কি লিখা আছে সেটা একমাত্র আল্লাহ ভাল জানেন
"তোঁয়ারে আর হনো টিয়া দিতাম ন আঁই, তুঁই শপিং গরি গরি বিয়াক টিয়া শেষ গরি ফেলো","তোমাকে আর কোনো টাকা দেব না আমি, তুমি শপিং করে করে সব টাকা শেষ করে ফেলো"
"গত হালিয়ে নেজামুর ভাই উরে বলে পুলিশ ধরি লই গেইয়্যি, হবর ইয়েন এক্কানা আগে ফুইন্নি","গতকাল নেজামের ভাইকে নাকি পুলিশ ধরে নিয়ে গেছে, খবরটা একটু আগে শুনলাম"
"গত হালিয়ে নেজামুর ভাই উরে বলে পুলিশ ধরি লই গেইয়্যি, হবর ইয়েন ইক্কিনি আগে ফুইন্নি","গতকাল নেজামের ভাইকে নাকি পুলিশ ধরে নিয়ে গেছে, খবরটা একটু আগে শুনলাম"
তুঁই কি সবসময় এল্লেত ছোডো গরি হতা হও,তুমি কি সবসময় এভাবে ছোট করে কথা বলো?
তুঁই কি সবসময় এন গরি ছোডো গরি হতা হও,তুমি কি সবসময় এভাবে ছোট করে কথা বলো?
তুঁই কি সবসময় এইল্লেত ছোডো গরি হতা হও,তুমি কি সবসময় এভাবে ছোট করে কথা বলো?
তুঁই কি সবসময় ইল্লেত ছোডো গরি হতা হও,তুমি কি সবসময় এভাবে ছোট করে কথা বলো?
তুঁই কি সবসময় এল্লেত ছোডো গরি হথা হও,তুমি কি সবসময় এভাবে ছোট করে কথা বলো?
"আঁই ইবে হাইতাম নো, তুঁই আরেকগো লই আইয়্যো","আমি এটা খাব না, তুমি আরেকটা নিয়ে এসো"
এন গরি আর হয়েকদিন ঝর ফরিলি মাঢ়োর বিয়াক ফসল নষ্ট অই যাইবু,এভাবে আর কয়েক দিন বৃষ্টি পড়লে মাঠের সব ফসল নষ্ট হয়ে যাবে
আঁরা যেনডে যাইর এনডে নেটওয়ার্ক উত বৌত সমস্যা অয়,আমরা যেখানে যাচ্ছি সেখানে নেটওয়ার্কে অনেক সমস্যা হয়
"এই ঘরুত আঁই যিয়েন হইয়্যুম ইয়েন অইবু, অন্য কিয়ার হতা এই ঘরুত ন চলিবু","এই ঘরে আমি যেটা বলব, সেটাই হবে। অন্য কারও কথা এই ঘরে চলবে না"
"এই ঘরুত আঁই যিয়েন হইয়্যুম ইয়েন অইবু, অন্য কিয়ার হথা এই ঘরুত ন চলিবু","এই ঘরে আমি যেটা বলব, সেটাই হবে। অন্য কারও কথা এই ঘরে চলবে না"
"এল্লেত দামাদামি ন গরি ৫০০ টিয়া রাইক্কুম হর ইবে, লই লন","এত দামাদামি না করে ৫০০ টাকা রাখব কাপড়টা, নিয়ে নিন"
"এতো দামাদামি ন গরি ৫০০ টিয়া রাইক্কুম হর ইবে, লই লন","এত দামাদামি না করে ৫০০ টাকা রাখব কাপড়টা, নিয়ে নিন"
"ভাত হাইবের পর তারহারি এগিন গরম গরি রাইক্কো, নইলি নষ্ট অই যাইবু","ভাত খাওয়ার পর তরকারিগুলো গরম করে রাখিও, না হলে নষ্ট হয়ে যাবে"
"বিয়াজ্ঞুন মিলি উজ্ঞো গান ধর, ভালা লাগিবু","সবাই মিলে একটা গান ধর, ভালো লাগবে"
"বিয়াজ্ঞুন মিলি উজ্ঞো গান ধর, গম লাগিবু","সবাই মিলে একটা গান ধর, ভালো লাগবে"
"বেজ্ঞুন মিলি উজ্ঞো গান ধর, ভালা লাগিবু","সবাই মিলে একটা গান ধর, ভালো লাগবে"
গলা ব্যথা এতটাই বারি গেইয়্যি দে হথা হইতেও হষ্ট অর,গলা ব্যথা এতটাই বেড়ে গেছে যে কথা বলতেও কষ্ট হচ্ছে
গলা ব্যথা এতটাই বারি গেইয়্যি দে হতা হইতেও হষ্ট অর,গলা ব্যথা এতটাই বেড়ে গেছে যে কথা বলতেও কষ্ট হচ্ছে
ফইত্তুবার ঈদুর দিন নানারো বারিত যায়,প্রতিবার ঈদের দিন নানুর বাড়িতে যায়
"অঁনে যে দাম হইয়্যুন, ইয়েন আঁরার কিনা রেট উত্তুনও হম","আপনি যে দামটা বলছেন, ওটা আমাদের কেনা রেট থেকেও কম"
"সুস্থতা অইলু দে আল্লার বৌত বরো নিয়ামত, ইয়েন যারা অসুস্থ একমাত্র ইতারাই ভালা বুঝিবু","সুস্থতা হলো আল্লাহর অনেক বড় নিয়ামত, এটা যারা অসুস্থ একমাত্র তারাই ভালো বুঝবে"
"সুস্থতা অইলু দে আল্লার বৌত বরো নিয়ামত, ইয়েন যারা অসুস্থ একমাত্র ইতারাই গম বুঝিবু","সুস্থতা হলো আল্লাহর অনেক বড় নিয়ামত, এটা যারা অসুস্থ একমাত্র তারাই ভালো বুঝবে"
"আজিয়ে সুর্য হুনদি উইট্টি, তুই আঁর বারিত!","আজ সূর্য কোন দিকে উঠছে, তুই আমার বাড়িতে!"
"আঁই তো তোঁয়ার লগে মজা গরিদ্দি, তুঁই তো দেহি ডরাই গেইয়্যো","আমি তো তোমার সঙ্গে মজা করছিলাম, তুমি তো দেখি ভয় পেয়ে গেছ"
"সূর্য ডুফিবের আগেই ঘরোত আই, নইলি মাইর হাবি আঁর আতুত","সূর্য ডোবার আগেই ঘরে আয়, নাহয় মার খাবি আমার হাতে"
"এই গরমুত বিয়াক স্কুল-কলেজ বন্ধ, কিন্তু আঁরার কলেজুত এহনো ক্লাস অর","এই গরমে সব স্কুল-কলেজ বন্ধ, কিন্তু আমাদের কলেজে এখনো ক্লাস হচ্ছে"
"এই গরমুত বিয়াক স্কুল-কলেজ বন্ধ, কিন্তু আঁরার কলেজুত এইজু ক্লাস অর","এই গরমে সব স্কুল-কলেজ বন্ধ, কিন্তু আমাদের কলেজে এখনো ক্লাস হচ্ছে"
"আঁই যাইতাম নো, হারন বেশি রইদ","আমি যাব না, কারন বেশি রোদ"
আত্তুন মনে অদ্দে অঁনে এনডে নো আছিলেন,আমার মনে হয় আপনি ওখানে ছিলেন না
রাঙামাটি ন যায় বান্দরবন যাইলি ভালা অইবু,রাঙামাটি না গিয়ে বান্দরবান গেলে ভাল হবে
রাঙামাটি ন যায় বান্দরবন যাইলি গম অইবু,রাঙামাটি না গিয়ে বান্দরবান গেলে ভাল হবে
"যারা যারা টুরুত যাইবি, বিয়াজ্ঞুন আজিয়ের মধ্যে টিয়া দি দিস","যারা যারা টুরে যাবি, সবাই আজকের মধ্যে টাকা দিয়ে দিস"
"যারা যারা টুরুত যাইবি, বেজ্ঞুন আজিয়ের মধ্যে টিয়া দি দিস","যারা যারা টুরে যাবি, সবাই আজকের মধ্যে টাকা দিয়ে দিস"
"মার্কেটুত বৌত জাম, এতেল্লে আসতে দেরি অইবু","মার্কেটে অনেক ভিড়, তাই আসতে দেরি হবে"
"ফুওয়া ইবেরে ডিম দন ফরিবু, বেশি দুর্বল অই গেইয়্যি","ছেলেটাকে ডিম দিতে হবে, বেশি দুর্বল হয়ে গেছে"
"নাদিম হর ধুইতো গেইয়্যি, ইতে এক্কানা পরে আইবু","নাদিম কাপড় ধুতে গেছে, সে একটু পরে আসবে"
"নাদিম হর ধুইতো গেইয়্যি, ইতে ইক্কিনি পরে আইবু","নাদিম কাপড় ধুতে গেছে, সে একটু পরে আসবে"
"২০০ টিয়ার জুতা, হদ্দে ৬০০ টিয়া","২০০ টাকার জুতা, বলছে ৬০০ টাকা!"
"আঁই এহন হাইতাম নো, এক্কানা পরে হাইয়্যুম","আমি এখন খাব না, একটু পরে খাব"
"আঁই এহন হাইতাম নো, ইক্কিনি পরে হাইয়্যুম","আমি এখন খাব না, একটু পরে খাব"
আঁই তোরে মানা গরিবের পরও অনডে কিল্লে গেলি?,আমি তোকে নিষেধ করার পরও ওখানে কেন গেলি?
তোর মোবাইল ইবে কি আঁর হাছে বেছিবি? আত্তুন উজ্ঞো মোবাইল দরহার,তোর মোবাইলটা কি আমার কাছে বিক্রি করবি? আমার একটা মোবাইল দরকার
"আশা গরি বৌত জলদি আবার দেহা অইবু, ভালা থাইক্কুন","আশা করি খুব শীঘ্রই আবার দেখা হবে, ভালো থাকবেন"
"আশা গরি বৌত জলদি আবার দেহা অইবু, গম থাইক্কুন","আশা করি খুব শীঘ্রই আবার দেখা হবে, ভালো থাকবেন"
নিজোর ঘরোত থাহিলি নিজোর মতোন গরি থাহন যায়,নিজের ঘরে থাকলে নিজের মতো করে থাকা যায়
"অঁনে শান্ত অই বইয়্যুন, আঁই অঁনোর হথা উইন্নুম","আপনি শান্ত হয়ে বসুন, আমি আপনার কথা শুনব"
"অঁনে শান্ত অই বইয়্যুন, আঁই অঁনোর হতা উইন্নুম","আপনি শান্ত হয়ে বসুন, আমি আপনার কথা শুনব"
আঁই সামনুর মাসুত হয়তো দেশুর বাইরে চলি যাইয়্যুম,আমি সামনের মাসে হয়তো দেশের বাহিরে চলে যাব
এনডে কি পানি আছে! এগিন তো আঁর টেং ধুতেই শেষ অই যাইবু,এখানে কি পানি আছে! এগুলো তো আমার পা ধুতেই শেষ হয়ে যাবে
"ইরফান উরে একদিন বাসাত বেরাইতু আইসতো হ, বৌতদিন ধরি ফুওয়া ইবে বাসাত ন আইয়্যি","ইরফানকে একদিন বাসায় বেড়াতে আসতে বল, অনেক দিন ধরে ছেলেটা বাসায় আসেনা"
ফইরোর ঘাটোত বই রে বরকি দি মাছ ধইজ্জুম,পুকুর ঘাঠে বসে বড়শি দিয়ে মাছ ধরব
"আঁই আম্মুরে হইলাম, কিন্তু ইবে রাজি ন অর","আমি আম্মুকে বলেছিলাম, কিন্তু উনি রাজি হচ্ছেন না"
"আঁরার সিট একলগে ফইজ্জি, যাইতে যাইতে আঁরা বৌত গল্প গইজ্জুম","আমাদের সিট একসাথে পড়েছে, যেতে যেতে আমরা অনেক গল্প করব"
"আঁরার সিট এক্কোত্তরে ফইজ্জি, যাইতে যাইতে আঁরা বৌত গল্প গইজ্জুম","আমাদের সিট একসাথে পড়েছে, যেতে যেতে আমরা অনেক গল্প করব"
"আঁরার সিট এক্কোওয়ারে ফইজ্জি, যাইতে যাইতে আঁরা বৌত গল্প গইজ্জুম","আমাদের সিট একসাথে পড়েছে, যেতে যেতে আমরা অনেক গল্প করব"
"আঁরার সিট এক্কোফুয়ারে ফইজ্জি, যাইতে যাইতে আঁরা বৌত গল্প গইজ্জুম","আমাদের সিট একসাথে পড়েছে, যেতে যেতে আমরা অনেক গল্প করব"
আঁই তোঁয়ার বরো হিসেবে এই উপদেশ ইয়েন দিলাম,আমি তোমার বড় হিসেবে এই উপদেশটা দিলাম
"তুই তো বিয়ে গরি একদম চেঞ্জ অই গেইয়্যুস, তোর লগে হনোমিক্কে যন ন অয় বৌতদিন","তুই তো বিয়ে করে একদম চেঞ্জ হয়ে গেছিস, তোর সাথে কোথাও যাওয়া হয় না অনেক দিন"
"তুই তো বিয়ে গরি একদম চেঞ্জ অই গেইয়্যুস, তোর ওয়ারে হনোমিক্কে যন ন অয় বৌতদিন","তুই তো বিয়ে করে একদম চেঞ্জ হয়ে গেছিস, তোর সাথে কোথাও যাওয়া হয় না অনেক দিন"
"তুই তো বিয়ে গরি একদম চেঞ্জ অই গেইয়্যুস, তোর ফুয়ারে হনোমিক্কে যন ন অয় বৌতদিন","তুই তো বিয়ে করে একদম চেঞ্জ হয়ে গেছিস, তোর সাথে কোথাও যাওয়া হয় না অনেক দিন"
"আজিয়ে হাসপাতালুত যাই রক্ত পরীক্ষে দি আইলাম, রিপোর্ট উর অপেক্ষাত আছি","আজকে হাসপাতালে গিয়ে রক্ত পরীক্ষা দিয়ে এলাম, রিপোর্টের জন্য অপেক্ষায় আছি"
"আজিইয়্যে হাসপাতালুত যাই রক্ত পরীক্ষে দি আইলাম, রিপোর্ট উর অপেক্ষাত আছি","আজকে হাসপাতালে গিয়ে রক্ত পরীক্ষা দিয়ে এলাম, রিপোর্টের জন্য অপেক্ষায় আছি"
"আন্টি, অঁনে তো এহন আর আঁরাত্তুন কিছু ন কিনন","আন্টি, আপনি তো এখন আর আমাদের কাছ থেকে কিছু কেনেন না"
আঁর যহন শরীল ভালা আছিল তহন বিয়াক আঁই এহেল্লে গরি ফেলাইতাম,"আমার যখন শরীর ভালো ছিল, তখন সব আমি একা করে ফেলতাম"
আঁর যহন শরীল গম আছিল তহন বিয়াক আঁই এহেল্লে গরি ফেলাইতাম,"আমার যখন শরীর ভালো ছিল, তখন সব আমি একা করে ফেলতাম"
আঁর যহন শরীর ভালা আছিল তহন বিয়াক আঁই এহেল্লে গরি ফেলাইতাম,"আমার যখন শরীর ভালো ছিল, তখন সব আমি একা করে ফেলতাম"
ইতারা দুনুজনোরে মিলাই দন ফরিবো,এদের দুজনকে মিলিয়ে দিতে হবে
আঁরার গ্রুপুত যারা আছে বিয়াগুনুরে মেসেজ দে,আমাদের গ্রুপে যারা যারা আছে সবাইকে মেসেজ দে
এই কুত্তো ইবের গা'আত্তুন বৌত বাশ যার,এই কুকুরটার শরীর থেকে অনেক গন্ধ যাচ্ছে
"বারবার হয়দি তরহারিত নুন হম দিবের লাই, আঁই নুন বেশি হাইত ন ফারি","বারবার বলি যে তরকারিতে লবণ কম দেওয়ার জন্য, আমি বেশি লবণ খেতে পারি না"
"নৌকো ইয়েন এক্কানা ঘুরো, আঁরা উইট্টুম","নৌকাটি একটু ঘুরাও, আমরা উঠবো"
"নৌকো ইয়েন ইক্কিনি ঘুরো, আঁরা উইট্টুম","নৌকাটি একটু ঘুরাও, আমরা উঠবো"
আ'ছা হইতে লাইজ্ঞুন?,সত্যি বলছেন?
আইবের সমত মনোত গরি কেঁচা মরিচ আর হাট্টা বেইয়্যুন লই আইসসু,আসার সময় মনে করে কাঁচা মরিচ আর টমেটো নিয়ে আসিও
ড্রেস ইবে পছন্দ ন অইলি কি ফেরত দিত পাইজ্জুম?,ড্রেসটা পছন্দ না হলে কি ফেরত দিতে পারব?
"আজয়ি বন্ধুর বাসাত দঅত আছে, এতেল্লে দুইজ্জে হাইতাম নো","আজকে বন্ধুর বাসায় দাওয়াত আছে, তাই দুপুরে খাব না"
"আজয়ি বন্ধুর বাসাত দঅত আছে, এতেল্লে দুইরগে হাইতাম নো","আজকে বন্ধুর বাসায় দাওয়াত আছে, তাই দুপুরে খাব না"
"আঁই মানিব্যাগ আনিবের লাই ভুলি গেই, টিয়া কি বিকাশুত দি দিয়্যুম?","আমি মানিব্যাগ আনতে ভুলে গেছি, টাকা কি বিকাশে দিয়ে দেব?"
আজিয়ে ক্লাসুত যা পরাইয়্যি বিয়াক আঁর মাথার উদ্দি গেইয়্যি,"আজ ক্লাসে যা পড়িয়েছে, সব আমার মাথার ওপর দিয়ে গেছে"
"পরিবারুর বিয়াজ্ঞুনুর লাই কিছু উপহার লই আইলাম, আশা গরি পছন্দ অইবু","পরিবারের সবার জন্য কিছু উপহার নিয়ে এসেছি, আশা করি পছন্দ হবে"
"আম্মু, এক্কানা হষ্ট গরি আঁর ঘরগান গুছায় দও, বিকেলে মেমাম আইবু","আম্মু, একটু কষ্ট করে আমার ঘরটা গুছিয়ে দাও, বিকেলে মেহমান আসবে"
"আম্মু, ইক্কিনি হষ্ট গরি আঁর ঘরগান গুছায় দও, বিকেলে মেমাম আইবু","আম্মু, একটু কষ্ট করে আমার ঘরটা গুছিয়ে দাও, বিকেলে মেহমান আসবে"
"আজিয়ে যা শপিং গইজ্জি, মনে অয় এক বছর ন গরিলিও চলিবু","আজকে যা শপিং করলাম, মনে হয় এক বছর না করলেও চলবে"
"আজিইয়্যে যা শপিং গইজ্জি, মনে অয় এক বছর ন গরিলিও চলিবু","আজকে যা শপিং করলাম, মনে হয় এক বছর না করলেও চলবে"
"আঁই বই থেইক্কি, তুঁই কি গরো?","আমি বসে আছি, তুমি কি করো?"
নমস্কার স্যার,নমস্কার স্যার
ঘরোত চোর ঢুকি বিয়াক জিনিস লই গেইয়্যি,ঘরে চোর ঢুকে সব জিনিস নিয়ে গেছে
আইবের সমত তুর মঅতু বইনুরে দেহিলাম গারিত গরি হনডে যার,আসার সময় তোর মামাতো বোনকে দেখলাম গাড়িতে করে কোথায় যাচ্ছে
আইবের সমত তুর মঅতু বইনুরে দেহিলাম গারিত গরি হডে যার,আসার সময় তোর মামাতো বোনকে দেখলাম গাড়িতে করে কোথায় যাচ্ছে
"একবার চেক গরি স, বিয়াজ্ঞুন বাসুত উইঠটি কিনা","একবার চেক করে দেখ, সবাই বাসে উঠছে কি না"
"একবার চেক গরি স, বেজ্ঞুন বাসুত উইঠটি কিনা","একবার চেক করে দেখ, সবাই বাসে উঠছে কি না"
আঁর লগে হইজ্জে গরিলি কি মন ভালা অই যাইবু?,আমার সঙ্গে ঝগড়া করলে কি মন ভালো হয়ে যাবে?
আঁর লগে হইজ্জে গরিলি কি মন গম অই যাইবু?,আমার সঙ্গে ঝগড়া করলে কি মন ভালো হয়ে যাবে?
"রুমোত ঠান্ডা বাতাস ঢুকের, হারা জানালা বন্ধ গরি দ","রুমে ঠান্ডা বাতাস ঢুকছে, তাড়াতাড়ি জানালা বন্ধ করে দাও"
"রুমোত ঠান্ডা বাতাস ঢুকের, তারাতারি জানালা বন্ধ গরি দ","রুমে ঠান্ডা বাতাস ঢুকছে, তাড়াতাড়ি জানালা বন্ধ করে দাও"
"রুমোত ঠান্ডা বাতাস ঢুকের, জলদি জানালা বন্ধ গরি দ","রুমে ঠান্ডা বাতাস ঢুকছে, তাড়াতাড়ি জানালা বন্ধ করে দাও"
"আর বেশি সময় বাকি নেই, আরেক্কানা পরে অনুষ্ঠান শুরু অইবু","আর বেশি সময় বাকি নেই, আরেকটু পরে অনুষ্ঠান শুরু হবে"
"এবার আঁর ব্যবসাত এব্বেরে লস অইবু, বিয়াক পিয়েজ পুচি গেইয়্যি","এবার আমার ব্যবসায় একদম লস হবে, সব পেঁয়াজ পচে গেছে"
বৌত হদিজ্ঞিন হর জমি আছে,অনেকগুলো কাপড় জমে আছে
"আঁরার এনডে আগে ঠিক আছিল, এহন বেশি সমস্যা গরের","আমাদের এখানে আগে ঠিক ছিল, এখন বেশি সমস্যা করছে"
"বাইচ্চে ইবে মাঢ়োত ইক্কেত্তুন উইক্কে দূরে আর আ'সে, দেহিলি মন ভালা অই যায়","বাচ্চাটা মাঠে এদিক ওদিক দৌড়ায় আর হাসে, দেখলে মন ভালো হয়ে যায়"
"বাইচ্চে ইবে মাঢ়োত ইক্কেত্তুন উইক্কে দূরে আর আ'সে, দেহিলি মন গম অই যায়","বাচ্চাটা মাঠে এদিক ওদিক দৌড়ায় আর হাসে, দেখলে মন ভালো হয়ে যায়"
"হালিয়ে যদি রইদ থাহে, তইলি মাঢ়োর ধান হাডি রইদুত ফোওয়োন যাইবু","আগামীকাল যদি রোদ থাকে, তাহলে মাঠের ধান কেটে রোদে শুকানো যাবে"
বিলের হঅর হায় আম্মু এক মাস হাসপাতালুত আছিল,বিড়ালের কামড় খেয়ে আম্মু এক মাস হাসপাতালে ছিল
শীতহালে ঠান্ডা পানি হাইলি গলা ব্যথা অই যাইবু,শীতকালে ঠান্ডা পানি খেলে গলা ব্যথা হয়ে যাবে
বেইন্নে ফজোরত খিচুড়ি হাইয়্যি রে আঁর পেডোর অবস্থা হারাফ,সকাল সকাল খিচুড়ি খেয়ে আমার পেটের অবস্থা খারাপ
"গতবার আঁরার প্রশ্ন বৌত কঠিন অইয়্যিল, এতেল্লে এবার সহজ অন ফরিবু","গতবার আমাদের প্রশ্ন অনেক কঠিন হয়েছিল, তাই এবার সহজ হতে হবে"
"তুর ছোডো বইন ইতি বেশি হাবিল, বিয়াক জাগাত হতা হয়","তোর ছোট বোনটা বেশি কাবিল, সব জায়গায় কথা বলে"
"তুর ছোডো বইন ইতি বেশি হাবিল, বিয়াক জাগাত হথা হয়","তোর ছোট বোনটা বেশি কাবিল, সব জায়গায় কথা বলে"
মুশা হদুজ্ঞুন আজিয়ে বেশি জালার,মশা কতগুলো আজকে বেশি জালাচ্ছে
মুশা হদুজ্ঞুন আজিইয়্যে বেশি জালার,মশা কতগুলো আজকে বেশি জালাচ্ছে
দাম এল্লেত বেশি কা হর? আরেক্কানা হমাই রাহো,দাম এত বেশি কেন বলছো? আরেকটু কমিয়ে রাখো
দাম এতো বেশি কা হর? আরেক্কানা হমাই রাহো,দাম এত বেশি কেন বলছো? আরেকটু কমিয়ে রাখো
"সামনুর মাসুত আঁই বেশি বিজি থেইক্কুম, এতেল্লে টুরুত যাইত পাইত্তাম ন","সামনের মাসে আমি বেশি ব্যস্ত থাকব, সেজন্য টুরে যেতে পারব না"
"অঁনে এক্কানা এনডে থিয়ন, আঁই ডাক্তার উরে ডাহি আনির","আপনি একটু এখানে দাঁড়ান, আমি ডাক্তারকে ডেকে আনছি"
"অঁনে ইক্কিনি এনডে থিয়ন, আঁই ডাক্তার উরে ডাহি আনির","আপনি একটু এখানে দাঁড়ান, আমি ডাক্তারকে ডেকে আনছি"
"বিয়াজ্ঞুন বারিত চলি গেইয়্যি, উধো আঁই এহেল্লে আছি","সবাই বাড়িতে চলে গেছে, শুধু আমি একা আছি"
"বেজ্ঞুন বারিত চলি গেইয়্যি, উধো আঁই এহেল্লে আছি","সবাই বাড়িতে চলে গেছে, শুধু আমি একা আছি"
তুঁই আঁর পিছে পিছে আইয়্যু,তুমি আমার পিছন পিছন আসো
"আম্মু, আঁই আজিয়ে ন যাইয়্যুম, হালিয়ে আইসসুম","মা, আমি আজকে যাব না, আগামীকাল আসব"
"আম্মু, আঁই আজিইয়্যে ন যাইয়্যুম, হালিয়ে আইসসুম","মা, আমি আজকে যাব না, আগামীকাল আসব"
"এগুন সাগরুর মাছ, দাম হম ন অইবু","এগুলো সাগরের মাছ, দাম কম হবে না"
"এবার ঘরুর ছাল ইয়েন ঠিক গরন ফরিবু, নইলি বর্ষাহালে পানি ফরিবু","এবার ঘরের ছালাটা ঠিক করতে হবে, নাহয় বর্ষাকালে পানি পড়বে"
মাঝে মাঝে নিজুর উদ্দি বৌত গুসসা উডে,মাঝে মাঝে নিজের উপর অনেক রাগ উঠে
তইলি এতোদিন পর আঁর হতা মনোত ফইজ্জি,তাহলে এতোদিন পর আমার কথা মনে পড়ছে
তইলি এতোদিন পর আঁর হথা মনোত ফইজ্জি,তাহলে এতোদিন পর আমার কথা মনে পড়ছে
তুই আব্বুর পকেটুত্তুন টিয়া লইয়্যুস যে আঁই আব্বুরে হই দিয়্যুম,তুই আব্বুর পকেট থেকে টাকা নিয়েছিস যে আমি আব্বুকে বলে দেব
"ভাইয়ে, তোঁয়ারে আম্মু ডাহের","ভাইয়া, তোমাকে আম্মু ডাকছে"
"কেন আছস বন্ধু, তুরে বৌতদিন পর দেহিদ্দি",কেমন আছিস বন্ধু? তোকে অনেকদিন পর দেখতাছি
শরীলুত এতো ক্লান্তি জমি গেইয়্যি দে ছুটির দিনুতও বিছেন ছারি উইট্টু ইচ্ছে ন গরে,শরীরে এত ক্লান্তি জমে গেছে যে ছুটির দিনেও বিছানা ছেড়ে উঠতে ইচ্ছে করে না
শরীলুত এল্লেত ক্লান্তি জমি গেইয়্যি দে ছুটির দিনুতও বিছেন ছারি উইট্টু ইচ্ছে ন গরে,শরীরে এত ক্লান্তি জমে গেছে যে ছুটির দিনেও বিছানা ছেড়ে উঠতে ইচ্ছে করে না
"আসমানুর মিক্কে তাকায় সো, হদিজ্ঞিন সাদা সাদা মৌলো","আসমানের দিকে তাকিয়ে দেখো, কতগুলো সাদা সাদা মেঘ"
"দরজার বাদ্দি উজ্ঞো ফইর থিয়েই থেইক্কি, চইল এগুন ইবেরে দি আইয়্যু","দরজার বাইরে একটা ভিক্কুক দাঁড়ায় আছে, চাল গুলো উনাকে দিয়ে আসো"
"দরজার বাইরে উজ্ঞো ফইর থিয়েই থেইক্কি, চইল এগুন ইবেরে দি আইয়্যু","দরজার বাইরে একটা ভিক্কুক দাঁড়ায় আছে, চাল গুলো উনাকে দিয়ে আসো"
"এই কুত্তো ইবে বৌত যারগো, সবসময় যারগই গরে","এই কুকুরটা অনেক দুষ্টু, সবসময় দুষ্টামি করে"
আঁই তোঁয়ার লগে হতা হইতাম চাই,আমি তোমার সাথে কথা বলতে চাই
আঁই তোঁয়ার ওয়ারে হতা হইতাম চাই,আমি তোমার সাথে কথা বলতে চাই
আঁই তোঁয়ার ফুয়ারে হতা হইতাম চাই,আমি তোমার সাথে কথা বলতে চাই
আঁই তোঁয়ার লগে হথা হইতাম চাই,আমি তোমার সাথে কথা বলতে চাই
"আঁই এক্কান হইলাম, আর তুঁই আরেক্কান রান্না গইজ্জো","আমি একটা বললাম, আর তুমি আরেকটা রান্না করছ"
নানা বাঁছি থাইকতে আঁরারে বৌত দেইত ফাইত্তো,নানা বেঁচে থাকতে আমাদেরকে অনেক দেখতে পারতেন
এবারোর ঈদুর পাঞ্জাবী ইবে বৌত সুন্দর অইয়্যি,এবারের ঈদের পাঞ্জাবীটা অনেক সুন্দর হয়েছে
আইয়্যু বিয়াজ্ঞুন এক্কত্তরে নাস্তা গরি,আসো সবাই একসাথে নাস্তা করি
আইয়্যু বেজ্ঞুন এক্কত্তরে নাস্তা গরি,আসো সবাই একসাথে নাস্তা করি
"তোঁয়ার নয়া রান্নার রেসিপি ইবে আঁরারেও শিখাইবে হইলে, মনোত আছেনা?","তোমার নতুন রান্নার রেসিপিটা আমাদেরও শিখাবে বলেছিলে, মনে আছে?"
"দোয়ানদার দুইজ্জের হানা হাইতু গেইয়্যি, অঁনেরা এক্কানা বইয়্যুন","দোকানদার দুপুরের খাবার খেতে গেছে, আপনারা একটু বসুন"
"দোয়ানদার দুইজ্জের হানা হাইতু গেইয়্যি, অঁনেরা ইক্কিনি বইয়্যুন","দোকানদার দুপুরের খাবার খেতে গেছে, আপনারা একটু বসুন"
"রাস্তার পাশে একজন মানুষ বই থেইক্কি, ইবেত্তুন বৌত ঠান্ডা লাগের","রাস্তার পাশে একজন মানুষ বসে আছে, তার খুব ঠান্ডা লাগছে"
"রাস্তার পাশে একজন মানুষ বই থেইক্কি, ইবেত্তুন বৌত ঠান্ডা লার","রাস্তার পাশে একজন মানুষ বসে আছে, তার খুব ঠান্ডা লাগছে"
"রাস্তার ডাহে একজন মানুষ বই থেইক্কি, ইবেত্তুন বৌত ঠান্ডা লাগের","রাস্তার পাশে একজন মানুষ বসে আছে, তার খুব ঠান্ডা লাগছে"
"শারি ইয়েনুর দাম হতো, এক্কানা হইবেন?","এই শাড়িটার দাম কত, একটু বলবেন?"
"শারি ইয়েনুর দাম হতো, ইক্কিনি হইবেন?","এই শাড়িটার দাম কত, একটু বলবেন?"
আত্তুন ফুল গম লাগে আর আঁই বাগান গত্তে পছন্দ গরি,আমার ফুল ভাল লাগে এবং আমি বাগান করতে পছন্দ করি
আত্তুন ফুল ভালা লাগে আর আঁই বাগান গত্তে পছন্দ গরি,আমার ফুল ভাল লাগে এবং আমি বাগান করতে পছন্দ করি
"আঁরার জীবন ইয়েন বৌত ছোডো, এতেল্লে যতদিন বাছি আছি ভালা হাজ গরন দরহার","আমাদের জীবনটা অনেক ছোট, তাই যতদিন বেঁচে আছি ভালো কাজ করা দরকার"
"আঁরার জীবন ইয়েন বৌত ছোডো, এতেল্লে যতদিন বাছি আছি গম হাজ গরন দরহার","আমাদের জীবনটা অনেক ছোট, তাই যতদিন বেঁচে আছি ভালো কাজ করা দরকার"
"আঁরার জীবন ইয়েন বৌত ছোডো, এতেল্লে যতদিন বাছি আছি ভালা হাম গরন দরহার","আমাদের জীবনটা অনেক ছোট, তাই যতদিন বেঁচে আছি ভালো কাজ করা দরকার"
বেইন্নের রইদোত বলে ভিটেমিন ডি আছে,সকালের রোদে নাকি ভিটামিন ডি আছে
তোর ব্যাগ ইবে হত্তুন কিন্নুস? বৌত সুন্দর অইয়্যি,তোর ব্যাগটা কোথা থেকে কিনেছিস? অনেক সুন্দর হয়েছে
"কি হবর বিয়াজ্ঞুনোর, বিয়াজ্ঞুন কেন আছো?","কি খবর সবার, সবাই কেমন আছো?"
"কি হবর বিয়াজ্ঞুনোর, বেজ্ঞুন কেন আছো?","কি খবর সবার, সবাই কেমন আছো?"
"এই সপ্তাত যাইতাম ন, সামনোর সপ্তাত্তুন যাইয়্যুম ইনশাআল্লাহ","এই সপ্তাহ যাব না, সামনের সপ্তাহ থেকে যাব ইনশাআল্লাহ"
এহন যেদ্দুর অইয়্যি ইয়েন লই আরাত্তুন বাকি হাজ শুরু গরি দন ফরিবু,এখন যতটুকু হয়েছে সেটা নিয়ে আমাদের বাকি কাজ শুরু করে দিতে হবে
এহন যেদ্দুর অইয়্যি ইয়েন লই আরাত্তুন বাকি হাম শুরু গরি দন ফরিবু,এখন যতটুকু হয়েছে সেটা নিয়ে আমাদের বাকি কাজ শুরু করে দিতে হবে
"এবার বারিত যায়, আজুইন্নে অই গেইয়্যি","এবার বাড়ি যায়, সন্ধ্যা হয়ে গেছে"
ল্যাপটপুর লগে ফ্রি আর কী কী দিইয়্যি?,ল্যাপটপের সঙ্গে ফ্রি আর কী কী দিয়েছে?
শীতহালে ফইরোর ফানি বেশি ঠান্ডা,শীতকালে পুকুরের পানি বেশি ঠান্ডা
নতুন হুত্তা কিনিলি আঁর মন এব্বেরে ভালা অই যায়,নতুন জামা কিনলে আমার মন একদম ভালো হয়ে যায়
নতুন হুত্তা কিনিলি আঁর মন এব্বেরে গম অই যায়,নতুন জামা কিনলে আমার মন একদম ভালো হয়ে যায়
আঁরো বারির পিছুদ্দি আরেক্কান বারি আছে,আমাদের বাড়ির পিছনে আরেকটা বাড়ি আছে
লেবুর রস দি গরম গরম ছটফডি বৌত মজা লাগে,লেবুর রস দিয়ে গরম গরম ছটপটি অনেক মজা লাগে
আত্তুন আজিয়ে এক্কানা শরীল হারাপ,আমার আজকে একটু শরীর খারাপ
আত্তুন আজিইয়্যে এক্কানা শরীল হারাপ,আমার আজকে একটু শরীর খারাপ
আত্তুন আজিয়ে ইক্কিনি শরীল হারাপ,আমার আজকে একটু শরীর খারাপ
আত্তুন আজিয়ে এক্কানা শরীর হারাপ,আমার আজকে একটু শরীর খারাপ
"আরে বদ্দা, এল্লেত সিরিয়াস অইলি ন চলিবু, এক্কানা আ'সন","আরে ভাই, এত সিরিয়াস হলে চলবে না, একটু হাসুন"
"আরে বদ্দা, এতো সিরিয়াস অইলি ন চলিবু, এক্কানা আ'সন","আরে ভাই, এত সিরিয়াস হলে চলবে না, একটু হাসুন"
"আরে বদ্দা, এল্লেত সিরিয়াস অইলি ন চলিবু, ইক্কিনি আ'সন","আরে ভাই, এত সিরিয়াস হলে চলবে না, একটু হাসুন"
ইতে তোঁয়ার আংকেলুর লগে হইজ্জে গইত্তো চার,সে তোমার আংকেলের সাথে ঝগড়া করতে চাচ্ছে
ইতে তোঁয়ার আংকেলুর ওয়ারে হইজ্জে গইত্তো চার,সে তোমার আংকেলের সাথে ঝগড়া করতে চাচ্ছে
ইতে তোঁয়ার আংকেলুর ফুয়ারে হইজ্জে গইত্তো চার,সে তোমার আংকেলের সাথে ঝগড়া করতে চাচ্ছে
"তোঁয়ার অরো বারিত্তুন মেমান আইবু, এতেল্লে বাজারুত্তুন গোস্ত লই আইয়্যু","তোমার শ্বশুরবাড়ি থেকে মেহমান আসবে, তাই বাজার থেকে মাংস নিয়ে আসো"
"তোঁয়ার অরো বারিত্তুন গরবা আইবু, এতেল্লে বাজারুত্তুন গোস্ত লই আইয়্যু","তোমার শ্বশুরবাড়ি থেকে মেহমান আসবে, তাই বাজার থেকে মাংস নিয়ে আসো"
বেইন্নে বিয়াম গরিলি শরীল ভালা থাহে,সকালে ব্যায়াম করলে শরীর ভালো থাকে
বেইন্নে বিয়াম গরিলি শরীল গম থাহে,সকালে ব্যায়াম করলে শরীর ভালো থাকে
ফজোরত বিয়াম গরিলি শরীল ভালা থাহে,সকালে ব্যায়াম করলে শরীর ভালো থাকে
বেইন্নে বিয়াম গরিলি শরীর ভালা থাহে,সকালে ব্যায়াম করলে শরীর ভালো থাকে
"আঁর বাজেট বেশি নেই, পাঁশশো টিয়ার মধ্যে কি ভালা কিছু দেহাইত ফারিবেন?","আমার বাজেট বেশি নেই, পাঁচশো টাকার মধ্যে কি ভালো কিছু দেখাতে পারবেন?"
"আঁর বাজেট বেশি নেই, পাঁশশো টিয়ার মধ্যে কি গম কিছু দেহাইত ফারিবেন?","আমার বাজেট বেশি নেই, পাঁচশো টাকার মধ্যে কি ভালো কিছু দেখাতে পারবেন?"
পিকনিক গরিবের লাই এক্কান নিরিবিলি জাগা তোওয়াই বাইর গর,পিকনিক করার জন্য একটা নিরিবিলি জায়গা খুঁজে বের কর
মাঢ়োত যাইরে দেহি এনডে কিয়াই নাই,মাঠে গিয়ে দেখি সেখানে কেও নাই
হাম শেষ গরি হত টিয়া পাবি বুঝি লইস,কাজ শেষ করে কত টাকা পাবি বুঝে নিস
হাজ শেষ গরি হত টিয়া পাবি বুঝি লইস,কাজ শেষ করে কত টাকা পাবি বুঝে নিস
"কিছুক্ষনের মধ্যে ঝর আইত ফারে, ছাতি ইয়েন লই যও","কিছুক্ষণের মধ্যে বৃষ্টি আসতে পারে, ছাতাটা নিয়ে যাও"
ফুত জি'র লাই মা ছায়ার মতন,ছেলেমেয়ের জন্য মা ছায়ার মতো
আঁরো গুয়াছি গাছোত সবসময় গুয়াসি ধরে,আমাদের পেয়ারা গাছে সবসময় পেয়ারা ধরে
আঁর শুরুদ্দিত্তুনই ইতের উদ্দি সন্দেহ আছিল,আমার শুরু থেকেই ওর ওপর সন্দেহ ছিল
আঁর আফা বৌত গম,আমার আপু অনেক ভাল
আঁর আফা বৌত ভালা,আমার আপু অনেক ভাল
অঁনোর গুরো ফুওয়া ইবে তো বেইন্নে ফজোরত বাইর অই গেইয়্যি,আপনার ছোট ছেলে তো সাত সকালে বের হয়ে গেছে
অঁনোর গুরো ফুওয়া ইবে তো বেইন্নে বেইন্নে বাইর অই গেইয়্যি,আপনার ছোট ছেলে তো সাত সকালে বের হয়ে গেছে
"যদি তুঁই ঠিক গরি ফেলো হন পথোত যাইতো চো, আঁই পুরো যাত্রাত তোঁয়ার সঙ্গ দিবের লাই প্রস্তুত আছি"," যদি তুমি ঠিক করে ফেলো কোন পথে যেতে চাও, আমি পুরো যাত্রায় তোমার সঙ্গ দিতে প্রস্তুত আছি"
"তুই চিন্তে ন গরিস, স্যার আঁরারে কিছু ন হইবু","তুই চিন্তা করিস না, স্যার আমাদের কিছু বলবেন না"
হানোর নিছে দুওয়ো চোয়ার দিয়্যুম যদি আবার টিয়ার হতা হস,কানের নিছে দুইটা থাপ্পর দিব যদি আবার টাকার কথা বলিস
হানোর নিছে দুওয়ো চোয়ার দিয়্যুম যদি আবার টিয়ার হথা হস,কানের নিছে দুইটা থাপ্পর দিব যদি আবার টাকার কথা বলিস
তুঁই বিয়াক কিছু আঁর উদ্দি ছারি দো,তুমি সবকিছু আমার উপার ছেড়ে দাও
"ব্যাপার কি, আজিয়ে তোঁয়ারে বৌত সুন্দার লাগের","ব্যাপার কি, আজকে তোমাকে অনেক সুন্দর লাগতাছে"
"ব্যাপার কি, আজিইয়্যে তোঁয়ারে বৌত সুন্দার লাগের","ব্যাপার কি, আজকে তোমাকে অনেক সুন্দর লাগতাছে"
"ব্যাপার কি, আজিয়ে তোঁয়ারে বৌত সুন্দার লার","ব্যাপার কি, আজকে তোমাকে অনেক সুন্দর লাগতাছে"
আঁর হালা শার্ট ইবে হনডে? তোওয়াই ন পাইদ্দি,আমার কালো শার্টটি কোথায়? খুঁজে পাচ্ছি না যে
তোঁয়ার বদ্দা এহন কি গরে? চঅরি গরে নাকি ব্যাবসা গরে?,"তোমার বড় ভাই এখন কি করে, জব করে নাকি ব্যাবসা করে?"
এগুন অত্তুন কেনে ফরি গেইয়্যি?,এগুলো ওখান থেকে কীভাবে পড়ে গেল?
একদিন ব্যায়াম গরি আঁর পা আর লরাইত ন পারির,একদিন ব্যায়াম করে আমার পা আর নাড়াতে পারছি না
"আঁরে মনোত গরি আমিরেবাদ নামাই দিয়্যুন, আঁই জাগা ন চিনি এতেল্লে","আমাকে মনে করে আমিরাবাদে নামিয়ে দিয়েন, আমি জায়গা চিনি না তাই"
বেশিক্ষন হেইল্যে ফেডে থাহিলি গ্যাস্ট্রিকুর সমস্যা অয়,দীর্ঘক্ষণ খালি পেটে থাকলে গ্যাস্ট্রিকের সমস্যা হয়
বেশিক্ষন হালি ফেডে থাহিলি গ্যাস্ট্রিকুর সমস্যা অয়,দীর্ঘক্ষণ খালি পেটে থাকলে গ্যাস্ট্রিকের সমস্যা হয়
"চা, যা অইবের অই গেইয়্যি, এহন মন হারাপ গরি হনো লাভ ন অইবু","দেখ, যা হওয়ার হয়ে গেছে, এখন মন খারাপ করে কোনো লাভ হবে না"
"আঁই তোঁয়ার আব্বুরে চিনি, ইবে তো বৌত ভালা মনুর মানুষ","আমি তোমার আব্বুকে চিনি, উনি তো অনেক ভালো মনের মানুষ"
"আঁই তোঁয়ার আব্বুরে চিনি, ইবে তো বৌত গম মনুর মানুষ","আমি তোমার আব্বুকে চিনি, উনি তো অনেক ভালো মনের মানুষ"
"উডোনোত বৌত হাচারা অইয়্যি, ঝারু দন ফরিবু আজিয়ে","উঠানে অনেক ময়লা হয়েছে, ঝাড়ু দিতে হবে আজকে"
"উডোনোত বৌত হাচারা অইয়্যি, ঝারু দন ফরিবু আজিইয়্যে","উঠানে অনেক ময়লা হয়েছে, ঝাড়ু দিতে হবে আজকে"
"উডোনোত বৌত ময়লা অইয়্যি, ঝারু দন ফরিবু আজিয়ে","উঠানে অনেক ময়লা হয়েছে, ঝাড়ু দিতে হবে আজকে"
"কিরে, তোর মন হনডে? হার হাছে চলি গেইয়্যি?","কিরে, তোর মন কোথায়? কার কাছে চলে গেছে?"
"ফোন রিসিভ ন গরের, মনে অয় বিজি","ফোন রিসভ করছেনা, মনে হয় ব্যস্ত"
"আর একশ টিয়া ফেরত দন, আত্তুন গারিভারা নেই","আর একশ টাকা ফেরত দেন, আমার গাড়িভাড়া নেই"
এত প্রশ্ন কা গরো তুঁই? সবসময় ইয়েন-উইয়েন হইতেই থাহো,এত প্রশ্ন কেন কর তুমি? সবসময় এটা-সেটা বলতেই থাকো
গত হালিয়ে ইয়েল উজ্ঞো আইয়্যিরে আঁর বিয়াজ্ঞুনুত্তুন বরো কুরো ইবে ধরি লই গেইয়্যি,গতকাল শিয়াল একটা এসে আমার সবচেয়ে বড় মুরগিটা ধরে নিয়ে গেছে
গত হালিয়ে ইয়েল উজ্ঞো আইয়্যিরে আঁর বিয়াজ্ঞুনুত্তুন বরো কুরা ইবে ধরি লই গেইয়্যি,গতকাল শিয়াল একটা এসে আমার সবচেয়ে বড় মুরগিটা ধরে নিয়ে গেছে
নিজেও হষ্ট ফর আর আঁরেও হষ্ট দর,নিজেও কষ্ট পাচ্ছিস এবং আমাকেও কষ্ট দিচ্ছিস
"আত্তুন ঘোরাঘুরি ভালা ন লাগে, আত্তুন বাসাত বই থাকতেই ভালা লাগে","আমার ঘোরাঘুরি ভালো লাগে না, আমার বাসায় বসে থাকতেই ভালো লাগে"
"আত্তুন ঘোরাঘুরি গম ন লাগে, আত্তুন বাসাত বই থাকতেই ভালা লাগে","আমার ঘোরাঘুরি ভালো লাগে না, আমার বাসায় বসে থাকতেই ভালো লাগে"
"স্যার, আঁর হাতা ন লইয়্যুন, আঁই ইতেত্তুন নো চাই","স্যার, আমার খাতা নেবেন না, আমি ওর থেকে দেখিনি"
"তুর আফারে ডাক্তারোর হাছে লই যন ফরিবু, এক্কান সিএনজি লই আয়","তোর আপুকে ডাক্তারের কাছে নিয়ে যেতে হবে, একটা সিএনজি নিয়ে আয়"
"তোঁয়াত্তুন এত চিন্তে গরন ফইত্তু ন, আঁর চিন্তে আঁই গইজ্জুম","তোমার এত চিন্তা করতে হবেনা, আমার চিন্তা আমি করব"
হালিয়েও যদি এল্লেত ঝর পরে তইলি টুরুত যাইতাম নো,"আগামীকালও যদি এভাবে বৃষ্টি পড়ে, তাহলে টুরে যাব না"
হালিয়েও যদি এন গরি ঝর পরে তইলি টুরুত যাইতাম নো,"আগামীকালও যদি এভাবে বৃষ্টি পড়ে, তাহলে টুরে যাব না"
হালিয়েও যদি এইল্লেত ঝর পরে তইলি টুরুত যাইতাম নো,"আগামীকালও যদি এভাবে বৃষ্টি পড়ে, তাহলে টুরে যাব না"
হালিয়েও যদি ইল্লেত ঝর পরে তইলি টুরুত যাইতাম নো,"আগামীকালও যদি এভাবে বৃষ্টি পড়ে, তাহলে টুরে যাব না"
"অইনুর তাপ বৌত বারি গেইয়্যি, বেশি গরি পানি","আগুনের তাপ অনেক বেড়ে গেছে, বেশি করে পানি ঢালো"
"আত্তুন ইউরুপুত যাইবের ইচ্ছে, হন দেশুত গেলি ভালা অইবু?","আমার ইউরোপে যাওয়ার ইচ্ছা, কোন দেশে গেলে ভালো হবে?"
"আত্তুন ইউরুপুত যাইবের ইচ্ছে, হন দেশুত গেলি গম অইবু?","আমার ইউরোপে যাওয়ার ইচ্ছা, কোন দেশে গেলে ভালো হবে?"
"ভুলুত্তুন মানুষ শিখে, এতেল্লে ভুল গরন ভালা","ভুল থেকে মানুষ শেখে, সে জন্য ভুল করা ভালো"
"ভুলুত্তুন মানুষ শিখে, এতেল্লে ভুল গরন গম","ভুল থেকে মানুষ শেখে, সে জন্য ভুল করা ভালো"
হুত্তা ইবে এক্কানা বরো সাইজুর পন যাইবু?,এই জামাটা একটু বড় সাইজে পাওয়া যাবে?
হুত্তা ইবে ইক্কিনি বরো সাইজুর পন যাইবু?,এই জামাটা একটু বড় সাইজে পাওয়া যাবে?
আঁর বইন আঁরে হয়দে আঁই বলে বিয়ে গরিলি ইতিরে ভুলি যাইয়্যুম,আমার বোন আমাকে বলে আমি নাকি বিয়ে করলে তাকে ভুলে যাব
অঁনেরা তো রমজানুর এক মাসুর লাভ দি আরা বছর চলিত পারিবেন,আপনারা তো রমজানের এক মাসের লাভ দিয়ে সারা বছর চলতে পারবেন
বেইন্নে আঁই ভাত হাইতাম নো,সকালে আমি ভাত খাবো না
ফজোরত আঁই ভাত হাইতাম নো,সকালে আমি ভাত খাবো না
হর ইবের দাম হত বদ্দা?,কাপড় এটার দাম কত ভাই?
লগে আদা-রসুন আর ৫০০ গ্রামুর উজ্ঞো হাঁটি গাওয়া ঘি দন,সাথে আদা-রসুন আর ৫০০ গ্রামের একটা খাঁটি গাওয়া ঘি দিয়েন
ওয়ারে আদা-রসুন আর ৫০০ গ্রামুর উজ্ঞো হাঁটি গাওয়া ঘি দন,সাথে আদা-রসুন আর ৫০০ গ্রামের একটা খাঁটি গাওয়া ঘি দিয়েন
ফুয়ারে আদা-রসুন আর ৫০০ গ্রামুর উজ্ঞো হাঁটি গাওয়া ঘি দন,সাথে আদা-রসুন আর ৫০০ গ্রামের একটা খাঁটি গাওয়া ঘি দিয়েন
তোরে এল্লেত উরে হনে উইঠতো হইয়্যি দে?,তোকে এত ওপরে কে উঠতে বলছে?
তোরে এতো উরে হনে উইঠতো হইয়্যি দে?,তোকে এত ওপরে কে উঠতে বলছে?
এতেল্লে এক বস্তা চইল লই আইস্যি,সেজন্য এক বস্তা চাল নিয়ে আসছি
"এহন বাদ্দি যাইতাম ন, বাদ্দি গেলি বৌত সময় নষ্ট অইবু","এখন বাইরে যাব না, বাইরে গেলে অনেক সময় নষ্ট হবে"
"এহন বাইরে যাইতাম ন, বাদ্দি গেলি বৌত সময় নষ্ট অইবু","এখন বাইরে যাব না, বাইরে গেলে অনেক সময় নষ্ট হবে"
আসমান আর জবিন বিয়াক কিছু আল্লাহ সৃষ্টি গইজ্জি,আসমান আর জমিন সবকিছু আল্লাহ সৃষ্টি করেছেন
"হদু ইবে হরা আছে, ইবে দও আঁরে","লাউটা কচি আছে, এটা দাও আমাকে"
তুঁই আজিয়ে হারা চলি আইস্যু দে?,তুমি আজকে জলদি চলে এলে যে?
তুঁই আজিইয়্যে হারা চলি আইস্যু দে?,তুমি আজকে জলদি চলে এলে যে?
তুঁই আজিয়ে তারাতারি চলি আইস্যু দে?,তুমি আজকে জলদি চলে এলে যে?
তুঁই আজিয়ে জলদি চলি আইস্যু দে?,তুমি আজকে জলদি চলে এলে যে?
চোখ হানা না? সাম্মোদ্দি কি আছে ন দেহর?,চোখ কানা নাকি? সামনে কি আছে দেখছো না?
চোখ আন্ধা না? সাম্মোদ্দি কি আছে ন দেহর?,চোখ কানা নাকি? সামনে কি আছে দেখছো না?
চোখ আধা না? সাম্মোদ্দি কি আছে ন দেহর?,চোখ কানা নাকি? সামনে কি আছে দেখছো না?
তুর বাফ আঁর চাচা আর আঁর বাফ তুর চাচা,তোর বাবা আমার চাচা এবং আমার বাবা তোর চাচা
তোঁয়ার হতা উনি রে মন হারাপ অই গেইয়্যি,তোমার কথা শুনে মন খারাপ হয়ে গেল
তোঁয়ার হথা উনি রে মন হারাপ অই গেইয়্যি,তোমার কথা শুনে মন খারাপ হয়ে গেল
"রান্না গরা শেষ, এহন অইন নিফেই দ","রান্না করা শেষ, এখন আগুন নিভিয়ে দাও"
"আঁর সময় হম, এতেল্লে বেশি দামাদামি গইত্তাম ন চায়","আমার সময় কম, তাই বেশি দামাদামি করতে চায় না"
তুঁই কি আঁর লগে হতা হইবে নাকি গুসসা গরি তাহিবে?,তুমি কি আমার সাথে কথা বলবা নাকি রাগ করে থাকবা?
তুঁই কি আঁর ওয়ারে হতা হইবে নাকি গুসসা গরি তাহিবে?,তুমি কি আমার সাথে কথা বলবা নাকি রাগ করে থাকবা?
তুঁই কি আঁর ফুয়ারে হতা হইবে নাকি গুসসা গরি তাহিবে?,তুমি কি আমার সাথে কথা বলবা নাকি রাগ করে থাকবা?
তুঁই কি আঁর লগে হথা হইবে নাকি গুসসা গরি তাহিবে?,তুমি কি আমার সাথে কথা বলবা নাকি রাগ করে থাকবা?
আঁর বইনুর বিয়েত দিবের লাই কিছু ভালা গিপট আইটেম দেহন,আমার বোনের বিয়েতে দেওয়ার জন্য কিছু ভালো গিফট আইটেম দেখান
আঁর বইনুর বিয়েত দিবের লাই কিছু গম গিপট আইটেম দেহন,আমার বোনের বিয়েতে দেওয়ার জন্য কিছু ভালো গিফট আইটেম দেখান
আঁর ছোডো ভাই উধো আব্বুরে ডরাই দে,আমার ছোট ভাই শুধু বাবাকে ভয় পায়
"সামনেই পেট্রোল পাম্প আছে, এত্তুন পেট্রোল লন যাইবু","সামনেই পেট্রোল পাম্প আছে, ওখান থেকেই পেট্রোল নেওয়া যাবে"
"এহন রাইত অই গেইয়্যি, এতেল্লে ভারা এক্কানা বেশি দন ফরিবু","এখন রাত হয়ে গেছে, তাই ভাড়া একটু বেশি দিতে হবে"
"এহন রাইত অই গেইয়্যি, এতেল্লে ভারা ইক্কিনি বেশি দন ফরিবু","এখন রাত হয়ে গেছে, তাই ভাড়া একটু বেশি দিতে হবে"
"আজিয়ে দাম এক্কানা হমাই রাহন, আরেকবার আইলি এত্তে বেশি রাইক্কোন","আজকে দাম একটু কমাই রাখেন, আরেকবার আসলে তখন বেশি রাখিয়েন"
"আজিইয়্যে দাম এক্কানা হমাই রাহন, আরেকবার আইলি এত্তে বেশি রাইক্কোন","আজকে দাম একটু কমাই রাখেন, আরেকবার আসলে তখন বেশি রাখিয়েন"
"আজিয়ে দাম ইক্কিনি হমাই রাহন, আরেকবার আইলি এত্তে বেশি রাইক্কোন","আজকে দাম একটু কমাই রাখেন, আরেকবার আসলে তখন বেশি রাখিয়েন"
নিয়মিত হম পানি হাইলি কিডনিত সমস্যা অইত পারে,নিয়মিত কম পানি খেলে কিডনিতে সমস্যা হতে পারে
"সুইজারল্যান্ড দেশ ইয়েন বৌত সুন্দর, জীবনুত হনো একদিন এনডে যাইয়্যুম","সুইজারল্যান্ড দেশটা অনেক সুন্দর, জীবনে কোনো একদিন ওখানে যাব"
"দেরি গরিলি আর ন ফাইবেন, শেষ অই যাইবু","দেরি করলে আর পাবেন না, শেষ হয়ে যাবে"
এবার কি কুতুবদিয়ে ওরশত যাবি?,এবার কি কুতুবদিয়া ওরশে যাবি?
বেইন্নে চা ন হাইলি মাথা এব্বেরে হাম ন গরে,সকালে চা না খেলে মাথা একদম কাজ করেনা
ফজোরত চা ন হাইলি মাথা এব্বেরে হাম ন গরে,সকালে চা না খেলে মাথা একদম কাজ করেনা
বেইন্নে চা ন হাইলি মাথা এব্বেরে হাজ ন গরে,সকালে চা না খেলে মাথা একদম কাজ করেনা
আঁই দিনুর পর দিন হাজ গরি টিয়া হামাইর,আমি দিনের পর দিন কাজ করে টাকা আয় করছি
আঁই দিনুর পর দিন হাম গরি টিয়া হামাইর,আমি দিনের পর দিন কাজ করে টাকা আয় করছি
"আম্মু, আঁই দাঁত ব্রাশ গরি আইর, অঁনে আঁর লাই নাস্তা রেডি গরন","মা, আমি দাঁত ব্রাশ করে আসছি, আপনি আমার জন্য নাস্তা রেডি করেন"
বৈশাখ মাসুত হালবৈশাখী ঝর অয়,বৈশাখ মাসে কালবৈশাখী ঝড় হয়
"বাইরে বৌত ঠান্ডা, এই হম্বল ইয়েন মানুষ ইবেরে দি আয়","বাইরে অনেক ঠান্ডা, এই কম্বলটা মানুষটাকে দিয়ে আয়"
"বাদ্দি বৌত ঠান্ডা, এই হম্বল ইয়েন মানুষ ইবেরে দি আয়","বাইরে অনেক ঠান্ডা, এই কম্বলটা মানুষটাকে দিয়ে আয়"
তোঁয়াত্তুন কি কি লাগিবু এক্কান লিস্ট গরো,তোমার কি কি লাগবে একটা লিস্ট করো
আরো আছে? আঁই আর ন ফারির,আরও আছে? আমি আর পারছি না
আইচ্ছে আঁরা বাসে যাইর নাকি ট্রেনে যাইর?,আচ্ছা আমরা বাসে যাচ্ছি নাকি ট্রেনে যাচ্ছি?
"আইচ্ছে, যদি কিছু মনে নগোরন এক্কান হতা ফুস গইজ্জুম?","আচ্ছা, যদি কিছু মনে না করেন একটা কথা জিজ্ঞেস করব?"
"আইচ্ছে, যদি কিছু মনে নগোরন এক্কান হতা ফুসর গইজ্জুম?","আচ্ছা, যদি কিছু মনে না করেন একটা কথা জিজ্ঞেস করব?"
"আইচ্ছে, যদি কিছু মনে নগোরন এক্কান হথা ফুস গইজ্জুম?","আচ্ছা, যদি কিছু মনে না করেন একটা কথা জিজ্ঞেস করব?"
তুঁই কি ফঅল না? মাইনষে দেহিলি কি হইবু?,তুমি কি পাগল? মানুষজন দেখলে কি বলবে?
"অঁনে তো দাম অঁনোরগান ধরি বই থেইক্কুন, আঁরে কিছু হইবের সুযোগ নইদ্দে লেইজ্ঞুন","আপনি তো দাম আপনারটা ধরে বসে আছেন, আমাকে কিছু বলার সুযোগ দিচ্ছেন না"
আঁরা সামনুর বছর ইনশাআল্লাহ দুনুজন মিলি হজ গইত্তাম যাইয়্যুম,আমরা সামনের বছর ইনশাআল্লাহ দুজন মিলে হজ করতে যাব
তোঁয়ার মলিন মুখ দেহিলি আঁর মন এব্বেরে হারাপ অই যায়,তোমার মলিন মুখ দেখলে আমার মন একদম খারাপ হয়ে যায়
তোঁয়ার হাছে টিয়া আছে? আঁরে কিছু টিয়া উধোর দও,তোমার কাছে টাকা আছে? আমাকে কিছু টাকা ধার দাও
"আঁর তো ঠিকমতো মনত নেই, মনে অয় ১৫-২০ দিন অইবু","আমার তো ঠিকমতো মনে নেই, মনে হয় ১৫–২০ দিন হবে"
"শার্ট ইবে বৌত সুন্দর, কিন্তু তুর গা'আত ন মানায়","শার্টটা অনেক সুন্দর, কিন্তু তোর গায়ে মানায়নি"
তোর চুল এতো অলফল কা? মাথাত তেল ন দস?,তোর চুল এত এলোমেলো কেন? মাথায় তেল দিস না?
তোর চুল এল্লেত অলফল কা? মাথাত তেল ন দস?,তোর চুল এত এলোমেলো কেন? মাথায় তেল দিস না?
"যদি যাদু ন গইত্তো, তইলি তুই এল্লেত ফঅল অই ন যাইতি","যদি যাদু না করত, তাহলে তুই এরকম পাগল হয়ে যেতি না"
ফজোরত এক হাপ চা নো হাইলি নো অই,সকালে এক কাপ চা না খেলে হয় না
বেইন্নে এক হাপ চা নো হাইলি নো অই,সকালে এক কাপ চা না খেলে হয় না
আঁরে আর দুইশ টিয়া ফেরত দন,আমাকে আর দুইশ টাকা ফেরত দেন
"আম্মু, তুঁই এক্কানা বইয়্যু, আঁই বিয়াজ্ঞিন গরির, আজিয়্যে তোঁয়ারে কিছু গইত্তাম দিতাম নো","মা, তুমি একটু বসো, আমি সব করছি, আজকে তোমাকে কিছু করতে দিব না"
"আম্মু, তুঁই ইক্কিনি বইয়্যু, আঁই বিয়াজ্ঞিন গরির, আজিয়্যে তোঁয়ারে কিছু গইত্তাম দিতাম নো","মা, তুমি একটু বসো, আমি সব করছি, আজকে তোমাকে কিছু করতে দিব না"
"ঠান্ডা লাগি নাক বন্ধ অই গেইয়্যি, রাতিয়ে শ্বাস লইতু হষ্ট অর","ঠান্ডা লেগে নাক বন্ধ হয়ে আছে, রাতে শ্বাস নিতে কষ্ট হচ্ছে"
"গরম দিন দিন বারি যার, সামনে কি অইবু আল্লাই ভালা জানে","গরম দিন দিন বেড়ে যাচ্ছে, সামনে কী হবে আল্লাহই ভালো জানেন"
"গরম দিন দিন বারি যার, সামনে কি অইবু আল্লাই গম জানে","গরম দিন দিন বেড়ে যাচ্ছে, সামনে কী হবে আল্লাহই ভালো জানেন"
এই হচুশাক এগিন এক বুধা হত টিয়া?,এই কচুশাকগুলো এক বান্ডিল কত টাকা?
"আঁই এহন বারিত চলি যাইর, বাকি হাম এগিন হালিয়ে আই গইজ্জুম","আমি এখন বাড়ি চলে যাচ্ছি, বাকি কাজগুলো আগামীকাল এসে করব"
"আঁই এহন বারিত চলি যাইর, বাকি হাজ এগিন হালিয়ে আই গইজ্জুম","আমি এখন বাড়ি চলে যাচ্ছি, বাকি কাজগুলো আগামীকাল এসে করব"
কক্সবাজার ন যাই অন্য হনোমিক্কে গেলি ভালা অইবু,কক্সবাজার না গিয়ে অন্য কোথাও গেলে ভাল হবে
কক্সবাজার ন যাই অন্য হনোমিক্কে গেলি গম অইবু,কক্সবাজার না গিয়ে অন্য কোথাও গেলে ভাল হবে
"আঁই দুইজ্জে ২টার ট্রেনুর টিকেট হাডি রেইক্কি, তুঁই সময়মতো চলি আইসসো","আমি দুপুর ২টার ট্রেনের টিকিট কেটে রেখেছি, তুমি সময়মতো চলে আসিও"
তোর বয়স বারিলিও এহনো হাইচ্চুত পরিবর্তন নো অয়,তোর বয়স বাড়লেও এখনো স্বভাব পরিবর্তন হয়নি
তোর বয়স বারিলিও এইজু হাইচ্চুত পরিবর্তন নো অয়,তোর বয়স বাড়লেও এখনো স্বভাব পরিবর্তন হয়নি
বুডুর গরি রুমুত কা ঢুকি পরস? দরজা নক গরিত ন পারস?,হুট করেই রুমে ঢুকে পড়িস কেন? দরজা নক করতে পারিস না?
আরাত্তুন ফিরতে দেরি অইলি আজুইন্নের আগে বাইরেত্তুন বিয়াক হর ঢুকই ফেলাইস,আমাদের ফিরতে দেরি হলে সন্ধ্যার আগে বাইরে থেকে সব কাপড় ঘরে ঢুকিয়ে ফেলিস
এহন আম্মু বাজারুত গেইয়্যি আর আঁই রান্না গরির,এখন আম্মু বাজারে গেছে আর আমি রান্না করছি
তোঁয়ারা ভাই-বইন হতোজন?,তোমরা ভাই-বোন কয়জন?
"বদ্দা, কি অবস্থা অঁনোর?","বড়ো ভাই, কি অবস্থা আপনার?"
"ম্যাম, আঁর বন্ধু অসুস্থ, এতেল্লে আজিয়ে ক্লাস গরিত নো পারে","ম্যাম, আমার বন্ধু অসুস্থ, তাই আজ ক্লাস করতে পারেনি"
"আঁরার সময় হম, যা গরার হারা গরন ফরিবু","আমাদের সময় কম, যা করার তারাতারি করতে হবে"
বল ইবে যদি আঁর মিক্কে পাস দিতি তইলি গোল দিত ফাইত্তাম,বলটি যদি আমার দিকে পাস দিতি তাহলে গোল দিতে পারতাম
"বেলকনিত বৌত হাচারা অই গেইয়্যি, ধুই দন ফরিবু","বেলকনিতে অনেক ময়লা হয়ে গেছে, ধুয়ে দিতে হবে"
"বন্ধু চল, সামনোর মাসুত উজ্ঞো টুর দি","বন্ধু চল, সামনের মাসে একটা টুর দিই"
শীতহালে ধু পিডে হাইতে বৌত মজা,শীতকালে ভাপা পিঠা খেতে অনেক মজা
ইবে কেনে হায় দে?,এটা কীভাবে খায় যে?
উইন্নি তোঁয়ার বদ্দার বলে চঅরি অইয়্যি?,শুনেছি তোমার বড় ভাইয়ের নাকি চাকরি হয়েছে?
তুই এগিন লইয়্যুস হতদিন অর?,তুই এগুলো নিয়েছিস কত দিন হচ্ছে?
"স্যার, আঁর আবেদন ইয়েন এক্কানা উরে পাঠাই দন, বৌতদিন ধরি আটকি আছে","স্যার, আমার আবেদনটা একটু ওপরে পাঠিয়ে দিন, অনেক দিন ধরে আটকে আছে"
"স্যার, আঁর আবেদন ইয়েন ইক্কিনি উরে পাঠাই দন, বৌতদিন ধরি আটকি আছে","স্যার, আমার আবেদনটা একটু ওপরে পাঠিয়ে দিন, অনেক দিন ধরে আটকে আছে"
তুঁই যিইয়্যেন হইবে ইয়েন গইজ্জুম,তুমি যেটা বলবে ওটা করবো
"আল্লার বৌত বরো রহমত, আজিয়ে বৌত বরো এক্সিডেন্ট উত্তুন বাচি গেই","আল্লাহর অনেক বড় রহমত, আজকে অনেক বড় এক্সিডেন্ট থেকে বেঁচে গেছি"
"আল্লার বৌত বরো রহমত, আজিইয়্যে বৌত বরো এক্সিডেন্ট উত্তুন বাচি গেই","আল্লাহর অনেক বড় রহমত, আজকে অনেক বড় এক্সিডেন্ট থেকে বেঁচে গেছি"
"ঢাকনা ন খুইল্লো, পানি ফরি যাইবু","ঢাকনা খুলিও না, পানি পড়ে যাবে"
আজিয়ে ঘরোত মেমান আইয়্যির এতেল্লে স্কুলোত যাইতাম নো,আজকে ঘরে মেহমান আসছে তাই স্কুলে যাব না
আজিইয়্যে ঘরোত মেমান আইয়্যির এতেল্লে স্কুলোত যাইতাম নো,আজকে ঘরে মেহমান আসছে তাই স্কুলে যাব না
আজিয়ে ঘরোত গরবা আইয়্যির এতেল্লে স্কুলোত যাইতাম নো,আজকে ঘরে মেহমান আসছে তাই স্কুলে যাব না
"আঁই সর্বোচ্চ ১০টা পর্যন্ত থাহিত ফাইজ্জুম, দেরি অইলি বাসাত ঢুকিত ন পাইজ্জুম","আমি সর্বোচ্চ ১০টা পর্যন্ত থাকতে পারব, দেরি হলে বাসায় ঢুকতে পারব না"
"ইতারা বৌত কিছুই হইবু, ইতারার হথাত হান দি লাভ নেই","ওরা অনেক কিছুই বলবে, ওদের কথায় কান দিয়ে লাভ নেই"
"ফুরো মার্কেট তোওয়াই, তারপরও এই ডিজাইনুর হনো শারি ন ফাই","পুরো মার্কেট খুঁজেছি, তারপরও এই ডিজাইনের কোন শাড়ি পাই নাই"
গাধার মতন হথা ন হইস,গাধার মতো কথা বলিস না
গাধার মতন হতা ন হইস,গাধার মতো কথা বলিস না
"আজিয়ে বেইন্নেত্তুন আকাশ মৌলো, মনে অদ্দে বিকেলুর ইক্কে বেশ গরি বৃষ্টি অইবু","আজকে সকাল থেকেই আকাশ মেঘলা, মনে হচ্ছে বিকেলের দিকে ভারী বৃষ্টি হবে"
"আজিইয়্যে বেইন্নেত্তুন আকাশ মৌলো, মনে অদ্দে বিকেলুর ইক্কে বেশ গরি বৃষ্টি অইবু","আজকে সকাল থেকেই আকাশ মেঘলা, মনে হচ্ছে বিকেলের দিকে ভারী বৃষ্টি হবে"
হালিয়ে আঁরারাইত ঝুম ঝুম বৃষ্টি ফইজ্জিল,কাল সারারাত ঝুম ঝুম বৃষ্টি পড়েছিল
শরীল ইয়েন বেশি দুর্বল লাগের আজিয়ে,শরীরটা বেশি দুর্বল লাগছে আজ
শরীল ইয়েন বেশি দুর্বল লার আজিয়ে,শরীরটা বেশি দুর্বল লাগছে আজ
শরীর ইয়েন বেশি দুর্বল লাগের আজিয়ে,শরীরটা বেশি দুর্বল লাগছে আজ
আঁই নাস্তার পরে চা হাইতাম পছন্দ গরি,আমি নাস্তার পরে চা খেতে পছন্দ করি
জুতা এগিন বদ্দা আঁরা ঢাহাত্তুন অর্ডার গরি আনি,জুতাগুলো ভাই আমরা ঢাকা থেকে অর্ডার করে আনি
"তুঁই এক্কানা অপেক্ষা গরো, আঁরা একলগে যাইয়্যুম","তুমি একটু অপেক্ষা করো, আমরা একসাথে যাব"
"তুঁই ইক্কিনি অপেক্ষা গরো, আঁরা একলগে যাইয়্যুম","তুমি একটু অপেক্ষা করো, আমরা একসাথে যাব"
"তুঁই এক্কানা অপেক্ষা গরো, আঁরা এক্কোত্তরে যাইয়্যুম","তুমি একটু অপেক্ষা করো, আমরা একসাথে যাব"
"তুঁই এক্কানা অপেক্ষা গরো, আঁরা এক্কোওয়ারে যাইয়্যুম","তুমি একটু অপেক্ষা করো, আমরা একসাথে যাব"
"তুঁই এক্কানা অপেক্ষা গরো, আঁরা এক্কোফুয়ারে যাইয়্যুম","তুমি একটু অপেক্ষা করো, আমরা একসাথে যাব"
আইয়্যুন আঁরা আঁরার ছোডো ছোডো প্রচেষ্টার মাইধ্যমে এক্কান বরো পার্থইক্যো তৈরি গরিবের চেষ্টা গরি,আসুন আমরা আমাদের ছোট ছোট প্রচেষ্টার মাধ্যমে একটি বড় পার্থক্য তৈরি করার চেষ্টা করি
"তুঁই এক্কানা ইক্কে আইয়্যো, তোঁয়ার লগে এক্কানা হতা হইতাম চায়","তুমি একটু এদিকে আসো, তোমার সঙ্গে একটু কথা বলতে চায়"
"তুঁই ইক্কিনি ইক্কে আইয়্যো, তোঁয়ার লগে এক্কানা হতা হইতাম চায়","তুমি একটু এদিকে আসো, তোমার সঙ্গে একটু কথা বলতে চায়"
"তুঁই এক্কানা ইক্কে আইয়্যো, তোঁয়ার লগে এক্কানা হথা হইতাম চায়","তুমি একটু এদিকে আসো, তোমার সঙ্গে একটু কথা বলতে চায়"
"এই ফুওয়া ইবে ফইত্তুবার জিনিস সাই চলি যায়, হনো সময় কিছু ন কিনে","এই ছেলেটা প্রতিবার জিনিস দেখে চলে যায়, কোনো সময় কিছু কিনে না"
"বিশ্বেস জিনিস ইয়েন বৌত দামি, একবার ভাঙি গেলি শেষ","বিশ্বাস জিনিসটা অনেক মূল্যবান, একবার ভেঙে গেলে শেষ"
আঁই গুরো থাকতে তোরার মতন এল্লেত জারগো ন আছিলাম,আমি ছোটবেলায় তোদের মতো এত দুষ্টু ছিলাম না
আঁই গুরো থাকতে তোরার মতন এতো জারগো ন আছিলাম,আমি ছোটবেলায় তোদের মতো এত দুষ্টু ছিলাম না
হানা এগিন ইতারা দুনুজনোরে ভাগ গরি দও যেন একজন আরেকজনোর লগে হইজ্জে ন গরে,খাবারগুলো ওদের দুজনকে ভাগ করে দাও যেন একজন আরেকজনের সাথে ঝগড়া না করে
হানা এগিন ইতারা দুনুজনোরে ভাগ গরি দও যেন একজন আরেকজনোর ওয়ারে হইজ্জে ন গরে,খাবারগুলো ওদের দুজনকে ভাগ করে দাও যেন একজন আরেকজনের সাথে ঝগড়া না করে
হানা এগিন ইতারা দুনুজনোরে ভাগ গরি দও যেন একজন আরেকজনোর ফুয়ারে হইজ্জে ন গরে,খাবারগুলো ওদের দুজনকে ভাগ করে দাও যেন একজন আরেকজনের সাথে ঝগড়া না করে
যারা ফইত্তুদিন দেরি গরি ঘুম যায় ইতারাত্তুন ব্রেইনুর হতি অয়,"যারা প্রতিদিন দেরি করে ঘুমায়, তাদের ব্রেইনের ক্ষতি হয়"
"ধুওয়ো উডের বসহানাত্তুন, আম্মু মনে অয় ভাত বুওয়াইয়্যি","ধোঁয়া উঠছে রান্নাঘর থেকে, মা মনে হয় ভাত বসিয়েছেন"
"আসলে সমস্যা ইয়েন আঁর ন, আঁর বন্ধুর সমস্যা","আসলে সমস্যাটা আমার না, আমার বন্ধুর সমস্যা"
"আর এক্কানা বাকি, অই যাইবু এহন","আর একটু বাকি, হয়ে যাবে এখন"
"আর ইক্কিনি বাকি, অই যাইবু এহন","আর একটু বাকি, হয়ে যাবে এখন"
"অঁনে এক্কানা বইয়্যুন, আঁই চা লই আইর","আপনি একটু বসুন, আমি চা নিয়ে আসছি"
"অঁনে এক্কানা বইয়্যুন, আঁই চা লই আইয়্যির","আপনি একটু বসুন, আমি চা নিয়ে আসছি"
"অঁনে ইক্কিনি বইয়্যুন, আঁই চা লই আইর","আপনি একটু বসুন, আমি চা নিয়ে আসছি"
"দেওয়ালুর উদ্দি হর উজ্ঞো ফুয়ত দিলাম, ফরুদ্দি যাই সাইদ্দি হনে ইয়েন নিচে ফেলাই দিইয়্যি","দেওয়ালের ওপর কাপড় একটা শুকাতে দিয়েছিলাম, পরে গিয়ে দেখি কেউ ওটা নিচে ফেলে দিয়েছে"
নানারো বারির গাছোর বরই বৌত মিডে,নানুর বাড়ির গাছের বরই অনেক মিষ্টি
অঁনে চাটগাইয়া হতা হইত নপারন?,আপনি চাটগাইয়া কথা বলতে পারেন না?
অঁনে চাটগাইয়া হথা হইত নপারন?,আপনি চাটগাইয়া কথা বলতে পারেন না?
"আঁর মন-মেজাজ ভালা ন, আঁরে এক্কানা এহেল্লে থাইকতো দও","আমার মন-মেজাজ ভালো না, আমাকে একটু একা থাকতে দাও"
"আঁর মন-মেজাজ গম ন, আঁরে এক্কানা এহেল্লে থাইকতো দও","আমার মন-মেজাজ ভালো না, আমাকে একটু একা থাকতে দাও"
"আঁর মন-মেজাজ ভালা ন, আঁরে ইক্কিনি এহেল্লে থাইকতো দও","আমার মন-মেজাজ ভালো না, আমাকে একটু একা থাকতে দাও"
"আগে আঁই হতক্ষন জিরেই, তারপর তোঁয়ার লগে হথা হইয়্যুম","আগে আমি কিছুক্ষণ বিশ্রাম নিই, তারপর তোমার সঙ্গে কথা বলব"
"আগে আঁই হতক্ষন জিরেই, তারপর তোঁয়ার লগে হতা হইয়্যুম","আগে আমি কিছুক্ষণ বিশ্রাম নিই, তারপর তোমার সঙ্গে কথা বলব"
যদি তুই তারাতারি বরোলোক অইতো ছস তইলি চঅরি নগোরি ব্যাবসা গর,যদি তুই তাড়াতাড়ি ধনী হতে ছাস তাহলে জব না করে ব্যাবসা কর
যদি তুই হারা বরোলোক অইতো ছস তইলি চঅরি নগোরি ব্যাবসা গর,যদি তুই তাড়াতাড়ি ধনী হতে ছাস তাহলে জব না করে ব্যাবসা কর
যদি তুই জলদি বরোলোক অইতো ছস তইলি চঅরি নগোরি ব্যাবসা গর,যদি তুই তাড়াতাড়ি ধনী হতে ছাস তাহলে জব না করে ব্যাবসা কর
"আজিয়ে বেশি ঠান্ডা, এতেল্লে গরম পানি দি গোসল গইজ্জুম","আজকে বেশি ঠান্ডা, সেজন্য গরম পানি দিয়ে গোসল করব"
"আজিইয়্যে বেশি ঠান্ডা, এতেল্লে গরম পানি দি গোসল গইজ্জুম","আজকে বেশি ঠান্ডা, সেজন্য গরম পানি দিয়ে গোসল করব"
সামির হনডে? ইতে মাদরাসাত ন যাইবু আজিয়ে?,সামির কোথায়? সে মাদরাসায় যাবে না আজ?
"রাস্তাত বৌত জ্যাম, আত্তুন আইতে দেরি অইবু","রাস্তায় অনেক জ্যাম, আমার আসতে দেরি হবে"
"রাস্তাত বৌত জ্যাম, আত্তুন আইসতে দেরি অইবু","রাস্তায় অনেক জ্যাম, আমার আসতে দেরি হবে"
কিছু কিছু মানুষ উত্তুন কুত্তো বৌত বিশ্বস্ত,কিছু কিছু মানুষের থেকে কুকুর অনেক বিশ্বস্ত
"আঁর হতার তো হনো গুরুত্ব নেই, অঁনে তো অঁনোর ফুওয়ার হতাই উনিবেন","আমার কথার তো কোনো গুরুত্ব নেই, আপনি তো আপনার ছেলের কথাই শুনবেন"
গত বছরুর তুলনায় এবছর হর উর দাম বৌত বেশি,গত বছরের তুলনায় এ বছর কাপড়ের দাম অনেক বেশি
"বেশি রাইত ন জাগিস, হারা ঘুম যাগো","বেশি রাত জাগিস না, জলদি ঘুমিয়ে যা"
"বেশি রাইত ন জাগিস, তারাতারি ঘুম যাগো","বেশি রাত জাগিস না, জলদি ঘুমিয়ে যা"
"বেশি রাইত ন জাগিস, জলদি ঘুম যাগো","বেশি রাত জাগিস না, জলদি ঘুমিয়ে যা"
"বাইরে বেশি টাডাল পরের, এহন বাইর অন ঠিক ন অইবু","বাইরে বেশি বজ্রপাত হচ্ছে, এখন বের হওয়া ঠিক হবে না"
"বাদ্দি বেশি টাডাল পরের, এহন বাইর অন ঠিক ন অইবু","বাইরে বেশি বজ্রপাত হচ্ছে, এখন বের হওয়া ঠিক হবে না"
হালা রঙ আঁর পছন্দর রঙ,কালো রঙ আমার পছন্দের রঙ
"তোঁয়ারে যিয়েন হই, সবসময় ইয়েনুর উল্ডো ইয়েন হও","তোমাকে যেটা বলি, সবসময় সেটার উল্টোটা বলো"
এতোদিন পর আঁর হবর লইতে লাইজ্ঞো! একবারোর লাই আঁর হতা মনোত'অ নো পরে,এতোদিন পর আমার খবর নিচ্ছো! একবারের জন্য আমার কথা মনেও পড়ে নাই
এতোদিন পর আঁর হবর লইতে লাইজ্ঞো! একবারোর লাই আঁর হথা মনোত'অ নো পরে,এতোদিন পর আমার খবর নিচ্ছো! একবারের জন্য আমার কথা মনেও পড়ে নাই
মাথা ঠাণ্ডা অইলি তারপর হতা হইয়্যুম,মাথা ঠাণ্ডা হলে তারপর কথা বলব
মাথা ঠাণ্ডা অইলি তারপর হথা হইয়্যুম,মাথা ঠাণ্ডা হলে তারপর কথা বলব
"ন গইত্তাম কা, অবশ্যই গইজ্জুম","কেন করব না, অবশ্যই করব"
"ঘরুর অবস্থা ভালা নো, পরালেহার পাশাপাশি পার্টটাইম হাজ গরন ফরিবু","ঘরের অবস্থা ভালো না, পড়াশোনার পাশাপাশি পার্টটাইম কাজ করতে হবে"
"ঘরুর অবস্থা গম নো, পরালেহার পাশাপাশি পার্টটাইম হাজ গরন ফরিবু","ঘরের অবস্থা ভালো না, পড়াশোনার পাশাপাশি পার্টটাইম কাজ করতে হবে"
"ঘরুর অবস্থা ভালা নো, পরালেহার পাশাপাশি পার্টটাইম হাম গরন ফরিবু","ঘরের অবস্থা ভালো না, পড়াশোনার পাশাপাশি পার্টটাইম কাজ করতে হবে"
"আঁর নাম মাসুম নো, আঁর নাম অইলু দে সিহাব","আমার নাম মাসুম না, আমার নাম হলো সিহাব"
একবার ফারুত উইটতু যাই উচট হায় ফরি গেইলাম,একবার পাহাড়ে উঠতে গিয়ে হোঁচট খেয়ে পড়ে গিয়েছিলাম
"আব্বু, তুঁই যাইবের সমত আঁরে এক্কানা বাজারুত নামাই দিও","বাবা, তুমি যাওয়ার সময় আমাকে একটু বাজারে নামিয়ে দিও"
"আব্বু, তুঁই যাইবের সমত আঁরে ইক্কিনি বাজারুত নামাই দিও","বাবা, তুমি যাওয়ার সময় আমাকে একটু বাজারে নামিয়ে দিও"
আঁরা এই রাস্তা দি ন যাই অন্য রাস্তা দি গেলি আরো তারাতারাই পৌইচ্ছুম,আমরা এই রাস্তা দিয়ে না গিয়ে অন্য রাস্তা দিয়ে গেলে আরও তাড়াতাড়ি পৌঁছাব
"ফইরোর ফানিত বেশিক্ষণ ন থাইক্কো, অসুখ চলি আইবু","পুকুরের পানিতে বেশিক্ষণ থাকিও না, অসুখ চলে আসবে"
"চলো, আজিয়ে আঁরা ছাদুত শুয় শুয় আকাশুর তারা গনি","চলো, আজকে আমরা ছাদে শুয়ে শুয়ে আকাশের তারা গুনি"
"চলো, আজিইয়্যে আঁরা ছাদুত শুয় শুয় আকাশুর তারা গনি","চলো, আজকে আমরা ছাদে শুয়ে শুয়ে আকাশের তারা গুনি"
এবার আঁরার জবিনুত বৌত কৃষক হাজ গরের,এবার আমাদের জমিতে অনেক কৃষক কাজ করছেন
এবার আঁরার জবিনুত বৌত কৃষক হাম গরের,এবার আমাদের জমিতে অনেক কৃষক কাজ করছেন
"আম্মু, আঁর লাই এক্কানা ভাত বারি দও, বৌত ভুক গেইজ্ঞি","আম্মু, আমার জন্য একটু ভাত বেড়ে দাও, অনেক ক্ষুধা লেগেছে"
"আম্মু, আঁর লাই ইক্কিনি ভাত বারি দও, বৌত ভুক গেইজ্ঞি","আম্মু, আমার জন্য একটু ভাত বেড়ে দাও, অনেক ক্ষুধা লেগেছে"
"আঁই যদি আরেকবার তুরে বিরি হাইতু দেহি, তইলি তুর আব্বুরে হই দিয়্যুম","আমি যদি আরেকবার তোকে বিড়ি খেতে দেখি, তাহলে তোর আব্বুকে বলে দেব"
"চাচা, গারি চালাইবের সমত এক্কানা স্লো গরোন, রাস্তা ইবে এক্কানা হারাপ","চাচা, গাড়ি চালানোর সময় একটু স্লো করুন, রাস্তাটা একটু খারাপ"
"চাচা, গারি চালাইবের সমত ইক্কিনি স্লো গরোন, রাস্তা ইবে এক্কানা হারাপ","চাচা, গাড়ি চালানোর সময় একটু স্লো করুন, রাস্তাটা একটু খারাপ"
"তুই কি এহন যাবি, নাকি আঁর হাছে মাইর হাবি?","তুই কি এখন যাবি, নাকি আমার কাছে মার খাবি?"
শরীল উরে সুস্থ রাহিবের লাই ঘুম বেশি জরুরি,শরীরকে সুস্থ রাখার জন্য ঘুম খুবই জরুরি
শরীর উরে সুস্থ রাহিবের লাই ঘুম বেশি জরুরি,শরীরকে সুস্থ রাখার জন্য ঘুম খুবই জরুরি
"রান্না মাত্র শেষ অইয়্যি, এহন হাই ফেলাইবেন?","রান্না মাত্র শেষ হলো, এখন খেয়ে ফেলবেন?"
দুইজ্জে কি দি ভাত হাইয়্যো?,দুপুরে কি দিয়ে ভাত খেয়েছো?
দুইরগে কি দি ভাত হাইয়্যো?,দুপুরে কি দিয়ে ভাত খেয়েছো?
গুরো থাকতে আফা তারার লগে ফুট দি নানা রহম জিনিস বানাইতাম,ছোটবেলায় আপুদের সাথে কাদা মাটি দিয়ে নানা রকম জিনিস বানাতাম
গুরো থাকতে আফা তারার ওয়ারে ফুট দি নানা রহম জিনিস বানাইতাম,ছোটবেলায় আপুদের সাথে কাদা মাটি দিয়ে নানা রকম জিনিস বানাতাম
গুরো থাকতে আফা তারার ফুয়ারে ফুট দি নানা রহম জিনিস বানাইতাম,ছোটবেলায় আপুদের সাথে কাদা মাটি দিয়ে নানা রকম জিনিস বানাতাম
"হয়েকদিন ধরি হাশি ন থামের, এই হারনে রাতিয়ে ঘুম যাইত ন পারির","কয়েকদিন ধরে কাশি থামছে না, এই কারণে রাতে ঘুমাতে পারছি না"
"এগুন কি পিডে, চিতল পিডে এহনো আছে?",এগুলো কি পিঠা? চিতই পিঠা এখনো আছে?
"এগুন কি পিডে, চিতল পিডে এইজু আছে?",এগুলো কি পিঠা? চিতই পিঠা এখনো আছে?
বাসুত বৌত হতক্ষন ধরি যাত্রা গরিলি আত্তুন বুমি আইয়্যি,বাসে অনেকক্ষণ ধরে যাত্রা করলে আমার বমি আসে
মাঝে মাঝে আম্মুর লগে বৌত হইজ্জে অই,মাঝে মাঝে আম্মুর সাথে অনেক ঝগড়া হয়
মাঝে মাঝে আম্মুর ওয়ারে বৌত হইজ্জে অই,মাঝে মাঝে আম্মুর সাথে অনেক ঝগড়া হয়
মাঝে মাঝে আম্মুর ফুয়ারে বৌত হইজ্জে অই,মাঝে মাঝে আম্মুর সাথে অনেক ঝগড়া হয়
বাইরোর হানাত্তুন বর ঘরোর হানা বেশি নিরাপদ,বাইরের খাবার থেকে ঘরের খাবার বেশি নিরাপদ
"ইতের হথায় কিছু মনে ন গরিস, ইতের মাথাত এক্কানা সমস্যা আছে","ওর কথায় কিছু মনে করিস না, ওর মাথায় একটু সমস্যা আছে"
"ইতের হথায় কিছু মনে ন গরিস, ইতের মাথাত ইক্কিনি সমস্যা আছে","ওর কথায় কিছু মনে করিস না, ওর মাথায় একটু সমস্যা আছে"
মেইফুওয়া ইবে আত মৌজো ফইজ্জিল,মেয়েটা হাত মোজা পড়েছিল
"তোঁয়ার ফুওয়া বৌত জারগই গরে, ইতে আঁর হনো হতা নো উনে","তোমার ছেলে অনেক দুষ্টামি করে, ও আমার কোনো কথা শোনে না"
"তোঁয়ার ফুওয়া বৌত জারগই গরে, ইতে আঁর হনো হথা নো উনে","তোমার ছেলে অনেক দুষ্টামি করে, ও আমার কোনো কথা শোনে না"
"তোঁয়ার চিয়ারা দেহি আঁই বুইজ্জি, এব্বেরে পুয়াই গেইয়্যি","তোমার চেহেরা দেখে আমি বুঝছি, একদম শুকায় গেছে"
তারেক আঁরে হইয়্যিল দে তুঁই আইবে,তারেক আমাকে বলেছিল তুমি আসবে
সামিরা হনডে? ইতি ন যাইবু বিয়েত?,সামিরা কোথায়? সে যাবে না বিয়েতে?
"পাশুর বারির ফাহিম হত ভালা রেজাল্ট গইজ্জি, ইতের টেং ধুই পানি হা","পাশের বাড়ির ফাহিম কত ভালো রেজাল্ট করেছে, ওর পা ধুয়ে পানি খা"
"পাশুর বারির ফাহিম হত গম রেজাল্ট গইজ্জি, ইতের টেং ধুই পানি হা","পাশের বাড়ির ফাহিম কত ভালো রেজাল্ট করেছে, ওর পা ধুয়ে পানি খা"
তুই নো আইলি বন্ধু আই গুসসা অইয়্যুম,তুই না আসলে বন্ধু আমি রাগ করব
আত্তুন কুত্তো বৌত ভালা লাগে,আমার কুকুর অনেক ভাল লাগে
আত্তুন কুত্তো বৌত গম লাগে,আমার কুকুর অনেক ভাল লাগে
"আজিয়ে ছোডো আফার অরো বারিত্তুন মেমান আইবু, এতেল্লে আম্মু বেইন্নেত্তুন বৌত ব্যস্ত","আজকে ছোট আপুর শ্বশুরবাড়ি থেকে মেহমান আসবে, তাই আম্মু সকাল থেকে অনেক ব্যস্ত"
"আজিইয়্যে ছোডো আফার অরো বারিত্তুন মেমান আইবু, এতেল্লে আম্মু বেইন্নেত্তুন বৌত ব্যস্ত","আজকে ছোট আপুর শ্বশুরবাড়ি থেকে মেহমান আসবে, তাই আম্মু সকাল থেকে অনেক ব্যস্ত"
"আজিয়ে ছোডো আফার অরো বারিত্তুন গরবা আইবু, এতেল্লে আম্মু বেইন্নেত্তুন বৌত ব্যস্ত","আজকে ছোট আপুর শ্বশুরবাড়ি থেকে মেহমান আসবে, তাই আম্মু সকাল থেকে অনেক ব্যস্ত"
"অঁনেরা এদুজ্ঞুন এদুজ্ঞুন ভারা লন, কিন্তু হানার মান ভালা ন","আপনারা এত এত ভাড়া নেন, কিন্তু খাবারের মান ভালো না"
"অঁনেরা এদুজ্ঞুন এদুজ্ঞুন ভারা লন, কিন্তু হানার মান গম ন","আপনারা এত এত ভাড়া নেন, কিন্তু খাবারের মান ভালো না"
কুত্তো ইবেরে ঘরুত্তুন বাদ্দি লই যও তো,কুকুরটাকে ঘর থেকে বাহিরে নিয়ে যাও তো
বাইরুর রইদুত্তুন ঘরুত আই ঠিকমতো ন দেহির,বাইরের রোদ থেকে ঘরে এসে ঠিকমতো দেখতে পারছি না
বৃষ্টিত ভিজি এহন জ্বর চলি আইসসি,বৃষ্টিতে ভিজে এখন জ্বর চলে আসছে
"এই  প্রকল্প ইবে শুধু আঁরার নো, বরং আগামী প্রজন্মোর লাই এক্কান উজ্জল ভবিষ্যৎ তৈরি গরিবো","এই প্রকল্পটি শুধু আমাদের নয়, বরং আগামী প্রজন্মের জন্য একটি উজ্জ্বল ভবিষ্যৎ তৈরি করবে"
"এই প্রকল্প ইবে উদো আঁরার নো, বরং আগামী প্রজন্মোর লাই এক্কান উজ্জল ভবিষ্যৎ তৈরি গরিবো","এই প্রকল্পটি শুধু আমাদের নয়, বরং আগামী প্রজন্মের জন্য একটি উজ্জ্বল ভবিষ্যৎ তৈরি করবে"
"কিছু হাই রে এক্কানা ঘুম যা, বাদ্দি হনোমিক্কে ন যাইস","কিছু খেয়ে একটু ঘুমা, বাইরে কোথাও যাস না"
"কিছু হাই রে ইক্কিনি ঘুম যা, বাদ্দি হনোমিক্কে ন যাইস","কিছু খেয়ে একটু ঘুমা, বাইরে কোথাও যাস না"
"কিছু হাই রে এক্কানা ঘুম যা, বাইরে হনোমিক্কে ন যাইস","কিছু খেয়ে একটু ঘুমা, বাইরে কোথাও যাস না"
আজিয়ে আম্মু পিডে বানার,আজকে আম্মু পিঠা বানাচ্ছে
আজিইয়্যে আম্মু পিডে বানার,আজকে আম্মু পিঠা বানাচ্ছে
"আঁই গাধা ন দেহি, কিন্তু তোরে দেইক্কি","আমি গাধা দেখিনি, কিন্তু তোকে দেখেছি"
"চঅরি এক্কান চলি গেইয়্যি তো কী অইয়্যি, আল্লাহ চাইলি আরো ভালা চঅরি আইবু","চাকরি একটা চলে গেছে তো কী হয়েছে, আল্লাহ চাইলে আরও ভালো চাকরি আসবে"
"চঅরি এক্কান চলি গেইয়্যি তো কী অইয়্যি, আল্লাহ চাইলি আরো গম চঅরি আইবু","চাকরি একটা চলে গেছে তো কী হয়েছে, আল্লাহ চাইলে আরও ভালো চাকরি আসবে"
আঁরার নবী হযরত মুহাম্মদ সাঃ আঁরারে বৌত ভালোবাসে,আমাদের নবী হযরত মুহাম্মদ সাঃ আমাদেরকে অনেক ভালোবাসেন
"আত্তুন বাসুত ভালা ন লাগে, ট্রেনুত যাইয়্যুম চিন্তে গরির","আমার বাসে ভালো লাগে না, ট্রেনে যাব চিন্তা করছি"
"আত্তুন বাসুত গম ন লাগে, ট্রেনুত যাইয়্যুম চিন্তে গরির","আমার বাসে ভালো লাগে না, ট্রেনে যাব চিন্তা করছি"
"এগিন এহন গরম গরম হাই লও, মন ভালা অই যাইবু","এগুলো এখন গরম গরম খেয়ে নাও, মন ভালো হয়ে যাবে"
"এগিন এহন গরম গরম হাই লও, মন গম অই যাইবু","এগুলো এখন গরম গরম খেয়ে নাও, মন ভালো হয়ে যাবে"
ফুওয়া ইবে উধো ইক্কেত্তুন উইক্কে ঘুরের,ছেলেটা শুধু এদিক সেদিক ঘুরছে
"মনির আঁরে হইয়্যিল ফারিবু, কিন্তু এহন এল্লেত কা হর ন বুঝির","মনির আমাকে বলেছিল পারবে, কিন্তু এখন এমন কেন বলল বুঝছি না"
"তুর হতা ঠিক, আঁই নো বুঝিদি পইল্লে","তোর কথা ঠিক, আমি বুঝিনি প্রথমে"
"তুর হথা ঠিক, আঁই নো বুঝিদি পইল্লে","তোর কথা ঠিক, আমি বুঝিনি প্রথমে"
"অঁনে বিয়ের লাই এব্বেরে পাগি গেইয়্যুন, এবার জলদি বিয়েগান গরি লন","আপনি বিয়ের জন্য একদম পেকে গেছেন, এবার জলদি বিয়েটা করে নিন"
"অঁনে বিয়ের লাই এব্বেরে পাগি গেইয়্যুন, এবার তারাতারি বিয়েগান গরি লন","আপনি বিয়ের জন্য একদম পেকে গেছেন, এবার জলদি বিয়েটা করে নিন"
"অঁনে বিয়ের লাই এব্বেরে পাগি গেইয়্যুন, এবার হারা বিয়েগান গরি লন","আপনি বিয়ের জন্য একদম পেকে গেছেন, এবার জলদি বিয়েটা করে নিন"
"আত্তুন কি গরন ফরিবু হ, আঁই আঁর পরিবারোর লাই বিয়াক কিছু গইত্তে রাজি আছি","আমাকে কী করতে হবে বল, আমি আমার পরিবারের জন্য সবকিছু করতে রাজি আছি"
আঁই আর করিম মার্কেটুত যাইর,আমি আর করিম মার্কেটে যাচ্ছি
এল্লেত বেশি দাম হইলি তো বেচিত ন ফারিবেন,এত বেশি দাম বললে তো বিক্রি করতে পারবেন না
এতো বেশি দাম হইলি তো বেচিত ন ফারিবেন,এত বেশি দাম বললে তো বিক্রি করতে পারবেন না
"ক্রিকেটুত ভারত বৌত ভালা খেলে, কিন্তু ফুটবলুত ভালা ন","ক্রিকেটে ভারত অনেক ভালো খেলে, কিন্তু ফুটবলে ভালো না"
"ক্রিকেটুত ভারত বৌত গম খেলে, কিন্তু ফুটবলুত ভালা ন","ক্রিকেটে ভারত অনেক ভালো খেলে, কিন্তু ফুটবলে ভালো না"
"তহন আঁই দূরিদ্দি, এতেল্লে তোঁয়ারে ন দেহি","তখন আমি দৌড়াচ্ছিলাম, তাই তোমাকে দেখিনি"
"আঁই তোর মালিক, তোরতুন আঁর হতা উননই ফরিবু","আমি তোর মালিক, তোকে আমার কথা শুনতেই হবে"
"আঁই তোর মালিক, তোরতুন আঁর হথা উননই ফরিবু","আমি তোর মালিক, তোকে আমার কথা শুনতেই হবে"
শীতহালে ফইরোত নামি গোসল গরন বৌত বিরক্তিকর,শীতকালে পুকুরে নেমে গোসল করা অনেক বিরক্তিকর
"গত দুদিন ধরি গা'আত বৌত জ্বর, কিছু হাইত ন পারির","গত দুই দিন ধরে গায়ে অনেক জ্বর, কিছু খেতে পারছি না"
ইবেত্তুন কি আঁর হতা এহনো মনোত আছে?,উনার কি আমার কথা এখনো মনে আছে?
ইবেত্তুন কি আঁর হতা এইজু মনোত আছে?,উনার কি আমার কথা এখনো মনে আছে?
ইবেত্তুন কি আঁর হথা এহনো মনোত আছে?,উনার কি আমার কথা এখনো মনে আছে?
ফইত্তুদিন নিয়ম গরি দাত মাজন উচিত,প্রতিদিন নিয়ম করে দাঁত মাজা উচিত
আঁই কি হইতাম চাইর ইয়েন উনো আগে,আমি কি বলতে চাচ্ছি সেটা শুনো আগে
আঁই কি হইতাম চাইর ইয়েন ফুনো আগে,আমি কি বলতে চাচ্ছি সেটা শুনো আগে
আন্টি হইয়্যি তুই বলে শীতহালে গোসল ন গরস?,"আন্টি বলল, তুই নাকি শীতকালে গোসল করিস না?"
"যাইবের সমোত আঁরেও হইয়্যো, আঁই ও যাইয়্যুম তোঁয়ার লগে","যাওয়ার সময় আমাকে বলিও, আমিও যাব তোমার সাথে"
"যাইবের সমোত আঁরেও হইয়্যো, আঁই ও যাইয়্যুম তোঁয়ার ওয়ারে","যাওয়ার সময় আমাকে বলিও, আমিও যাব তোমার সাথে"
"যাইবের সমোত আঁরেও হইয়্যো, আঁই ও যাইয়্যুম তোঁয়ার ফুয়ারে","যাওয়ার সময় আমাকে বলিও, আমিও যাব তোমার সাথে"
"টিভির হবোরত দেইক্কিলাম, আঁরার এলাকাত ১০ নম্বর মহাবিপদ সংকেত দিইয়্যি","টিভির খবরে দেখেছিলাম, আমাদের এলাকায় ১০ নম্বর মহাবিপদ সংকেত দিয়েছে"
এই ট্রেনুত কি হানার ব্যবস্থা আছে? নাকি কিনি লই যন ফরিবু?,এই ট্রেনে কি খাবারের ব্যবস্থা আছে? নাকি কিনে নিয়ে যেতে হবে?
"ভাবি মনে অয় বেশি টেনশন দেই, মাথার চুল তো বিয়াক পরি যার","ভাবি, মনে হয় বেশি টেনশন দেই, মাথার চুল তো সব পড়ে যাচ্ছে"
দশশো হারাপ বন্ধুর চাইতে উজ্ঞো ভালা বন্ধু অইলিই যথেষ্ট,১০টা খারাপ বন্ধুর চেয়ে একটা ভালো বন্ধু হলেই যথেষ্ট
দশশো হারাপ বন্ধুর চাইতে উজ্ঞো গম বন্ধু অইলিই যথেষ্ট,১০টা খারাপ বন্ধুর চেয়ে একটা ভালো বন্ধু হলেই যথেষ্ট
"ইতেরে দেহিলি আঁর মাথা গরম অই যায়, মন চায় উজ্ঞো সোয়ার দিই","ওকে দেখলে আমার মাথা গরম হয়ে যায়, মন চায় একটা থাপ্পড় দিই"
"বদ্দা, ঢাহাত্তুন চট্টগ্রামুর বাস হত্তে ছারিবু?","ভাই, ঢাকা থেকে চট্টগ্রামের বাস কখন ছাড়বে?"
"মাফ চাই, আত্তুন ভুল অইয়্যিদে থিসিসুত টপিক ইবে লই","মাফ চাই, আমার ভুল হয়েছে থিসিসে এই টপিক নিয়ে"
আঁর হাছে সুন্দর উজ্ঞো বিলেই আছে,আমার কাছে সুন্দর একটা বিড়াল আছে
"বদ্দা, দাম আঁই এক্কান হইয়্যুম?","ভাই, দাম আমি একটা বলব?"
যারা গুসসা নিয়ন্ত্রন গরিত ন পারে ইতারা হনোদিন সুখী অইত ন পারে,যারা রাগ নিয়ন্ত্রণ করতে পারে না তারা কখনো সুখী হতে পারে না
"পুরো মার্কেট ঘুইজ্জি, কিন্তু পছন্দর উজ্ঞো হর অ নো পাই","পুরো মার্কেট ঘুরেছি, কিন্তু পছন্দের একটা কাপড়ও পাই নাই"
"আঁর হুয়াল হারাপ, নইলি তোঁয়ার মতন উজ্ঞো জামাই ন পাইতাম","আমার কপাল খারাপ, নাহলে তোমার মতো একটা স্বামী পেতাম না"
"স্যার, হাগজ ইয়েনুত এক্কানা সই গরি দন, দেরি অই যার","স্যার, কাগজটায় একটু সই করে দিন, দেরি হয়ে যাচ্ছে"
"স্যার, হাগজ ইয়েনুত ইক্কিনি সই গরি দন, দেরি অই যার","স্যার, কাগজটায় একটু সই করে দিন, দেরি হয়ে যাচ্ছে"
"বারান্দাত মেমান বই থেইক্কি, যায়্যিরে নাস্তা দি আইয়্যো","বারান্দায় মেহমান বসে আছে, গিয়ে নাস্তা দিয়ে আসো"
"বারান্দাত গরবা বই থেইক্কি, যায়্যিরে নাস্তা দি আইয়্যো","বারান্দায় মেহমান বসে আছে, গিয়ে নাস্তা দিয়ে আসো"
"ইবে গত বছরুর ডিজাইন, অন্য ডিজাইন দেহন","এটা গত বছরের ডিজাইন, অন্য ডিজাইন দেখান"
জারিফ উরে হ তারাতারি বাজারোত যাইতো,জারিফকে বলো তাড়াতাড়ি বাজারে যেতে
জারিফ উরে হ হারা বাজারোত যাইতো,জারিফকে বলো তাড়াতাড়ি বাজারে যেতে
জারিফ উরে হ জলদি বাজারোত যাইতো,জারিফকে বলো তাড়াতাড়ি বাজারে যেতে
"যদি ইতারার পরীক্ষে হারাপ অয়, তইলি আঁই তোঁয়ারেই ধইজ্জুম","যদি ওদের পরীক্ষা খারাপ হয়, তাহলে আমি তোমাকেই ধরব"
"ঘুর্ণিঝড়ুর সিংগেল দিইয়্যি, এতেল্লে কুলুর মানুষজন আশ্রয়কেন্দ্রত চলি যার","ঘূর্ণিঝড়ের সতর্কবার্তা দেওয়া হয়েছে, তাই উপকূলের মানুষজন আশ্রয়কেন্দ্রে চলে যাচ্ছে"
আজুইন্নের আগে কিছু এক্কান গরিত ন পারিলি বিয়াজ্ঞুন এনডে আটকি ফইজ্জুম,সন্ধ্যার আগে কিছু একটা করতে না পারলে সবাই এখানে আটকা পড়ব
আজুইন্নের আগে কিছু এক্কান গরিত ন পারিলি বেজ্ঞুন এনডে আটকি ফইজ্জুম,সন্ধ্যার আগে কিছু একটা করতে না পারলে সবাই এখানে আটকা পড়ব
যেনডে আঁর হনো দোষ নাই এনডে তুঁই ইয়েন কেনে গরিলে,যেখানে আমার কোন দোষ নাই সেখানে তুমি এটা কেমনে করলা
ঘরোর বিয়াজ্ঞুন কেন আছে?,ঘরের সবাই কেমন আছে?
ঘরোর বেজ্ঞুন কেন আছে?,ঘরের সবাই কেমন আছে?
"দিদি, তোঁয়ার বসহানা তো বৌত সুন্দর","দিদি, তোমার রান্নাঘর তো অনেক সুন্দর"
"দিদি, তোঁয়ার পাকঘর তো বৌত সুন্দর","দিদি, তোমার রান্নাঘর তো অনেক সুন্দর"
"দিদি, তোঁয়ার রান্নাঘর তো বৌত সুন্দর","দিদি, তোমার রান্নাঘর তো অনেক সুন্দর"
হতোদিন পর তুর লাগে দেহা!,কতোদিন পর তুর সাথে দেখা!
বিপদুত বৌত সময় প্রতিবেশী অক্কল হাজোত আইয়্যি,বিপদে অনেক সময় প্রতিবেশীরা কাজে আসে
"কিরে, তোর প্রেমিকার বলে বিয়ে অই যার?","কিরে, তোর প্রেমিকার নাকি বিয়ে হয়ে যাচ্ছে?"
"এই পরিক্ষে ইবে হারাপ অইয়্যি, সামনোর পরিক্ষে ইবে ভালা গরি দন পরিবো","এই পরিক্ষাটা খারাপ হয়েছে, সামনের পরিক্ষাটা ভাল করে দিতে হবে"
"এই পরিক্ষে ইবে হারাপ অইয়্যি, সামনোর পরিক্ষে ইবে গম গরি দন পরিবো","এই পরিক্ষাটা খারাপ হয়েছে, সামনের পরিক্ষাটা ভাল করে দিতে হবে"
"এল্লেত খুশি অই লাভ নেই, টুরুত ন যাইর আঁরা","এত খুশি হয়ে লাভ নেই, টুরে যাচ্ছি না আমরা"
"এতো খুশি অই লাভ নেই, টুরুত ন যাইর আঁরা","এত খুশি হয়ে লাভ নেই, টুরে যাচ্ছি না আমরা"
"আজিয়ে মন ইয়েন বৌত হালকা লাগের, হারন বৌতদিনুর চিন্তে ইয়েন এবার শেষ অইয়্যি","আজকে মনটা খুব হালকা লাগছে, কারণ অনেকদিনের চিন্তাটা এবার শেষ হলো"
"আজিইয়্যে মন ইয়েন বৌত হালকা লাগের, হারন বৌতদিনুর চিন্তে ইয়েন এবার শেষ অইয়্যি","আজকে মনটা খুব হালকা লাগছে, কারণ অনেকদিনের চিন্তাটা এবার শেষ হলো"
"আজিয়ে মন ইয়েন বৌত আলহা লাগের, হারন বৌতদিনুর চিন্তে ইয়েন এবার শেষ অইয়্যি","আজকে মনটা খুব হালকা লাগছে, কারণ অনেকদিনের চিন্তাটা এবার শেষ হলো"
"হর ইবের দাম বেশি, আঁই লইতাম নো ইবে","কাপড় এটার দাম বেশি, আমি নিব না এটা"
"ঘরোত বৌত বেশি মাছি, হানা এগিন ঢাহি রাহো","ঘরে অনেক বেশি মাছি, খাবারগুলো ঢেকে রাখ"
এই পরিক্ষে ইবে হারাপ অইয়্যি,এই পরিক্ষাটা খারাপ হয়েছে
"আরও নিচে গরো, নইলি ধরিত ন ফারিবে","আরও নিচে করো, না হলে ধরতে পারব না"
"আঁর বারিত্তুন স্কুল বৌত দুরে, যাইতে বৌত হষ্ট অই","আমার বাড়ি থেকে স্কুল অনেক দুরে, যেতে অনেক কষ্ট হয়"
এই রাস্তা দি রাতিয়ে চলাচল নিরাপদ ন,এই রাস্তা দিয়ে রাতে চলাচল নিরাপদ না
তুঁই তো বৌত বরো পন্ডিত আই গেইয়্যু!,তুমি তো অনেক বড় জ্ঞানী হয়ে গেছো!
"বেইন্নে পানি ভাত হাইয়্যিরে এক্কানা ঘুম গেইলাম, হত্তে যে দুইজ্জে অই গেইয়্যি বুঝিত ন ফারি","সকালে পান্তা ভাত খেয়ে একটু ঘুমিয়েছিলাম, কখন যে দুপুর হয়ে গেল বুঝতেই পারলাম না"
"ফজোরত পানি ভাত হাইয়্যিরে এক্কানা ঘুম গেইলাম, হত্তে যে দুইজ্জে অই গেইয়্যি বুঝিত ন ফারি","সকালে পান্তা ভাত খেয়ে একটু ঘুমিয়েছিলাম, কখন যে দুপুর হয়ে গেল বুঝতেই পারলাম না"
"বেইন্নে পানি ভাত হাইয়্যিরে ইক্কিনি ঘুম গেইলাম, হত্তে যে দুইজ্জে অই গেইয়্যি বুঝিত ন ফারি","সকালে পান্তা ভাত খেয়ে একটু ঘুমিয়েছিলাম, কখন যে দুপুর হয়ে গেল বুঝতেই পারলাম না"
"একসময় আঁর বৌত আপন আছিলে, আজিয়ে পর অই গেলে","একসময় আমার অনেক আপন ছিলে, আজ পর হয়ে গেলে"
বেশি গরম লাগিলি এক্কানা ঠান্ডা পানি হ,বেশি গরম লাগলে একটু ঠান্ডা পানি খাও
বেশি গরম লাগিলি ইক্কিনি ঠান্ডা পানি হ,বেশি গরম লাগলে একটু ঠান্ডা পানি খাও
মুদির দোয়ানোর সামনে যায় রে উজ্ঞো কল দিয়্যুন,মুদির দোকানের সামনে গিয়ে একটা কল দিয়েন
তোঁয়ার পরীক্ষে ভালা অইয়্যি দেহি আঁর মন এনেই ভালা অই গেইয়্যি,তোমার পরীক্ষা ভালো হয়েছে দেখে আমার মন এমনিতেই ভালো হয়ে গেছে
তোঁয়ার পরীক্ষে গম অইয়্যি দেহি আঁর মন এনেই ভালা অই গেইয়্যি,তোমার পরীক্ষা ভালো হয়েছে দেখে আমার মন এমনিতেই ভালো হয়ে গেছে
আফারে দি আইয়্যিরে আঁই ঘরুত চলি আইসসি,আপুকে দিয়ে এসে আমি ঘরে চলে আসছি
আঁরার বাস ড্রাইভার বৌত স্পিডে বাস চালার,আমাদের বাস ড্রাইভার অনেক স্পিডে বাস চালাচ্ছিল
"আঁর কিছু জিনিস তোঁয়ার হাছে থাহি গেইয়্যি, এগিন দি দিলি খুশি অইতাম","আমার কিছু জিনিস তোমার কাছে থেকে গেছে, সেগুলো দিয়ে দিলে খুশি হতাম"
"তোঁয়ার লাই ওষুধ ইবে রাইক্কি, মনোত গরি হাইবে কিন্তু, ঠিক আছে না?","তোমার জন্য এই ওষুধটা রেখেছি, মনে করে খাবে কিন্তু, ঠিক আছে?"
পাকিস্তানুর মেইফুওয়া এগুন এল্লেত সুন্দর কা?,পাকিস্তানের মেয়েগুলো এত সুন্দর কেনো?
পাকিস্তানুর মেইফুওয়া এগুন এতো সুন্দর কা?,পাকিস্তানের মেয়েগুলো এত সুন্দর কেনো?
এবার বেশি গরি আম হাট্টল লই রে তুর বরো আফারে চায় আইস,এবার বেশি করে আম কাঁঠাল নিয়ে তোর বড় আপুকে দেখে আসিস
আত্তুন পেঠ ব্যাথা গরের দে এতেল্লে হাইত ন পাইজ্জুম,আমার পেঠ ব্যাথা করছে সেজন্য খেতে পারবনা
ইতারা দুনু জন মিলি আঁর পিছুদ্দি লেইজ্ঞি,ওরা দুজন মিলে আমার পিছে লাগছে
ইবে কি? আজিয়ে প্রথম দেহিলাম,এটা কি? আজকে প্রথম দেখলাম
ইবে কি? আজিইয়্যে প্রথম দেহিলাম,এটা কি? আজকে প্রথম দেখলাম
অফিসুর হাজ এত বেশি যে ঘরুত ঠিকমতো সময় দিত ন পারির,অফিসের কাজ এত বেশি যে ঘরে ঠিকমতো সময় দিতে পারি না
অফিসুর হাম এত বেশি যে ঘরুত ঠিকমতো সময় দিত ন পারির,অফিসের কাজ এত বেশি যে ঘরে ঠিকমতো সময় দিতে পারি না
"গেঞ্জি ইবে একবার বেবার গরি সন, যদি ভালা ন লাগে তইলি ফেরত লইয়্যুম","এই গেঞ্জিটা একবার ব্যবহার করে দেখেন, যদি ভালো না লাগে তাহলে ফেরত নেব"
"গেঞ্জি ইবে একবার বেবার গরি সন, যদি গম ন লাগে তইলি ফেরত লইয়্যুম","এই গেঞ্জিটা একবার ব্যবহার করে দেখেন, যদি ভালো না লাগে তাহলে ফেরত নেব"
নানারো বারিত যাইলি এবার বেশি বেশি আম হাইয়্যুম,নানুর বাড়িতে গেলে এবার বেশি বেশি আম খাবো
ভাঙিবের পরে দেহিলাম হাট্টল ইবে কেঁছা,ভাঙার পর দেখলাম কাঁঠালটি কাঁচা
"দইজ্জে দি যন হতটা নিরাপদ, বিশেষ গরি বর্ষাহালে?","নদীপথে যাওয়াটা কতটা নিরাপদ, বিশেষ করে বর্ষার মৌসুমে?"
আঁরে আরেক্কানা উনি দও,আমাকে আরেকটু শুটকি দাও
"আফিসুত্তুন গারি দিইয়্যি, আজিয়েত্তুন বাসাত আসতে আর দেরি ন অইবু","অফিস থেকে গাড়ি দিয়েছে, আজকে থেকে বাসায় আসতে আর দেরি হবে না"
গত এক সপ্তাহ ধরি একটানা হাম গরি এহন এব্বেরে অরান অই গেই,গত এক সপ্তাহ ধরে একটানা কাজ করে এখন একদম ক্লান্ত হয়ে গেছি
গত এক সপ্তাহ ধরি একটানা হাজ গরি এহন এব্বেরে অরান অই গেই,গত এক সপ্তাহ ধরে একটানা কাজ করে এখন একদম ক্লান্ত হয়ে গেছি
গত এক সপ্তাহ ধরি একটানা হাম গরি এহন এব্বেরে হয়রান অই গেই,গত এক সপ্তাহ ধরে একটানা কাজ করে এখন একদম ক্লান্ত হয়ে গেছি
তুঁই হত্তে আইবে?,তুমি কখন আসবে?
বাদ্দিত্তুন চিয়ার ইয়েন ঘরুত লই আইয়্যো,বাহির থেকে চেয়ারটা ঘরে নিয়ে এসো
আঁই তো আর ইচ্ছে গরি ইয়েন এনডে ন আনি,আমি তো আর ইচ্ছা করে সেটা এখানে আনিনি
অঁনে হার মাইধ্যমে এনডে আইস্যুন?,আপনি কার মাধ্যমে এখানে এসেছেন?
"আঁই বাজার গইত্তাম যাইর বদ্দা, তুই হনডে যর?","আমি বাজার করতে যাচ্ছি ভাই, তুই কোথায় যাচ্ছিস?"
"আঁই বাজার গইত্তাম যাইর বদ্দা, তুই হডে যর?","আমি বাজার করতে যাচ্ছি ভাই, তুই কোথায় যাচ্ছিস?"
বেইন্নে জলদি ঘুমোত্তুন ন উডিলি ক্লাসোত যাইতে দেরি অই যাইবু,সকালে জলদি ঘুম থেকে না উঠলে ক্লাসে যেতে দেরি হয়ে যাবে
ফজোরত জলদি ঘুমোত্তুন ন উডিলি ক্লাসোত যাইতে দেরি অই যাইবু,সকালে জলদি ঘুম থেকে না উঠলে ক্লাসে যেতে দেরি হয়ে যাবে
বেইন্নে তারাতারি ঘুমোত্তুন ন উডিলি ক্লাসোত যাইতে দেরি অই যাইবু,সকালে জলদি ঘুম থেকে না উঠলে ক্লাসে যেতে দেরি হয়ে যাবে
বেইন্নে হারা ঘুমোত্তুন ন উডিলি ক্লাসোত যাইতে দেরি অই যাইবু,সকালে জলদি ঘুম থেকে না উঠলে ক্লাসে যেতে দেরি হয়ে যাবে
আঁই যহন শ'রুত থাইকতাম তহন নিজোর রান্না নিজে গরি হাইতাম,আমি যখন শহরে থাকতাম তখন নিজের রান্না নিজে করে খেতাম
বাজারুত কি হনো ভালা মাছ ন উডে? পুচা মাছ হদুজ্ঞুন কিল্লে লই আইসসুন?,বাজারে কি কোনো ভালো মাছ ওঠেনি? পচা মাছ কতগুলো কেন নিয়ে এসেছেন?
বাজারুত কি হনো গম মাছ ন উডে? পুচা মাছ হদুজ্ঞুন কিল্লে লই আইসসুন?,বাজারে কি কোনো ভালো মাছ ওঠেনি? পচা মাছ কতগুলো কেন নিয়ে এসেছেন?
"আজিয়ে দোয়ানুত হনো কাস্টমার নেই, বিয়াক কাস্টমার গেইয়্যি হনডে?","আজকে দোকানে কোনো কাস্টমার নেই, সব কাস্টমার গেল কোথায়?"
"আজিইয়্যে দোয়ানুত হনো কাস্টমার নেই, বিয়াক কাস্টমার গেইয়্যি হনডে?","আজকে দোকানে কোনো কাস্টমার নেই, সব কাস্টমার গেল কোথায়?"
বিয়েলে উডোনোত বই বই চা হাইতে বৌত ভালা লাগে,বিকালে উঠোনে বসে বসে চা খেতে অনেক ভাল লাগে
বিয়েলে উডোনোত বই বই চা হাইতে বৌত গম লাগে,বিকালে উঠোনে বসে বসে চা খেতে অনেক ভাল লাগে
বিকেলে উডোনোত বই বই চা হাইতে বৌত ভালা লাগে,বিকালে উঠোনে বসে বসে চা খেতে অনেক ভাল লাগে
আত্তুন পাঁচচো মঅতু বইন আছে,আমার পাঁচটা মামাতো বোন আছে
"আঁই ঈদুর ছুটিত বারি যাইয়্যুম, এতেল্লে আগে ভাগে টিকেট হাডি রাহন ফরিবু","আমি ঈদের ছুটিতে বাড়ি যাব, তাই আগে থেকে টিকিট কেটে রাখতে হবে"
"বদ্দা, ঢাহা যাইবের শেষ বাস হয়টা বাজে ছারিবু?","ভাই, ঢাকায় যাওয়ার শেষ বাস কয়টা বাজে ছাড়বে?"
তুঁই কি গরিবে এহনই সিদ্ধান্ত লও,তুমি কি করবে এখনই সিদ্ধান্ত নাও
ইজারা অক্কলোর মতন এগুন কি পোশাক ফইজ্জস?,হিজড়াদের মতো এগুলো কী পোশাক পরেছিস?
নমস্কার ম্যাম,নমস্কার ম্যাম
"সেন্ট মার্টিন বৌত সুন্দর এক্কান দ্বীপ, চাইলি ঘুরি আইত পারুস","সেন্ট মার্টিন অনেক সুন্দর একটা দ্বীপ, চাইলে ঘুরে আসতে পারিস"
"আত্তুন নতুন চঅরি অইয়্যি ঢাহাত, এতেল্লে আজিয়ে রাতিয়ে ট্রেনুত উডন ফরিবু","আমার নতুন চাকরি হয়েছে ঢাকায়, তাই আজকে রাতে ট্রেনে উঠতে হবে"
"আত্তুন নতুন চঅরি অইয়্যি ঢাহাত, এতেল্লে আজিইয়্যে রাতিয়ে ট্রেনুত উডন ফরিবু","আমার নতুন চাকরি হয়েছে ঢাকায়, তাই আজকে রাতে ট্রেনে উঠতে হবে"
ভাত রান্দিবের আগে চইল এগুন ভালা গরি ধুই লন পরিবো,ভাত রান্নার আগে চালগুলো ভালভাবে ধুয়ে নিতে হবে
ভাত রান্দিবের আগে চইল এগুন গম গরি ধুই লন পরিবো,ভাত রান্নার আগে চালগুলো ভালভাবে ধুয়ে নিতে হবে
"নমস্কার ম্যাম, কেন আছন?","নমস্কার ম্যাম, কেমন আছেন?"
শীতহাল আইলিই আঁরার ফইরুর পানি ফুওয়েই যাইতু শুরু গরে,শীতকাল আসলেই আমাদের পুকুরের পানি শুকাতে শুরু করে
টইনোর ঘরোত ঝরোর আওয়াজ উনতে বেশি গম লাগে,টিনের ঘরে বৃষ্টির শব্দ শুনতে অনেক ভাল লাগে
টইনোর ঘরোত ঝরোর আওয়াজ উনতে বেশি ভালা লাগে,টিনের ঘরে বৃষ্টির শব্দ শুনতে অনেক ভাল লাগে
আজিয়ে দুইজ্জে কি রাদিবে?,আজকে দুপুরে কি রান্না করবে?
আজিইয়্যে দুইজ্জে কি রাদিবে?,আজকে দুপুরে কি রান্না করবে?
আজিয়ে দুইরগে কি রাদিবে?,আজকে দুপুরে কি রান্না করবে?
"এই রাস্তা ইবে বৌত হারাফ, ইবে দি যন ঠিক ন অইবু","এই রাস্তাটা অনেক খারাপ, এটা দিয়ে যাওয়া ঠিক হবে না"
যেনগরি অক আজুইন্নের আগে বিয়াক হাম শেষ গরন পরিবো,যেভাবেই হোক সন্ধ্যার আগে সব কাজ শেষ করতে হবেন
যেনগরি অক আজুইন্নের আগে বিয়াক হাজ শেষ গরন পরিবো,যেভাবেই হোক সন্ধ্যার আগে সব কাজ শেষ করতে হবেন
এই বিলে ইবে ঘরুর ভিতুর ফেহেনা গরি দিইয়্যি,এই বিড়ালটা ঘরের ভেতর পায়খানা করে দিয়েছে
"টিভির আওয়াজ এক্কানা হমাই দে, তোর আফার পরীক্ষে","টিভির শব্দটা একটু কমিয়ে দে, তোর আপুর পরীক্ষা"
"টিভির আওয়াজ ইক্কিনি হমাই দে, তোর আফার পরীক্ষে","টিভির শব্দটা একটু কমিয়ে দে, তোর আপুর পরীক্ষা"
অঁনেরাত্তুন এনডেত্তুন সামনুর পথ ইয়েন আডিই যন ফরিবু,আপনাদের এখান থেকে সামনের পথটা হেঁটেই যেতে হবে
"এই বাজারুত কি হনো নির্দিষ্ট দোয়ান আছে, যেনডে তাজা সবজি সবসময় পন যায়?","এই বাজারে কি কোনো নির্দিষ্ট দোকান আছে, যেখানে তাজা সবজি সবসময় পাওয়া যায়?"
"আঁর লাই উধো দোয়া গরিলিই অইবু, আর কিছু ন লাগিবু","আমার জন্য শুধু দোয়া করলেই হবে, আর কিছু লাগবে না"
পিডে বানাইবের লাই হালিয়ে ফোওয়াত্তে উডন ফরিবু,পিঠা বানানোর জন্য আগামীকাল ভোরে উঠতে হবে
"বেশি ফোওয়াত্তে বাইর ন অইস, ফোওয়াত্তে গারি ফা ন যাইবু","বেশি ভোরে বের হইস না, ভোরে গাড়ি পাওয়া যাবে না"
"তুঁই ঘরুর বরো ফুওয়া অইবের পরও যদি নো বুঝো, তইলি কেনে অইবু","তুমি ঘরের বড় ছেলে হওয়ার পরও যদি না বোঝো, তাহলে কেমনে হবে"
"আত্তুন আর হায় দায় হাম নাই, দশজনোর লাই দশরহম রান্না গইজ্জুম!","আমার আর খেয়ে–দেয়ে কাজ নেই, দশজনের জন্য দশরকম রান্না করব!"
"আত্তুন আর হায় দায় হাজ নাই, দশজনোর লাই দশরহম রান্না গইজ্জুম!","আমার আর খেয়ে–দেয়ে কাজ নেই, দশজনের জন্য দশরকম রান্না করব!"
"আঁরার রুমুত অবশ্যই এটাচ ওয়াশরুম থাহন ফরিবু, নইলি আঁরা রুম লইতাম নো","আমাদের রুমে অবশ্যই অ্যাটাচড ওয়াশরুম থাকতে হবে, না হলে আমরা রুম নেব না"
ডাক্তার হইয়্যিদে মাছ আর বেশি বেশি শাক সবজি হাইতো,ডাক্তার বলেছে মাছ আর বেশি বেশি শাক সবজি খেতে
নয়া নয়া প্রেমুত ফরিলি বলে দুনিয়া দারি রঙ্গিন লাগে,নতুন নতুন প্রেমে পড়লে নাকি দুনিয়াটা রঙ্গিন লাগে
"শরীল ইয়েন মেছমেছ গরের, এক্কানা ঘুম যন ফরিবু","শরীরটা মেছমেছ করছে, কিছুক্ষণ ঘুমাতে হবে"
"শরীর ইয়েন মেছমেছ গরের, এক্কানা ঘুম যন ফরিবু","শরীরটা মেছমেছ করছে, কিছুক্ষণ ঘুমাতে হবে"
"ঝর আইবু এক্কানা পর, হারা বাইরোর বিয়াক হর লই আইয়্যু","বৃষ্টি আসবে একটু পর, জলদি বাইরের সব কাপড় নিয়ে আসো"
"ঝর আইবু ইক্কিনি পর, হারা বাইরোর বিয়াক হর লই আইয়্যু","বৃষ্টি আসবে একটু পর, জলদি বাইরের সব কাপড় নিয়ে আসো"
"ঝর আইবু এক্কানা পর, তারাতারি বাইরোর বিয়াক হর লই আইয়্যু","বৃষ্টি আসবে একটু পর, জলদি বাইরের সব কাপড় নিয়ে আসো"
"ঝর আইবু এক্কানা পর, জলদি বাইরোর বিয়াক হর লই আইয়্যু","বৃষ্টি আসবে একটু পর, জলদি বাইরের সব কাপড় নিয়ে আসো"
"আইচ্ছে ঠিক আছে, এক্কানা পরে আঁর অফিস শেষ অই যাইবু","আচ্ছা ঠিক আছে, একটু পর আমার অফিস শেষ হয়ে যাবে"
"আইচ্ছে ঠিক আছে, ইক্কিনি পরে আঁর অফিস শেষ অই যাইবু","আচ্ছা ঠিক আছে, একটু পর আমার অফিস শেষ হয়ে যাবে"
"ফিনি ফিনি ঝর পরে, তোঁয়ার হতা মনত পরে","হালকা হালকা বৃষ্টি পড়ে, তোমার কথা মনে পড়ে"
"ফিনি ফিনি ঝর পরে, তোঁয়ার হথা মনত পরে","হালকা হালকা বৃষ্টি পড়ে, তোমার কথা মনে পড়ে"
আঁর বরো আফা আর ছোডো আফা সবসময় হইজ্জে গরে,আমার বড় আপু আর ছোট আপু সবসময় ঝগড়া করে
তুই ন থাহিলি আঁই এতক্ষনে ঘুমাই যেতাম,তুই না থাকলে আমি এতক্ষণে ঘুমিয়ে যেতাম
তুঁই আজিয়ে যাইবে নাকি হালিয়ে যাইবে এহন সিদ্ধান্ত তোঁয়ার,"তুমি আজ যাবে নাকি কাল যাবে, এখন সিদ্ধান্ত তোমার"
"এই উন, আজিয়ে যদি বাজারোত ন যস তইলি তুর হবর আছে","এই শোন, আজকে যদি বাজারে না যাস তাহলে তুর খবর আছে"
"এই উন, আজিইয়্যে যদি বাজারোত ন যস তইলি তুর হবর আছে","এই শোন, আজকে যদি বাজারে না যাস তাহলে তুর খবর আছে"
"ঘরুর দরজা খোলা আছিল, এতেল্লে চোর সহজেই ঘরুত ঢুকিত পেইজ্জিল","ঘরের দরজা খোলা ছিল, তাই চোর সহজেই ঘরে ঢুকতে পেরেছিল"
"আজুইন্নে ঝর আইত পারে, নৌকো লই দইজ্জেত ন যনই ভালা","সন্ধ্যায় ঝড় আসতে পারে, নৌকা নিয়ে নদীতে না যাওয়াই ভালো"
"আজুইন্নে ঝর আইত পারে, নৌকো লই দইজ্জেত ন যনই গম","সন্ধ্যায় ঝড় আসতে পারে, নৌকা নিয়ে নদীতে না যাওয়াই ভালো"
"তুঁই যদি ন যও, তইলি আঁই ও যাইতাম ন","তুমি যদি না যাও, তাহলে আমিও যাব না"
আঁই এহন চলি যাইর,আমি এখন চলে যাচ্ছি
"তুঁই এহন যো, আঁই আইর","তুমি এখন যাও, আমি আসছি"
"তুঁই এহন যো, আঁই আইয়্যির","তুমি এখন যাও, আমি আসছি"
"ওষুধ ইবে সময়মতো হাইয়্যু, নইলি আবার জ্বর আইবু, আঁর হতা উনো","ওষুধটা সময়মতো খেয়ো, নয়তো আবার জ্বর আসবে, আমার কথা শোনো"
"ওষুধ ইবে সময়মতো হাইয়্যু, নইলি আবার জ্বর আইবু, আঁর হথা উনো","ওষুধটা সময়মতো খেয়ো, নয়তো আবার জ্বর আসবে, আমার কথা শোনো"
আত্তুন ভুক লাগিলি আঁই নিজুত্তুন হায় লইয়্যুম,আমার খিদে লাগলে আমি নিজ থেকেই খেয়ে নিব
"চাচি, অঁনোর ফুওয়া-মেইফুওয়া হওয়ো?","চাচি, আপনার ছেলে-মেয়ে কয়টা?"
"মা, আঁর হরচুর এগিন এক্কানা গুছাই রাহো তো","মা, আমার জামাকাপড়গুলো একটু গুছিয়ে রাখো তো"
"মা, আঁর হরচুর এগিন ইক্কিনি গুছাই রাহো তো","মা, আমার জামাকাপড়গুলো একটু গুছিয়ে রাখো তো"
কেন আছন মামা? অঁনোরে বৌতদিন পর দেহিদ্দি,কেমন আছেন মামা? আপনাকে অনেকদিন পর দেখতাছি
"এই বাস ইয়েন কি সরাসরি যাইবু, নাকি মাঝুদ্দি বৌত জাগাত থামিবু?","এই বাসটা কি সরাসরি যাবে, নাকি মাঝখানে অনেক জায়গায় থামবে?"
"ব্যবসাত বেশি লস হায়, দোয়ান ইয়েন মনে অয় আর রাহিত ন পাইজ্জুম","ব্যবসায় বেশি লস খেয়েছি, দোকানটা মনে হয় আর রাখতে পারব না"
"ফ্রিজুর হাট্টা বেইয়্যুন এগুন পুচি গেইয়্যি, বাজারুত্তুন এক কেজি হাট্টা বেইয়্যুন লই আইয়্যো","ফ্রিজের টমেটোগুলো পচে গেছে, বাজার থেকে এক কেজি টমেটো নিয়ে এসো"
আঁই অনডে যাইতে বাধ্য নই,আমি ওখানে যেতে বাধ্য নই
এই মাসুত বৃষ্টি ন অনে ফইর আর হালুর পানি ফুওয়েই যাইতু শুরু গইজ্জি,এই মাসে বৃষ্টি না হওয়ায় পুকুর আর খালের পানি শুকিয়ে যেতে শুরু করেছে
"বউ, রান্নাত ঝাল এক্কানা হম দিও, গত হালিয়ে আঁর পেট জইল্লিল","বউ, রান্নায় ঝাল একটু কম দিও, গতকাল আমার পেট জ্বালা করেছিল"
"বউ, রান্নাত ঝাল ইক্কিনি হম দিও, গত হালিয়ে আঁর পেট জইল্লিল","বউ, রান্নায় ঝাল একটু কম দিও, গতকাল আমার পেট জ্বালা করেছিল"
"আঁই আজিয়ে শেষবারোর মতন গুছায় দির, সামনোর বারোত্তুন নিজোর হাজ নিজে গরিবে","আমি আজকে শেষবারের মত গুছিয়ে দিচ্ছি, সামনের বার থেকে নিজের কাজ নিজে করবে"
"আঁই আজিইয়্যে শেষবারোর মতন গুছায় দির, সামনোর বারোত্তুন নিজোর হাজ নিজে গরিবে","আমি আজকে শেষবারের মত গুছিয়ে দিচ্ছি, সামনের বার থেকে নিজের কাজ নিজে করবে"
"আঁই আজিয়ে শেষবারোর মতন গুছায় দির, সামনোর বারোত্তুন নিজোর হাম নিজে গরিবে","আমি আজকে শেষবারের মত গুছিয়ে দিচ্ছি, সামনের বার থেকে নিজের কাজ নিজে করবে"
লিস্ট উত কি আঁর নাম ন আইয়্যি? এরহম অইবের তো হতা নো,লিস্টে কি আমার নাম আসেনি? এমন তো হওয়ার কথা না
লিস্ট উত কি আঁর নাম ন আইয়্যি? এরহম অইবের তো হথা নো,লিস্টে কি আমার নাম আসেনি? এমন তো হওয়ার কথা না
"আঁই তোঁয়ার লগে যাইতাম নো, আঁই এহেল্লে যাইত পাইজ্জুম","আমি তোমার সঙ্গে যাব না, আমি একা চলে যেতে পারব"
"অঁনে আজিয়ের প্রথম কাস্টোমার, এতেল্লে ফেরত দিতাম ন চাইর","আপনি আজকের প্রথম কাস্টমার, তাই ফেরত দিতে চাচ্ছি না"
এবার শীতুর কালেকশন কেন আইসসি?,এবার শীতের কালেকশন কেমন আসছে?
বেশি জারগই গরিলি ঘেঢ়ি বেরাই উজ্ঞো দিয়্যুম,বেশি দুষ্টামি করলে ঘাড়ের মধ্যে একটা দেব
"বাইরে বৌত টাডাল ফরের, সাবধানে যাইয়্যু","বাইরে অনেক বজ্রপাত হচ্ছে, সাবধানে যেও"
"বাদ্দি বৌত টাডাল ফরের, সাবধানে যাইয়্যু","বাইরে অনেক বজ্রপাত হচ্ছে, সাবধানে যেও"
"এহন বেছা হম, কাস্টমার নেই","এখন বিক্রি কম, কাস্টমার নেই"
আজিয়ের ফরোত্তুন তরহারিত ঝাল হম দিবে,আজকের পর থেকে তরকারিতে ঝাল কম দিবা
"আঁই এক্কানা মিনহাজুর বাসাত যাইর, আইতে দেরি অইব্যু","আমি একটু মিনহাজের বাসায় যাচ্ছি, আসতে দেরি হবে"
"আঁই এক্কানা মিনহাজুর বাসাত যাইর, আইসতে দেরি অইব্যু","আমি একটু মিনহাজের বাসায় যাচ্ছি, আসতে দেরি হবে"
"আঁই ইক্কিনি মিনহাজুর বাসাত যাইর, আইতে দেরি অইব্যু","আমি একটু মিনহাজের বাসায় যাচ্ছি, আসতে দেরি হবে"
তারপর হইয়্যুম কি গরন ফরিবু,তারপর বলব কি করতে হবে
ইতে আইয়্যির না? নাকি আঁই চলি যাইয়্যুম?,সে কি আসছে? নাকি আমি চলে যাব?
আজিয়ে মনগান এতো হারাপ দে কিয়ার লগে হথা হইতু ইচ্ছে ন গরের,আজকে মনটা এত খারাপ যে কারও সঙ্গে কথা বলতে ইচ্ছে করছে না
আজিইয়্যে মনগান এতো হারাপ দে কিয়ার লগে হথা হইতু ইচ্ছে ন গরের,আজকে মনটা এত খারাপ যে কারও সঙ্গে কথা বলতে ইচ্ছে করছে না
আজিয়ে মনগান এল্লেত হারাপ দে কিয়ার লগে হথা হইতু ইচ্ছে ন গরের,আজকে মনটা এত খারাপ যে কারও সঙ্গে কথা বলতে ইচ্ছে করছে না
আজিয়ে মনগান এতো হারাপ দে কিয়ার লগে হতা হইতু ইচ্ছে ন গরের,আজকে মনটা এত খারাপ যে কারও সঙ্গে কথা বলতে ইচ্ছে করছে না
"আরাদিন মন বৌত হারাপ আছিল, নামাজ পরিবের পর মন ভালা অই গেইয়্যি","সারাদিন মন অনেক খারাপ ছিল, নামাজ পড়ার পর মন ভাল হয়ে গেছে"
"আরাদিন মন বৌত হারাপ আছিল, নামাজ পরিবের পর মন গম অই গেইয়্যি","সারাদিন মন অনেক খারাপ ছিল, নামাজ পড়ার পর মন ভাল হয়ে গেছে"
"ফুরোদিন মন বৌত হারাপ আছিল, নামাজ পরিবের পর মন ভালা অই গেইয়্যি","সারাদিন মন অনেক খারাপ ছিল, নামাজ পড়ার পর মন ভাল হয়ে গেছে"
"দিন দিন বিয়াক কিছু ভুলি যাইর আঁই, কী যে অর আঁর লগে","দিন দিন সবকিছু ভুলে যাচ্ছি আমি, কী যে হচ্ছে আমার সঙ্গে"
তুঁই কি আঁর হতা উইন্তে লাইজ্ঞু?,তুমি কি আমার কথা শুনছো?
তুঁই কি আঁর হথা উইন্তে লাইজ্ঞু?,তুমি কি আমার কথা শুনছো?
গ্রামোর মেইফুওয়া অক্কলে আঁস কুরো ফালে,গ্রামের মেয়েরা হাঁস মুরগি পালন করে
গ্রামোর মেইফুওয়া অক্কলে আঁস কুরা ফালে,গ্রামের মেয়েরা হাঁস মুরগি পালন করে
"আঁই ফইত্তুদিন চেষ্টা গরি রাতিয়ে জলদি ঘুম যাইবের লাই, কিন্তু কেনে জানি দেরি অই যায়","আমি প্রতিদিন চেষ্টা করি রাতে জলদি ঘুমানোর, কিন্তু কেমনে জানি দেরি হয়ে যায়"
"আঁই ফইত্তুদিন চেষ্টা গরি রাতিয়ে জলদি ঘুম যাইবের লাই, কিন্তু কেনে হইত পারি দেরি অই যায়","আমি প্রতিদিন চেষ্টা করি রাতে জলদি ঘুমানোর, কিন্তু কেমনে জানি দেরি হয়ে যায়"
"আঁই ফইত্তুদিন চেষ্টা গরি রাতিয়ে তারাতারি ঘুম যাইবের লাই, কিন্তু কেনে জানি দেরি অই যায়","আমি প্রতিদিন চেষ্টা করি রাতে জলদি ঘুমানোর, কিন্তু কেমনে জানি দেরি হয়ে যায়"
"আঁই ফইত্তুদিন চেষ্টা গরি রাতিয়ে হারা ঘুম যাইবের লাই, কিন্তু কেনে জানি দেরি অই যায়","আমি প্রতিদিন চেষ্টা করি রাতে জলদি ঘুমানোর, কিন্তু কেমনে জানি দেরি হয়ে যায়"
আঁরে এক্কানা গুস্তর সুরগো দও,আমাকে একটু মাংসের ঝোল দাও
আঁরে ইক্কিনি গুস্তর সুরগো দও,আমাকে একটু মাংসের ঝোল দাও
আঁই একবার বেউশ অই গেইলাম,আমি একবার বেহুঁশ হয়ে গিয়েছিলাম
হ্যালো মুঈন,হ্যালো মুঈন
আজিয়ে ভাইয়ে ইবের অরো বারিত যায় ভাবিরে লই আইবু,আজকে ভাইয়া তার শ্বশুর বাড়ি গিয়ে ভাবিকে নিয়ে আসবে
আজিইয়্যে ভাইয়ে ইবের অরো বারিত যায় ভাবিরে লই আইবু,আজকে ভাইয়া তার শ্বশুর বাড়ি গিয়ে ভাবিকে নিয়ে আসবে
"আফা, থ্রি-পিস এগুন একদম অরিজিনাল, রঙ ন উডিবু","আপা, থ্রি-পিসগুলো একদম অরিজিনাল, রং উঠবে না"
"তুঁই আঁরে আগে এহাজার টিয়া হাদিয়ে দ, আঁই তোঁয়ার হাম গরি দিয়্যুম","তুমি আমাকে আগে এক হাজার টাকা হাদিয়া দাও, আমি তোমার কাজ করে দিব"
"তুঁই আঁরে আগে এহাজার টিয়া হাদিয়ে দ, আঁই তোঁয়ার হাজ গরি দিয়্যুম","তুমি আমাকে আগে এক হাজার টাকা হাদিয়া দাও, আমি তোমার কাজ করে দিব"
তোঁয়ারে বৌত সুন্দর লাগের,তোমাকে খুব সুন্দর লাগতাছে
তোঁয়ারে বৌত সুন্দর লার,তোমাকে খুব সুন্দর লাগতাছে
বাতাসুর হারনে আঁর গাছুর বিয়াক আম পরি গেইয়্যি,বাতাসের কারণে আমার গাছের সব আম পড়ে গেছে
"চাই য, হদিজ্ঞিন জিনিস!","দেখে যাও, কত জিনিস!"
আঁই ই বোরা না? আঁই বিয়াক উনি,আমি কি বধির? আমি সব শুনি
"আঁর দোয়ান ইয়েন বেছি দিয়্যুম, হনো ভালা কাস্টমার পাইলি জানাইয়্যুন","আমার দোকানটা বিক্রি করে দেব, কোনো ভালো কাস্টমার পেলে জানাবেন"
"আঁর দোয়ান ইয়েন বেছি দিয়্যুম, হনো গম কাস্টমার পাইলি জানাইয়্যুন","আমার দোকানটা বিক্রি করে দেব, কোনো ভালো কাস্টমার পেলে জানাবেন"
"আজিয়ে আঁর টেং ব্যথা গরের, রান্না নয়তো তুঁই গরো","আজকে আমার পা ব্যথা করছে, রান্না না হয় তুমি কর"
"আজিইয়্যে আঁর টেং ব্যথা গরের, রান্না নয়তো তুঁই গরো","আজকে আমার পা ব্যথা করছে, রান্না না হয় তুমি কর"
"আজিয়ে আঁর টেং ব্যথা গরের, রান্না নইলি তুঁই গরো","আজকে আমার পা ব্যথা করছে, রান্না না হয় তুমি কর"
আঁই ফইত্তুদিন ফজোরত তারাতারি উডি যায়,আমি প্রতিদিন সকালে তাড়াতাড়ি উঠে যায়
আঁই ফইত্তুদিন বেইন্নে তারাতারি উডি যায়,আমি প্রতিদিন সকালে তাড়াতাড়ি উঠে যায়
আঁই ফইত্তুদিন ফজোরত হারা উডি যায়,আমি প্রতিদিন সকালে তাড়াতাড়ি উঠে যায়
আঁই ফইত্তুদিন ফজোরত জলদি উডি যায়,আমি প্রতিদিন সকালে তাড়াতাড়ি উঠে যায়
আঁরা বিয়াজ্ঞুন স্কুল ফ্রেন্ড মিলি পিকনিকুত যাইর,আমরা সব স্কুল ফ্রেন্ড মিলে পিকনিকে যাচ্ছি
"তোঁয়ার ফুওয়া তো এব্বেরে পাগি গেইয়্যি, বৌত হতা হয়","তোমার ছেলে তো একদম পেকে গেছে, অনেক কথা বলে"
"তোঁয়ার ফুওয়া তো এব্বেরে পাগি গেইয়্যি, বৌত হথা হয়","তোমার ছেলে তো একদম পেকে গেছে, অনেক কথা বলে"
ফা'রুত্তুন ফইত্তুদিন রাতিয়ে ইয়েল আইয়্যি,পাহাড় থেকে প্রতিদিন রাতে শিয়াল আসে
"আঁর বাজেট বেশি নেই, এতেল্লে ইবে লইত পাইত্তাম ন","আমার বাজেট বেশি নেই, সেজন্য এটা নিতে পারব না"
"বদ্দা, গাবৌতলী বাস টার্মিনাল উত্তুন কষ্টিয়ার বাস হত্তুন ছারে?","ভাই, গাবৌতলী বাস টার্মিনাল থেকে কুষ্টিয়ার বাস কোথা থেকে ছাড়ে?"
"আজিয়ের মধ্যে বিয়াক কিছু গুছায় ফেলন ফরিবু, যেন হালিয়ে বেইন্নে বাইর অই যাইত পারি","আজকের মধ্যে সবকিছু গুছিয়ে ফেলতে হবে, যেন আগামীকাল সকালে বের হয়ে যেতে পারি"
"আজিয়ের মধ্যে বিয়াক কিছু গুছায় ফেলন ফরিবু, যেন হালিয়ে ফজোরত বাইর অই যাইত পারি","আজকের মধ্যে সবকিছু গুছিয়ে ফেলতে হবে, যেন আগামীকাল সকালে বের হয়ে যেতে পারি"
চিন্তে গরির এবার বিয়াজ্ঞুনুরে কেচা গুস্ত দিই দিয়্যুম,চিন্তা করছি এবার সবাইকে কাঁচা মাংস দিয়ে দেব
ইতে বেশি দুরা দূরে,সে খুব দ্রুত দৌড়ায়।
"তরহারিত নুন আরেক্কানা হম দিবে, তইলি তরহারি বৌত মজা অইবু","তরকারিতে লবণ আরেকটু কম দেবে, তাহলে তরকারি অনেক মজা হবে"
"আজিয়ে অফিসুত হাজুর চাপ হম, এতাল্লে হারা চলি আইস্যি","আজকে অফিসে কাজের চাপ কম, তাই জলদি চলে আসছি"
"আজিইয়্যে অফিসুত হাজুর চাপ হম, এতাল্লে হারা চলি আইস্যি","আজকে অফিসে কাজের চাপ কম, তাই জলদি চলে আসছি"
"আজিয়ে অফিসুত হাজুর চাপ হম, এতাল্লে তারাতারি চলি আইস্যি","আজকে অফিসে কাজের চাপ কম, তাই জলদি চলে আসছি"
"আজিয়ে অফিসুত হাজুর চাপ হম, এতাল্লে জলদি চলি আইস্যি","আজকে অফিসে কাজের চাপ কম, তাই জলদি চলে আসছি"
ফইত্তুদিন এল্লেত দেরি গরি ঘুমোত্তুন উডিলি তো কিছু জানিত ন ফারিবে,প্রতিদিন এতো দেরি করে ঘুম থেকে উঠলে তো কিছু জানতে পারবে না
ফইত্তুদিন এতো দেরি গরি ঘুমোত্তুন উডিলি তো কিছু জানিত ন ফারিবে,প্রতিদিন এতো দেরি করে ঘুম থেকে উঠলে তো কিছু জানতে পারবে না
"আঁর লেপটপ এহন বন্ধ অই যাইবু, বৌত হতক্ষন ধরি কারোন নাই","আমার ল্যাপটপ এখন বন্ধ হয়ে যাবে, অনেকক্ষণ ধরে কারেন্ট নেই"
এক্কান দিতাম যায় রে ভুলে আরেক্কান চলি গেইয়্যি,একটা দিতে গিয়ে ভুলে আরেকটা চলে গেছে
"আঁই কপি হাইর, তুঁই কি গরো?","আমি কফি খাই, তুমি কী করো?"
ডাফ চুরি গইত্তো যায় একবার বাফুর আতুত মাইর হাইলাম,ডাব চুরি করতে গিয়ে একবার বাবার হাতে মার খেয়েছিলাম
এক্কানা সামনে যায় সা তো কিল্লে এত জ্যাম লাগি আছে,একটু সামনে গিয়ে দেখ তো কেন এত জ্যাম লেগে আছে
ইক্কিনি সামনে যায় সা তো কিল্লে এত জ্যাম লাগি আছে,একটু সামনে গিয়ে দেখ তো কেন এত জ্যাম লেগে আছে
"ভাইয়া, আঁরে এক কেজি পোলও উর চইল আর এক লিটার হাঁটি সরিষার তেল দন","ভাইয়া, আমাকে এক কেজি পোলাওয়ের চাল আর এক লিটার খাঁটি সরিষার তেল দেন"
গত বছর বর্ষাহালে হাডি ভাঙি পুরো গ্রাম পানিত ডুফি গেইয়্যিল,গত বছর বর্ষাকালে বেড়িবাঁধ ভেঙে পুরো গ্রাম পানিতে ডুবে গিয়েছিল
আরে বন্ধু! হতোদিন পর তুর লগে দেহা!,আরে বন্ধু! কতোদিন পর তুর সাথে দেখা!
আরে বন্ধু! হতোদিন পর তুর ওয়ারে দেহা!,আরে বন্ধু! কতোদিন পর তুর সাথে দেখা!
আরে বন্ধু! হতোদিন পর তুর ফুয়ারে দেহা!,আরে বন্ধু! কতোদিন পর তুর সাথে দেখা!
"চলো, সামনুর মাসুত দুবাই ঘুরি আয়, তোঁয়ার মন ভালা অই যাইবু","চলো, সামনের মাসে দুবাই ঘুরে আসি, তোমার মন ভালো হয়ে যাবে"
"চলো, সামনুর মাসুত দুবাই ঘুরি আয়, তোঁয়ার মন গম অই যাইবু","চলো, সামনের মাসে দুবাই ঘুরে আসি, তোমার মন ভালো হয়ে যাবে"
"উনিয়েরে বৌত খুশি অইলাম যে অঁনোর শারিরীক অবস্থার বৌত উন্নতি অইয়্যি, আরও তারাতারি সুস্থ অই যন","শুনে খুবই খুশি হলাম যে আপনার শারিরীক অবস্থার ব্যাপক উন্নতি হয়েছে, আরও দ্রুত সুস্থ হোন"
"উনিয়েরে বৌত খুশি অইলাম যে অঁনোর শারিরীক অবস্থার বৌত উন্নতি অইয়্যি, আরও হারা সুস্থ অই যন","শুনে খুবই খুশি হলাম যে আপনার শারিরীক অবস্থার ব্যাপক উন্নতি হয়েছে, আরও দ্রুত সুস্থ হোন"
"উনিয়েরে বৌত খুশি অইলাম যে অঁনোর শারিরীক অবস্থার বৌত উন্নতি অইয়্যি, আরও জলদি সুস্থ অই যন","শুনে খুবই খুশি হলাম যে আপনার শারিরীক অবস্থার ব্যাপক উন্নতি হয়েছে, আরও দ্রুত সুস্থ হোন"
আইচ্ছে মা এক্কান হতা হই?,আচ্ছা মা একটা কথা বলি?
আইচ্ছে মা এক্কান হথা হই?,আচ্ছা মা একটা কথা বলি?
বল ইবে সরাসরি আঁর হাছে দে,বলটি সরাসরি আমার কাছে দে
"আঁরার এবার সময় হম, এতেল্লে সিলেবাস ছোডো রাহিলি ভালা অইবু","আমাদের এবার সময় কম, তাই সিলেবাস ছোট রাখলে ভালো হবে"
"আঁরার এবার সময় হম, এতেল্লে সিলেবাস ছোডো রাহিলি গম অইবু","আমাদের এবার সময় কম, তাই সিলেবাস ছোট রাখলে ভালো হবে"
"আব্বু আত্তুন কিছু টিয়া লাগিবো, বন্ধু অক্কলোর লগে বান্দরবন ঘুইত্তাম যাইয়্যুম","বাবা আমার কিছু টাকা লাগবে, বন্ধুদের সাথে বান্দরবান ঘুরতে যাব"
"আব্বু আত্তুন কিছু টিয়া লাগিবো, বন্ধু অক্কলোর ওয়ারে বান্দরবন ঘুইত্তাম যাইয়্যুম","বাবা আমার কিছু টাকা লাগবে, বন্ধুদের সাথে বান্দরবান ঘুরতে যাব"
"আব্বু আত্তুন কিছু টিয়া লাগিবো, বন্ধু অক্কলোর ফুয়ারে বান্দরবন ঘুইত্তাম যাইয়্যুম","বাবা আমার কিছু টাকা লাগবে, বন্ধুদের সাথে বান্দরবান ঘুরতে যাব"
"হানিফ বাসুত ন যাইয়্যুম, এই বাস এগিন বৌত জোরে চলায় আর বেশি এক্সিডেন্ট গরে","হানিফ বাসে যাব না, এই বাসগুলো অনেক জোরে চালায় আর বেশি এক্সিডেন্ট করে"
"তুঁই রাস্তা পার অইলিই আঁরা দেহিবে, আঁই ফুলকলির সামনে থিয়েই আছি","তুমি রাস্তা পার হলেই আমাকে দেখতে পাবে, আমি ফুলকলির সামনে দাঁড়িয়ে আছি"
তুঁই যদি এক মাস হষ্ট গরো তইলি বৌত কিছু ঠিক অই যাইবু,তুমি যদি এক মাস কষ্ট করো তাহলে অনেক কিছু ঠিক হয়ে যাবে
"হালিয়ে রাতিয়ে বাতাস বৌত বেশি আছিল, গাছ ভাঙি রাস্তা বন্ধ অই গেইয়্যি","গতকাল রাতে বাতাস অনেক বেশি ছিল, গাছ ভেঙে রাস্তা বন্ধ হয়ে গেছে"
"এহন এক্কানা শান্ত অও, আর হত হাঁদিবে?","এখন একটু শান্ত হও, আর কত কাঁদবে?"
"এহন ইক্কিনি শান্ত অও, আর হত হাঁদিবে?","এখন একটু শান্ত হও, আর কত কাঁদবে?"
তুঁই এক্কানা পরে আইয়্যু,তুমি একটু পরে আসো
তুঁই ইক্কিনি পরে আইয়্যু,তুমি একটু পরে আসো
"যা অইবের অই গেইয়্যি, এগিন পুরন হতা, এগিন এহন হয় রে লাভ আছে না?","যা হওয়ার হয়ে গেছে, এগুলো পুরাতন কথা, এগুলো এখন বলে লাভ আছে?"
ফজোরত নামাজ পরি আডিলি বৌত ভালা লাগে,সকালে নামাজ পড়ে হাটলে অনেক ভাল লাগে
ফজোরত নামাজ পরি আডিলি বৌত গম লাগে,সকালে নামাজ পড়ে হাটলে অনেক ভাল লাগে
বেইন্নে নামাজ পরি আডিলি বৌত ভালা লাগে,সকালে নামাজ পড়ে হাটলে অনেক ভাল লাগে
আজিয়ে তোঁয়ারে এল্লেত খুশি দেহার কা?,আজকে তোমাকে এত খুশি দেখাচ্ছে কেন?
আজিইয়্যে তোঁয়ারে এল্লেত খুশি দেহার কা?,আজকে তোমাকে এত খুশি দেখাচ্ছে কেন?
আজিয়ে তোঁয়ারে এতো খুশি দেহার কা?,আজকে তোমাকে এত খুশি দেখাচ্ছে কেন?
"ফইল্লে পিয়েজ ভালা গরি ভাজি লন ফরিবু, তারপর মসল্লা দন ফরিবু","প্রথমে পেঁয়াজ ভালো করে ভেজে নিতে হবে, তারপর মসলা দিতে হবে"
"ফইল্লে পিয়েজ গম গরি ভাজি লন ফরিবু, তারপর মসল্লা দন ফরিবু","প্রথমে পেঁয়াজ ভালো করে ভেজে নিতে হবে, তারপর মসলা দিতে হবে"
আবার পরে দেহা অইব্যু,আবার পরে দেখা হবে
"আঁই হনোদিন লঞ্চ উত ন চরি, এবার নইতু লঞ্চ উত গরি যাই","আমি কোনো দিন লঞ্চে চড়িনি, এবার না হয় লঞ্চে করেই যাই"
"মোবাইল আঝি গেইয়্যি ইয়েন উর লাই চিন্তে ন অর, আঁর গুরুত্বপূর্ণ ডকুমেন্টস এগিনুর লাই চিন্তে লার","মোবাইল হারিয়ে গেছে, সেটার জন্য চিন্তা হচ্ছে না, আমার গুরুত্বপূর্ণ ডকুমেন্টগুলোর জন্য চিন্তা হচ্ছে"
বৌত মনোত পরের কিন্তু হারে মনোত পরের ইয়েন ই মনোত ন পরের,খুব মনে পড়ছে কিন্তু কাকে মনে পড়ছে সেটাই মনে পড়ছে না
তোঁয়ার কি সমাস্যা? মানিত কিল্লে ন পারো?,তোমার কি সমাস্যা? মানতে কেন পারছো না?
"ফেহেনা এগিন তারাতারি সাফ গরি ফেলা, আত্তুন বুমি আইয়্যির","পায়খানাগুলো তাড়াতাড়ি পরিষ্কার করে ফেল, আমার বমি আসছে"
"ফেহেনা এগিন তারাতারি পরিষ্কার গরি ফেলা, আত্তুন বুমি আইয়্যির","পায়খানাগুলো তাড়াতাড়ি পরিষ্কার করে ফেল, আমার বমি আসছে"
তোঁয়ারে মনে অয় কাইসার কিছু হইয়্যিল,তোমাকে মনে হয় কাইসার কিছু বলেছিল
তুই আইলি বদ্দা আই বৌত খুশি অইয়্যুম,তুই আসলে ভাই আমি অনেক খুশি হব
"আঁই এহন বিজি, আত্তুন দেরি অইবু","আমি এখন ব্যস্ত, আমার দেরি হবে"
হইজ্জে গরিলি তো গলার সুর এব্বেরে পরিবর্তন অই যায়,ঝগড়া করলে তো গলার সুর একদম পরিবর্তন হয়ে যায়
"ফুটবল খেলি টেং এব্বেরে ব্যথা অই গেইয়্যি, এহন আডিতও ন পারির","ফুটবল খেলে পা একদম ব্যথা হয়ে গেছে, এখন হাঁটতেও পারছি না"
"ইতারা রাস্তা ইবে দি গেইয়্যি, হতক্ষন আডিলি সাম্মোদ্দি দেহিবেন","ওরা এই রাস্তা দিয়ে গেছে, কিছুক্ষণ হাঁটলে সামনে দেখতে পাবেন"
আঁই ঘুমুত্তুন উডিবের আগে যেন আঁর সকালুর নাস্তা রেডি থাহে,আমি ঘুম থেকে ওঠার আগে যেন আমার সকালের নাস্তা রেডি থাকে
"আর দুদিন পর আইয়্যুন, দুদিন পর বৌত ভালা ভালা হর আইবু","আর দুদিন পর আসেন, দুদিন পর অনেক ভাল ভাল কাপড় আসবে"
"আর দুদিন পর আইয়্যুন, দুদিন পর বৌত গম ভালা হর আইবু","আর দুদিন পর আসেন, দুদিন পর অনেক ভাল ভাল কাপড় আসবে"
তুঁই আঁর লগে এরহম কেনে গরিলে! আঁর কি দোষ আছিল?,তুমি আমার সাথে এরকম কেমনে করলা! আমার কি দোষ ছিল?
তুঁই আঁর ওয়ারে এরহম কেনে গরিলে! আঁর কি দোষ আছিল?,তুমি আমার সাথে এরকম কেমনে করলা! আমার কি দোষ ছিল?
তুঁই আঁর ফুয়ারে এরহম কেনে গরিলে! আঁর কি দোষ আছিল?,তুমি আমার সাথে এরকম কেমনে করলা! আমার কি দোষ ছিল?
"এন গরি গুসসা অই থাহিলি অইবুনা? হানা ঠান্ডা অই যার, হায় লও","এভাবে রাগ করে থাকলে হবে? খাবার ঠান্ডা হয়ে যাচ্ছে, খেয়ে নাও"
সাদা পাঞ্জাবি ইবে আঁর বৌত প্রিয়,সাদা পাঞ্জাবিটা আমার অনেক প্রিয়
এল্লেত আ'সিখুশি কা? বিয়ে ঠিক অইয়্যি নাকি?,এত হাসিখুশি কেন? বিয়ে ঠিক হলো নাকি?
এতো আ'সিখুশি কা? বিয়ে ঠিক অইয়্যি নাকি?,এত হাসিখুশি কেন? বিয়ে ঠিক হলো নাকি?
সাইকেল চালাইতাম যায় একবার বৌত ব্যথা পাইলাম,সাইকেল চালাতে গিয়ে একবার অনেক ব্যথা পেয়েছিলাম
"বদ্দা, বৃষ্টি চলি আইসসি, এক্কানা বাসুর জানালা এগিন বন্ধ গরি দন","ভাই, বৃষ্টি চলে আসছে, একটু বাসের জানালাগুলো বন্ধ করে দেন"
"বদ্দা, বৃষ্টি চলি আইসসি, ইক্কিনি বাসুর জানালা এগিন বন্ধ গরি দন","ভাই, বৃষ্টি চলে আসছে, একটু বাসের জানালাগুলো বন্ধ করে দেন"
ইয়েন অবশ্য ঠিক হইয়্যু,এটা অবশ্য ঠিক বলছ
"তুই ইবে শেষ গর, আঁই ভাত রান্না গরি আয়","তুই এটা শেষ কর, আমি ভাত রান্না করে আসি"
"আঁই যদি চঅরি ন গরি, তইলি আঁর পরিবার হষ্ট ফাইবু","আমি যদি চাকরি না করি, তাহলে আমার পরিবার কষ্ট পাবে"
"তোরে দেহি চিনা চিনা লাগের, তোর নাক কি শরীফ?","তোরে দেখে চেনা চেনা লাগছে, তোর নাম কি শরীফ?"
"সাবধানে যাইস, বাসাত পৌছি কল দিস","সাবধানে যাস, বাসায় পৌঁছে কল দিস"
"উজ্ঞো নাপা ট্যাবলেট হায় ফেলো, নইলি রাতিয়ে জ্বর চলি আইবু","একটা নাপা ট্যাবলেট খেয়ে ফেলো, নাহয় রাতে জ্বর চলে আসবে"
"এই উনন না, অঁনে এক্কানা বুঝিবের চেষ্টা গরন","এই শোনেন, আপনি একটু বোঝার চেষ্টা করেন"
"এই উনন না, অঁনে ইক্কিনি বুঝিবের চেষ্টা গরন","এই শোনেন, আপনি একটু বোঝার চেষ্টা করেন"
এতো মিছে হতা কেনে হস বদ্দা!,এত মিথ্যা কথা কেমনে বলিস ভাই!
এল্লেত মিছে হতা কেনে হস বদ্দা!,এত মিথ্যা কথা কেমনে বলিস ভাই!
এতো মিছে হথা কেনে হস বদ্দা!,এত মিথ্যা কথা কেমনে বলিস ভাই!
"অঁনোরে ৫০ টিয়া দিলাম, ১০ টিয়া ফেরত দিতু ভুলি গেইয়্যুন","আপনাকে ৫০ টাকা দিয়েছিলাম, ১০ টাকা ফেরত দিতে ভুলে গেছেন"
এক কেজি গাজরুর দাম হত?,এক কেজি গাজরের দাম কত?
"আঁই তোত্তুন চাইয়্যুম, আর তুই রিফাত্তুন চাইস","আমি তোর থেকে দেখব, আর তুই রিফার থেকে দেখিস"
অঁনে এক্কানা হষ্ট গরি এই ফর্ম ইয়েন পুরন গরি হালিয়ের মধ্যে জমা দি দন,আপনি একটু কষ্ট করে এই ফর্মটা পূরণ করে আগামীকালের মধ্যে জমা দিয়ে দিন
অঁনে ইক্কিনি হষ্ট গরি এই ফর্ম ইয়েন পুরন গরি হালিয়ের মধ্যে জমা দি দন,আপনি একটু কষ্ট করে এই ফর্মটা পূরণ করে আগামীকালের মধ্যে জমা দিয়ে দিন
"বিয়াজ্ঞুন সামনুত্তুন সরি থিয়ন, টেরাক আইয়্যির","সবাই সামনে থেকে সরে দাঁড়ান, ট্রাক আসছে"
"বেজ্ঞুন সামনুত্তুন সরি থিয়ন, টেরাক আইয়্যির","সবাই সামনে থেকে সরে দাঁড়ান, ট্রাক আসছে"
রমজান মিয়ত্তুন কিছু টিয়া ফাইর,রমজান মিয়ার কাছে কিছু টাকা পায়
গতবার হর কিনিবের সমত হইলেন এবার দাম হম রাহিবেন,গতবার কাপড় কিনার সময় বলেছিলেন এবার দাম কম রাখবেন
বৌত আশা লই রে গেইলাম কিন্তু হাজগান ন অয়,অনেক আশা নিয়ে গেছিলাম কিন্তু কাজটা হলো না
"আজিয়ে অফিসুত বৌত হাম, এতেল্লে আত্তুন আসতে দেরি অইবু","আজকে অফিসে অনেক কাজ, তাই আমার আসতে দেরি হবে"
"আজিইয়্যে অফিসুত বৌত হাম, এতেল্লে আত্তুন আসতে দেরি অইবু","আজকে অফিসে অনেক কাজ, তাই আমার আসতে দেরি হবে"
"তোরে বৌত মিস গরির, তুই ন থাহিলি কিয়ারে জালাইত ন পারি","তোকে অনেক মিস করছি, তুই না থাকলে কাউকে জ্বালাতে পারি না"
ক্ষেতিত্তুন ফোওয়ানা মরিচ এগুন লই আয়,ক্ষেত থেকে পাকা মরিচ গুলো নিয়ে আয়
"বাইরে বৌত বেশি গরম, এক্কান ছাতি লই যও","বাইরে অনেক বেশি গরম, একটা ছাতা নিয়ে যাও"
"বাদ্দি বৌত বেশি গরম, এক্কান ছাতি লই যও","বাইরে অনেক বেশি গরম, একটা ছাতা নিয়ে যাও"
"বৌত হতক্ষন হতা অইয়্যি, এবার উডি","অনেকক্ষণ কথা হলো, এবার উঠি"
"বৌত হতক্ষন হথা অইয়্যি, এবার উডি","অনেকক্ষণ কথা হলো, এবার উঠি"
"আঁরে স্যার মানা গইজ্জিল, এতেল্লে ইয়েন আঁই গরিত ন ফাইজ্জুম","আমাকে স্যার নিষেধ করেছিলেন, তাই এটা আমি করতে পারব না"
হনে পাইদ্দি দে? এল্লেত গন্ধ কা?,কে পাদ দিয়েছে? এত গন্ধ কেন?
হনে পাইদ্দি দে? এতো গন্ধ কা?,কে পাদ দিয়েছে? এত গন্ধ কেন?
আঁরা আজুইন্নে চা আর নাস্তা হইয়্যুম,আমরা সন্ধ্যায় চা আর নাস্তা খাব
তুঁই মনমরা অই বই থাহিলি কি আত্তুন ভালা লাগে?,তুমি মনমরা হয়ে বসে থাকলে কি আমার ভালো লাগে?
তুঁই মনমরা অই বই থাহিলি কি আত্তুন গম লাগে?,তুমি মনমরা হয়ে বসে থাকলে কি আমার ভালো লাগে?
বাংলাদেশুত উন্নতমানুর বিশ্ববিদ্যালয় বৌত হম,বাংলাদেশে উন্নতমানের বিশ্ববিদ্যালয় খুব কম
অঁনোরে আজিয়ে আত্তুন বৌত ভালা লাইজ্ঞি,আপনাকে আজকে আমার খুব ভালো লাগলো
অঁনোরে আজিয়ে আত্তুন বৌত গম লাইজ্ঞি,আপনাকে আজকে আমার খুব ভালো লাগলো
অঁনোরে আজিইয়্যে আত্তুন বৌত ভালা লাইজ্ঞি,আপনাকে আজকে আমার খুব ভালো লাগলো
"আত্তুন এক্কানা অরান লার, তোঁয়ার লগে পরে হতা হইয়্যুম","আমার একটু ক্লান্ত লাগতাছে, তোমার সাথে পরে কথা বলব"
"আত্তুন ইক্কিনি অরান লার, তোঁয়ার লগে পরে হতা হইয়্যুম","আমার একটু ক্লান্ত লাগতাছে, তোমার সাথে পরে কথা বলব"
"আত্তুন এক্কানা অরান লার, তোঁয়ার ওয়ারে পরে হতা হইয়্যুম","আমার একটু ক্লান্ত লাগতাছে, তোমার সাথে পরে কথা বলব"
"আত্তুন এক্কানা অরান লার, তোঁয়ার ফুয়ারে পরে হতা হইয়্যুম","আমার একটু ক্লান্ত লাগতাছে, তোমার সাথে পরে কথা বলব"
"আত্তুন এক্কানা হয়রান লার, তোঁয়ার লগে পরে হতা হইয়্যুম","আমার একটু ক্লান্ত লাগতাছে, তোমার সাথে পরে কথা বলব"
"আত্তুন এক্কানা অরান লার, তোঁয়ার লগে পরে হথা হইয়্যুম","আমার একটু ক্লান্ত লাগতাছে, তোমার সাথে পরে কথা বলব"
"হাইতু মন ন চাইলিও কিছু হায় ল, নইলি বিছেনুত্তুন উঢ়িত ন পারিবি","খেতে মন না চাইলেও কিছু খেয়ে নে, নাহয় বিছানা থেকে উঠতে পারবি না"
"আব্বু, আঁর লেপটপ ইবে এক্কানা ঠিক গরি দও, হালিয়েত্তুন অনলাইন ক্লাস আছে","বাবা, আমার ল্যাপটপটা একটু ঠিক করিয়ে দাও, কাল থেকে অনলাইন ক্লাস আছে"
"আব্বু, আঁর লেপটপ ইবে ইক্কিনি ঠিক গরি দও, হালিয়েত্তুন অনলাইন ক্লাস আছে","বাবা, আমার ল্যাপটপটা একটু ঠিক করিয়ে দাও, কাল থেকে অনলাইন ক্লাস আছে"
"আঁর আত ব্যথা গরের, আজিয়ে আর ন পারির","আমার হাত ব্যথা করছে, আজকে আর পারছি না"
"আঁর আত ব্যথা গরের, আজিইয়্যে আর ন পারির","আমার হাত ব্যথা করছে, আজকে আর পারছি না"
আঁর হাছে টিয়া ফুইশেত্তুন মান সম্মান বেশি গুরুত্বপুর্ণ,আমার কাছে টাকা পয়সার থেকে মান সম্মান বেশি গুরুত্বপূর্ণ
"বর্ষাহালে শ'রুত আডাচলা গরন বিরক্তিকর, চেরোমিক্কে নালার পানি","বর্ষাকালে শহরে হাঁটাচলা করা বিরক্তিকর, চারদিকে নর্দমার পানি"
"তোর বাফুর মাথা এহন গরম, এতেল্লে এহন ঘরুত ন আইস","তোর আব্বুর মাথা এখন গরম, তাই এখন ঘরে আসিস না"
আসসালামু আলাইকুম ম্যাম,আসসালামু আলাইকুম ম্যাম
"যদি কারোন ন আইয়্যি, তইলি ছাদুত যাই ঘুমাইয়্যুম","যদি কারেন্ট না আসে, তাহলে ছাদে গিয়ে ঘুমাব"
"আঁর হাছে এহন টিয়া নেই, এতেল্লে হনোমিক্কে যাইবের হতা চিন্তে ন গরির","আমার কাছে এখন টাকা নেই, সেজন্য কোথাও যাওয়ার কথা চিন্তা করছি না"
"আঁর হাছে এহন টিয়া নেই, এতেল্লে হনোমিক্কে যাইবের হথা চিন্তে ন গরির","আমার কাছে এখন টাকা নেই, সেজন্য কোথাও যাওয়ার কথা চিন্তা করছি না"
"এনডে যদি তুঁই ন থাহো, তইলি আত্তুন এব্বেরে ভালা ন লাগিবু","ওখানে যদি তুমি না থাক, তাহলে আমার একদম ভালো লাগবে না"
"এনডে যদি তুঁই ন থাহো, তইলি আত্তুন এব্বেরে গম ন লাগিবু","ওখানে যদি তুমি না থাক, তাহলে আমার একদম ভালো লাগবে না"
আঁই দুদিনুর লাই তোর ভাবিরে লই এক্কানা ঘুইত্তাম যাইর,আমি দুদিনের জন্য তোর ভাবিকে নিয়ে একটু ঘুরতে যাচ্ছি
আঁই দুদিনুর লাই তোর ভাবিরে লই ইক্কিনি ঘুইত্তাম যাইর,আমি দুদিনের জন্য তোর ভাবিকে নিয়ে একটু ঘুরতে যাচ্ছি
"আ'ছা মানি, মিছে হইয়্যুম না অঁনোরে!","সত্যি মানে, মিথ্যা বলব নাকি আপনাকে!"
"চট্টগ্রাম বিশ্ববিদ্যালয়ুর ফারুত বৌত আফ আছে, আঁরা যহন এনডে ঘুইত্তো গেইলাম তহন উইন্নিলাম","চট্টগ্রাম বিশ্ববিদ্যালয়ের পাহাড়ে অনেক সাপ আছে, আমরা যখন ওখানে ঘুরতে গিয়েছিলাম তখন শুনেছিলাম"
"আঁই আছুরিত ন জানি, এতেল্লে ফইরুত নামিত ন ফাইজ্জুম","আমি সাঁতার জানি না, সেজন্য পুকুরে নামতে পারব না"
"আঁই খিয়াল গইজ্জি, তুঁই হয়েকদিন ধরি মনমরা অই বই থেইক্কো","আমি খেয়াল করলাম, তুমি কয়েকদিন ধরে মনমরা হয়ে বসে আছো"
এই হর এগুন নতুন নাকি ফুরন?,এই কাপড়গুলো নতুন নাকি পুরাতন?
এই বিলেই ইবে একবার আঁর আম্মুরে হঁঅর দিয়্যিল,এই বিড়ালটা একবার আমার আম্মুকে কামড় দিয়েছিল
বাচি থাহিলি ইনশাআল্লাহ সামনুর বছর বিয়াজ্ঞুন মিলি যাইয়্যুম,বেঁচে থাকলে ইনশাআল্লাহ সামনের বছর সবাই মিলে যাব
বাচি থাহিলি ইনশাআল্লাহ সামনুর বছর বেজ্ঞুন মিলি যাইয়্যুম,বেঁচে থাকলে ইনশাআল্লাহ সামনের বছর সবাই মিলে যাব
তোঁয়ার রেজাল্ট ভালা অইয়্যি দেহি আঁর মনগানও ভালা অই গেইয়্যি,তোমার রেজাল্ট ভালো হয়েছে দেখে আমার মনটাও ভালো হয়ে গেছে
তোঁয়ার রেজাল্ট গম অইয়্যি দেহি আঁর মনগানও ভালা অই গেইয়্যি,তোমার রেজাল্ট ভালো হয়েছে দেখে আমার মনটাও ভালো হয়ে গেছে
তোঁয়ার লগে মামুন উরেও লই যও,তোমার সঙ্গে মামুনকেও নিয়ে যাও
"আকাশুত যে মৌলো অইয়্যি, দিন নাকি রাইত ইয়েনই বুঝা ন যার","আকাশে যে মেঘ হয়েছে, দিন নাকি রাত সেটাই বোঝা যাচ্ছে না"
গরমহালোত ডাবোর পানি হাইলি বৌত শান্তি লাগে,গরমকালে ডাবের পানি খেলে অনেক শান্তি লাগে
"আঁই তোঁয়ারে আটকাই রাইখতাম ন চাই, তোঁয়াত্তুন চলি যাইতু মন চাইলি চলি যাইত পারো","আমি তোমাকে আটকে রাখতে চাই না, তোমার চলে যেতে মন চাইলে চলে যেতে পার"
হালিয়ে রাতিয়ে এল্লেত জোরে টাডাল পইজ্জিল দে ঘুম ভাঙি গেইয়্যিল,কাল রাতে এত জোরে বজ্রপাত হয়েছিল যে ঘুম ভেঙে গিয়েছিল
হালিয়ে রাতিয়ে এতো জোরে টাডাল পইজ্জিল দে ঘুম ভাঙি গেইয়্যিল,কাল রাতে এত জোরে বজ্রপাত হয়েছিল যে ঘুম ভেঙে গিয়েছিল
গরম হমিলি তারপর হাট্টল হাইয়্যুম,গরম কমলে তারপর কাঁঠাল খাব
"এই উনো না, চো না আঁই কি গইজ্জি","এই শুনছো, দেখে যাও আমি কি করেছি"
আ'সতে আ'সতে আঁর পেট ব্যথা অই গেইয়্যি,হাসতে হাসতে আমার পেট ব্যথা হয়ে গেছে
জোয়ারুর পানি ঢুকি আঁর বিয়াক ক্ষেতি নষ্ট গরি দিয়্যি,জোয়ারের পানি ঢুকে আমার সব ক্ষেত নষ্ট করে দিল
"বৌতদিন ধরি ওষুধ হাইর, তাও গম ন লার","অনেকদিন ধরে ওষুধ খাচ্ছি, তাও ভালো লাগছে না"
"বৌতদিন ধরি ওষুধ হাইর, তাও ভালা ন লার","অনেকদিন ধরে ওষুধ খাচ্ছি, তাও ভালো লাগছে না"
"বৌতদিন ধরি ওষুধ হাইর, তাও গম ন লাগের","অনেকদিন ধরে ওষুধ খাচ্ছি, তাও ভালো লাগছে না"
"অঁনোরে বৌতদিন নো দেহি, এতোদিন হনডে আছিলেন?","আপনাকে অনেকদিন দেখিনায়, এতদিন কোথায় ছিলেন?"
"অঁনোরে বৌতদিন নো দেহি, এতোদিন হডে আছিলেন?","আপনাকে অনেকদিন দেখিনায়, এতদিন কোথায় ছিলেন?"
"আর দুদিন পর রমজান, এহনো রমজানুর বাজার গরা নো অয়","আর দুদিন পর রমজান, এখনো রমজানের বাজার করা হয় নাই"
"আর দুদিন পর রমজান, এইজু রমজানুর বাজার গরা নো অয়","আর দুদিন পর রমজান, এখনো রমজানের বাজার করা হয় নাই"
"তোরে বারবার হইলাম দে ছাতি ইয়েন লই বাইর ন অইস, এহন আঁর এল্লেত দামি ছাতিগান ভাঙি গেইয়্যি","তোকে বারবার বলেছি ছাতাটা নিয়ে বের হইস না, এখন আমার এত দামি ছাতাটা ভেঙে গেল"
"তোরে বারবার হইলাম দে ছাতি ইয়েন লই বাইর ন অইস, এহন আঁর এতো দামি ছাতিগান ভাঙি গেইয়্যি","তোকে বারবার বলেছি ছাতাটা নিয়ে বের হইস না, এখন আমার এত দামি ছাতাটা ভেঙে গেল"
আজিয়ে ফজরত আঁই ভাত ন হাইয়্যুম,আজকে সকালে আমি ভাত খাব না
আজিইয়্যে ফজরত আঁই ভাত ন হাইয়্যুম,আজকে সকালে আমি ভাত খাব না
"এক্কানা আ'সো, এত চিন্তে গরি কি অইবু? বিয়াক ঠিক আই যাইবু","একটু হাসো, এত চিন্তা করে কী হবে? সব ঠিক হয়ে যাবে"
"ইক্কিনি আ'সো, এত চিন্তে গরি কি অইবু? বিয়াক ঠিক আই যাইবু","একটু হাসো, এত চিন্তা করে কী হবে? সব ঠিক হয়ে যাবে"
আঁর মেইফুওয়ার স্কুলুর লাই উজ্ঞো ভালা মানুর ব্যাগ দেহাইত ফারিবেন?,আমার মেয়ের স্কুলের জন্য একটা ভালো মানের ব্যাগ দেখাতে পারবেন?
আঁর মেইফুওয়ার স্কুলুর লাই উজ্ঞো গম মানুর ব্যাগ দেহাইত ফারিবেন?,আমার মেয়ের স্কুলের জন্য একটা ভালো মানের ব্যাগ দেখাতে পারবেন?
"আঁর বুক জ্বলের, মনে অয় গ্যাস্ট্রিক বারি গেইয়্যি","আমার বুক জ্বালা করছে, মনে হয় গ্যাস্ট্রিক বেড়ে গেছে"
"বাইক এক্সিডেন্ট গরি এক সপ্তাহ ধরি হাসপাতালুর বেডুত শুই আছি, আঁর হনো বন্ধুই সাইতু ন আইয়্যি","বাইক এক্সিডেন্ট করে এক সপ্তাহ ধরে হাসপাতালের বেডে শুয়ে আছি, আমার কোনো বন্ধুই দেখতে আসল না"
"আজিয়ে যেহেতু দেরি অই গেইয়্যি, এতেল্লে আঁরা হালিয়ে বাইর অইয়্যুম","আজকে যেহেতু দেরি হয়ে গেছে, তাই আমরা আগামীকাল বের হব"
"আজিইয়্যে যেহেতু দেরি অই গেইয়্যি, এতেল্লে আঁরা হালিয়ে বাইর অইয়্যুম","আজকে যেহেতু দেরি হয়ে গেছে, তাই আমরা আগামীকাল বের হব"
"আম্মু, রাস্তা দি আইবের সমত এক্কান ৫০০ টিয়ার নোট তোওয়াই ফাই","মা, রাস্তা দিয়ে আসার সময় একটা ৫০০ টাকার নোট খুঁজে পেয়েছি"
"ক্ষেতির ফসল এগিন পাগি গেইয়্যি, এবার কিছু কৃষক লই আইয়্যো","ক্ষেতের ফসলগুলো পেকে গেছে, এবার কিছু কৃষক নিয়ে এসো"
"আরাদিন অফিস গরি আইলাম, আঁর লাই এক হাপ কফি বানাই লই আইয়্যো","সারাদিন অফিস করে আসলাম, আমার জন্য এক কাপ কফি বানিয়ে নিয়ে এসো"
"ফুরোদিন অফিস গরি আইলাম, আঁর লাই এক হাপ কফি বানাই লই আইয়্যো","সারাদিন অফিস করে আসলাম, আমার জন্য এক কাপ কফি বানিয়ে নিয়ে এসো"
"আঁর দাদার বারি নোয়াহালী, এবার ঈদুত আঁরা এনডে যাইয়্যুম","আমার দাদার বাড়ি নোয়াখালী, এবার ঈদে আমরা সেখানে যাব"
"আসসালামু আলাইকুম স্যার, অঁনে কেন আছন?","আসসালামু আলাইকুম স্যার, আপনি কেমন আছেন?"
বাকি হাম এগিন হালিয়ে চাইয়্যুম,বাকি কাজগুলো আগামীকাল দেখব
বাকি হাজ এগিন হালিয়ে চাইয়্যুম,বাকি কাজগুলো আগামীকাল দেখব
গুরো বাইচ্চে ইবে আঁর গা'আর উদ্দি পেশাব গরি দিইয়্যি,ছোট বাচ্চাটা আমার গায়ের ওপর প্রস্রাব করে দিয়েছে
বাজারোর লিস্ট আগেত্তোন তৈরি ন গরিলি বৌত সময় দরহারি জিনিস কিনতে ভুলি যায়,বাজারের তালিকা আগে থেকে তৈরি না করলে অনেক সময় দরকারি জিনিস কিনতে ভুলে যায়
যাদু গরি আঁর সংসার ইয়েন শেষ গরি দিইয়্যি,যাদু করে আমার সংসারটা শেষ করে দিছে
"আঁর মাথা এহন গরম, তোঁয়ার লগে পরে হতা হইয়্যুম","আমার মাথা এখন গরম, তোমার সাথে পরে কথা বলব"
"আঁর মাথা এহন গরম, তোঁয়ার ওয়ারে পরে হতা হইয়্যুম","আমার মাথা এখন গরম, তোমার সাথে পরে কথা বলব"
"আঁর মাথা এহন গরম, তোঁয়ার ফুয়ারে পরে হতা হইয়্যুম","আমার মাথা এখন গরম, তোমার সাথে পরে কথা বলব"
"আঁর মাথা এহন গরম, তোঁয়ার লগে পরে হথা হইয়্যুম","আমার মাথা এখন গরম, তোমার সাথে পরে কথা বলব"
"একদাম ৫০০ টিয়া রাইক্কুম, ইয়াত্তুন হমাইত ন ফাইজ্জুম","একদাম ৫০০ টাকা রাখব, এর থেকে কমাতে পারব না"
"আফা তারা ইক্কে আইয়্যুন, ভালা হর বিয়াজ্ঞিন ইনদি","আপুরা এইদিকে আসেন, ভালো কাপড় সবগুলো এইদিকে"
"আফা তারা ইক্কে আইয়্যুন, গম হর বিয়াজ্ঞিন ইনদি","আপুরা এইদিকে আসেন, ভালো কাপড় সবগুলো এইদিকে"
তোর বাফুরে ফোন গরি হ হারা চলি আইসতু,তোর বাবাকে ফোন করে বল তাড়াতাড়ি চলে আসতে
আঁরা যেরহম মনে গইজ্জিলাম ইয়েন ইয়াত্তুনও বৌত বেশি দুরে,আমরা যতটা মনে করেছিলাম এটা তার থেকেও অনেক বেশি দূরে
আঁই ঘুম যাইবের আগে ব্রাশ দি দাত মাজি,আমি ঘুমানোর আগে ব্রাশ দিয়ে দাঁত মাজি
উইন্নিলাম তুঁই নাকি ওমরাহ গইত্তো সৌদি আরবুত যার?,শুনলাম তুমি নাকি ওমরাহ করতে সৌদি আরবে যাচ্ছ?
আজিয়ে অ্যাসাইনমেন্ট জমা দিবের শেষ দিন,আজ অ্যাসাইনমেন্ট জমা দেওয়ার শেষ দিন
"আঁই নৌকোত চরিত ন ফাইজ্জুম, আত্তুন ডর লাগে","আমি নৌকায় চড়তে পারব না, আমার ভয় লাগে"
"কি লেবুর শরবৌত হইয়্যুম, বাজারুত লেবুর যে দাম!","কি লেবুর শরবৌত খাবো, বাজারে লেবুর যে দাম!"
এত্ত বরো উডোনোত ঝারু দন বৌত হষ্ট,এত বড় উঠানে ঝাড়ু দেওয়া অনেক কষ্টকর
এন গরি আস্তে আস্তে হাম গরিলি ফুরোদিন চলি যাইবু,এভাবে আস্তে আস্তে কাজ করলে সারাদিন চলে যাবে
এন গরি আস্তে আস্তে হাজ গরিলি ফুরোদিন চলি যাইবু,এভাবে আস্তে আস্তে কাজ করলে সারাদিন চলে যাবে
এন গরি আস্তে আস্তে হাম গরিলি আরাদিন চলি যাইবু,এভাবে আস্তে আস্তে কাজ করলে সারাদিন চলে যাবে
ফোওয়াত্তে উডি ওজু গরি ফজরুর নামাজ পরি রাস্তাত এক্কানা আডিলি মন এব্বেরে ভালা অই যায়,ভোরে উঠে অজু করে ফজরের নামাজ পড়ে রাস্তায় একটু হাঁটলে মন একদম ভালো হয়ে যায়
ফোওয়াত্তে উডি ওজু গরি ফজরুর নামাজ পরি রাস্তাত এক্কানা আডিলি মন এব্বেরে গম অই যায়,ভোরে উঠে অজু করে ফজরের নামাজ পড়ে রাস্তায় একটু হাঁটলে মন একদম ভালো হয়ে যায়
ফোওয়াত্তে উডি ওজু গরি ফজরুর নামাজ পরি রাস্তাত ইক্কিনি আডিলি মন এব্বেরে ভালা অই যায়,ভোরে উঠে অজু করে ফজরের নামাজ পড়ে রাস্তায় একটু হাঁটলে মন একদম ভালো হয়ে যায়
"আঁরার বারিত্তুন স্কুলুত যাইবের রাস্তা ইবে মেডির, যার হারনে বর্ষাহালে স্কুলুত যাইতে বৌত হষ্ট অয়","আমাদের বাড়ি থেকে স্কুলে যাওয়ার রাস্তাটা মাটির, যার কারণে বর্ষাকালে স্কুলে যেতে অনেক কষ্ট হয়"
আঁই মনে গইজ্জিলাম আজিয়ে গারি ন চলিবু,আমি মনে করেছিলাম আজকে গাড়ি চলবে না
আঁই মনে গইজ্জিলাম আজিইয়্যে গারি ন চলিবু,আমি মনে করেছিলাম আজকে গাড়ি চলবে না
আতুত্তুন ফরি হাপ ইবে ভাঙি গেইয়্যি,হাত থেকে পড়ে কাপটা ভেঙে গেল
"অঁনে এক্কানা শান্ত অন, বাস ১০ মিনিটুর মধ্যে ছারি দিবু","আপনি একটু শান্ত হন, বাস ১০ মিনিটের মধ্যে ছেড়ে দেবে"
"অঁনে ইক্কিনি শান্ত অন, বাস ১০ মিনিটুর মধ্যে ছারি দিবু","আপনি একটু শান্ত হন, বাস ১০ মিনিটের মধ্যে ছেড়ে দেবে"
"গুস্ত বেশি ন লইস, উদ্দিত্তুন এক্কানা গরি ল","মাংস বেশি নিস না, ওপর থেকে অল্প নে"
আরাদিন অফিসুত হাজ গরি বারি ফিরিলি শরীল আর চইলতো ন চায়,সারাদিন অফিসে কাজ করে বাড়ি ফিরলে শরীর আর চলতে চায় না
আরাদিন অফিসুত হাম গরি বারি ফিরিলি শরীল আর চইলতো ন চায়,সারাদিন অফিসে কাজ করে বাড়ি ফিরলে শরীর আর চলতে চায় না
ফুরোদিন অফিসুত হাজ গরি বারি ফিরিলি শরীল আর চইলতো ন চায়,সারাদিন অফিসে কাজ করে বাড়ি ফিরলে শরীর আর চলতে চায় না
আরাদিন অফিসুত হাজ গরি বারি ফিরিলি শরীর আর চইলতো ন চায়,সারাদিন অফিসে কাজ করে বাড়ি ফিরলে শরীর আর চলতে চায় না
"ইয়েন গরন একদম ঠিক ন অইবু, তুঁই আরেকবার চিন্তে গরি সো","এটা করা একদম ঠিক হবে না, তুমি আরেকবার চিন্তা করে দেখো"
"টিয়া বেশি ন লাগিবু, আঁরা বেশি দুরে ন যাইয়্যুম","টাকা বেশি লাগবেনা, আমরা বেশি দুরে যাব না"
মাছ কিনিলি অবশ্যই আইবের সমত হাডি লই আইবেন,মাছ কিনলে অবশ্যই আসার সময় কেটে নিয়ে আসবেন
আম্মু হদ্দে তুরে আর আন্টি রে একদিন বেরাইতো আইবের লাই,আম্মু বলছে তোকে আর আন্টিকে একদিন বেড়াতে আসতে
অঁনে তো আত্তুন ও অঁনোর মেইফুওয়ারেই বেশি দেইত ফারন,আপনি তো আমার থেকেও আপনার মেয়েকেই বেশি দেখতে পারেন
তুই আঁর চঅর অইয়্যিরে আঁর মুখুর উদ্দি হতা হস!,তুই আমার চাকর হয়ে আমার মুখের ওপর কথা বলিস!
তুই আঁর চঅর অইয়্যিরে আঁর মুখুর উদ্দি হথা হস!,তুই আমার চাকর হয়ে আমার মুখের ওপর কথা বলিস!
সামনুর সপ্তাত কক্সবাজার বেরাইতাম যাইয়্যুম,সামনের সপ্তাহে কক্সবাজার বেড়াতে যাব
পরিচিত হইলি অঁনেরা আরো দাম বেশি রাহন,পরিচিত বললে আপনারা আরো দাম বেশি রাখেন
"আঁর লাই যে পিডেগিন বানাইয়্যুন, এগিন ফ্রিজুত রাহি দন","আমার জন্য যে পিঠাগুলো বানিয়েছেন, সেগুলো ফ্রিজে রেখে দেন"
আঁর পরিবার আঁর মিক্কে চাই থেইক্কি,আমার পরিবার আমার দিকে তাকিয়ে আছে
ল্যাপটপুর লগে গ্যারান্টি কার্ড ইয়েনও দি দন,ল্যাপটপের সাথে গ্যারান্টি কার্ডটাও দিয়ে দেন
ল্যাপটপুর ওয়ারে গ্যারান্টি কার্ড ইয়েনও দি দন,ল্যাপটপের সাথে গ্যারান্টি কার্ডটাও দিয়ে দেন
ল্যাপটপুর ফুয়ারে গ্যারান্টি কার্ড ইয়েনও দি দন,ল্যাপটপের সাথে গ্যারান্টি কার্ডটাও দিয়ে দেন
"কি হর দিয়্যুন বদ্দা, একবার ধু'অনুর পর রঙ উডি গেইয়্যি","কি কাপড় দিছেন ভাই, একবার ধোয়ার পর রঙ উঠে গেছে"
"আঁরার বাসাত বরো টিভি আছে, বিয়াজ্ঞুন একলগে খেলা চাইয়্যুম","আমাদের বাসায় একটা বড় টিভি আছে, সবাই একসঙ্গে খেলা দেখব"
"আঁরার বাসাত বরো টিভি আছে, বেজ্ঞুন একলগে খেলা চাইয়্যুম","আমাদের বাসায় একটা বড় টিভি আছে, সবাই একসঙ্গে খেলা দেখব"
"আঁরার বাসাত বরো টিভি আছে, বিয়াজ্ঞুন এক্কোত্তরে খেলা চাইয়্যুম","আমাদের বাসায় একটা বড় টিভি আছে, সবাই একসঙ্গে খেলা দেখব"
"আঁরার বাসাত বরো টিভি আছে, বিয়াজ্ঞুন এক্কোওয়ারে খেলা চাইয়্যুম","আমাদের বাসায় একটা বড় টিভি আছে, সবাই একসঙ্গে খেলা দেখব"
"আঁরার বাসাত বরো টিভি আছে, বিয়াজ্ঞুন এক্কোফুয়ারে খেলা চাইয়্যুম","আমাদের বাসায় একটা বড় টিভি আছে, সবাই একসঙ্গে খেলা দেখব"
"বল আস্তে মারিস, আঁর টেং উত বৌত ব্যথা","বল আস্তে মারিস, আমার পায়ে অনেক ব্যথা"
আজিয়ে রিয়াল মাদ্রিদুর খেলা আছে রাতিয়ে,আজ রিয়াল মাদ্রিদের খেলা আছে রাতে
গুরো থাকতে আল্লাহর হাছে দোয়া গইত্তাম যেন বন্যা আই স্কুল ডুফোই দেই,"ছোটবেলায় আল্লাহর কাছে দোয়া করতাম, যেন বন্যা এসে স্কুল ডুবিয়ে দেয়"
"আত্তুন নাস্তা গরিবের সময় নেই, তুঁই নাস্তা এগিন উজ্ঞো টিফিন গরি দি দও","আমার নাস্তা করার সময় নেই, তুমি নাস্তাগুলো একটা টিফিনে করে দিয়ে দাও"
তুঁই যেহনোভাবে আজিয়ের মধ্যেই হাগজুত সই গরি লও,তুমি যেকোনোভাবে আজকের মধ্যেই কাগজে সই করে নাও
আঁরা নতুন ব্রিজ দি ন যাই টানেল দি যাইয়্যুম,আমরা নতুন ব্রিজ দিয়ে না গিয়ে টানেল দিয়ে যাব
"আফিসুর নতুন কলিগ ইবে বৌত মিশুক, বিয়াজ্ঞুনুর লগে বৌত তারাতারি মিশি যার","অফিসের নতুন কলিগটা অনেক মিশুক, সবার সঙ্গে খুব তাড়াতাড়ি মিশে যাচ্ছে"
"ম্যাম, আঁর মা অসুস্থ, এতেল্লে গত হালিয়ে আইত ন পারি","ম্যাম, আমার মা অসুস্থ, তাই গতকাল আসতে পারিনি"
"আঁরার বাস সামনুর মসইদুত হতক্ষন থিয়েইবু, যারা নামাজ ফইত্তু চন ইতারা ফরি ফেলাইত ফারিবে","আমাদের বাস সামনের মসজিদে কিছুক্ষণ থামবে, যারা নামাজ পড়তে চান তারা পড়ে ফেলতে পারেন"
"জুতা এগিন যদি ন ফরুস, তইলি কিয়ারে দিই ফেলাইত ন ফারুস?","জুতা গুলো যদি না পরিস, তাহলে কাউকে দিয়ে দিতে পারিস না?"
"আত্তুন হাম আছে, আঁই এহন গরিত ন পাইজ্জুম","আমার কাজ আছে, আমি এখন করতে পারব না"
"আত্তুন হাজ আছে, আঁই এহন গরিত ন পাইজ্জুম","আমার কাজ আছে, আমি এখন করতে পারব না"
সেন্ট মার্টিন যাইবের লাই টেকনাফ উত্তুন জাচ বেইন্নে হত্তে চারে?,সেন্ট মার্টিন যাওয়ার জন্য টেকনাফ থেকে জাহাজ সকালে কখন ছাড়ে?
সেন্ট মার্টিন যাইবের লাই টেকনাফ উত্তুন জাচ ফজোরত হত্তে চারে?,সেন্ট মার্টিন যাওয়ার জন্য টেকনাফ থেকে জাহাজ সকালে কখন ছাড়ে?
এই ঈদুত আঁরা বিয়াক বন্ধু একি রহম পাঞ্জাবি লই,এই ঈদে আমরা সব বন্ধুরা একরকম পাঞ্জাবি নিয়েছি
"কিরে, তুই কি এহনো ঘুমুত্তুন নো উডিবি?","কিরে, তুই কি এখনো ঘুম থেকে উঠবি না?"
"কিরে, তুই কি এইজু ঘুমুত্তুন নো উডিবি?","কিরে, তুই কি এখনো ঘুম থেকে উঠবি না?"
রক্তোর সম্পর্কর টান বিয়াজ্ঞুনুত্তুন বেশি অয়,রক্তের সম্পর্কের টান সবচেয়ে বেশি হয়
"পরীক্ষে উজ্ঞো হারাপ অইয়্যি তো কি অইয়্যি, সামনুর এগুন ভালা গরি দও","পরীক্ষা একটা খারাপ হয়েছে তো কী হয়েছে, সামনেরগুলো ভালো করে দাও"
"পরীক্ষে উজ্ঞো হারাপ অইয়্যি তো কি অইয়্যি, সামনুর এগুন গম গরি দও","পরীক্ষা একটা খারাপ হয়েছে তো কী হয়েছে, সামনেরগুলো ভালো করে দাও"
অঁনে কি আঁর হতা উইনতে লাইজ্ঞুন?,আপনি কি আমার কথা শুনছেন?
অঁনে কি আঁর হথা উইনতে লাইজ্ঞুন?,আপনি কি আমার কথা শুনছেন?
"তুই এব্বেরে আঁরে ভুলি গেইয়্যুস, উজ্ঞো কল পর্যন্ত নো দস","তুই একদম আমাকে ভুলে গেছিস, একটা কল পর্যন্ত দেস না"
"তুঁই যদি এহেল্লে যও, তইলি রাতিয়ের বাসুত ন যাইয়্যু","তুমি যদি একা যাও, তাহলে রাতের বাসে যেও না"
আত্তুন একবার লইলি বারবার লইতু মন চাইবু,আমার থেকে একবার নিলে বারবার নিতে মন চাইবে
এত চিন্তে গরিলি মাথাত চুল যা আছে বিয়াক পরি যাইবু,এত চিন্তা করলে মাথার চুল যা আছে সব পড়ে যাবে
বেশি যারগই ন গরি ফেন ইবে পরি লও,বেশি দুষ্টামি না করে প্যান্টটা পরে নাও
"আত্তুন বুমি আইবু মনে অর, তোর হাছে আচার আছে?","আমার বমি আসবে মনে হচ্ছে, তোর কাছে আচার আছে?"
আত্তুন যহন মন হারাপ থাহে তহন আঁই উডোনোত ফইরোর পাশে বই থাহি,আমার যখন মন খারাপ থাকে তখন আমি উঠোনে পুকুরের পাশে বসে থাকি
আত্তুন যহন মন হারাপ থাহে তহন আঁই উডোনোত ফইরোর ডাহে বই থাহি,আমার যখন মন খারাপ থাকে তখন আমি উঠোনে পুকুরের পাশে বসে থাকি
"আঁই তোওয়াই ফাই, তোঁয়াত্তুন আর তোওয়ান ফইত্তু নো","আমি খুঁজে পেয়েছি, তোমাকে আর খুঁজতে হবে না"
"আইচ্ছে ঠিক আছে, এগিন লই রে আঁই তুর লগে তর্ক গইত্তাম ন চায়","আচ্ছা ঠিক আছে, এসব নিয়ে আমি তোর সাথে তর্ক করতে চায় না"
"আইচ্ছে ঠিক আছে, এগিন লই রে আঁই তুর ওয়ারে তর্ক গইত্তাম ন চায়","আচ্ছা ঠিক আছে, এসব নিয়ে আমি তোর সাথে তর্ক করতে চায় না"
"আইচ্ছে ঠিক আছে, এগিন লই রে আঁই তুর ফুয়ারে তর্ক গইত্তাম ন চায়","আচ্ছা ঠিক আছে, এসব নিয়ে আমি তোর সাথে তর্ক করতে চায় না"
তোঁয়ার ভাইরে হইয়্যো আঁরে কিছু টিয়া উধোর দিতো,তোমার ভাইকে বলিও আমাকে কিছু টাকা ধার দিতে
"অন্য কিয়াই অইলি ১০০০ টিয়া হইতাম, অঁনোরে দেহি হম হইলাম","অন্য কেউ হলে ১০০০ টাকা বলতাম, আপনাকে দেখে কম বললাম"
"গ্যাস শেষ অই গেইয়্যি, এতেল্লে এহন মেডির চুলোত রান্না গরন ফরিবু","গ্যাস শেষ হয়ে গেছে, তাই এখন মাটির চুলায় রান্না করতে হবে"
"তোর হাস্তা-হাসিলত আত্তুন গম ন লার, দিন দিন হারাফ অই যর","তোর স্বভাব-চরিত্র আমার ভালো লাগছে না, দিন দিন খারাপ হয়ে যাচ্ছিস"
"তোর হাস্তা-হাসিলত আত্তুন ভালা ন লার, দিন দিন হারাফ অই যর","তোর স্বভাব-চরিত্র আমার ভালো লাগছে না, দিন দিন খারাপ হয়ে যাচ্ছিস"
ফুটবলুত রোনালদোর বৌত ভক্ত আছে,ফুটবলে রোনালদোর অনেক ভক্ত আছে
আরাদিন কম্পিউটারোত বই বই কি গরো?,সারাদিন কম্পিউটারে বসে বসে কী করো?
ফুরোদিন কম্পিউটারোত বই বই কি গরো?,সারাদিন কম্পিউটারে বসে বসে কী করো?
মাইর হাইতু ন চাইলি রাতিয়ে হারা ঘুমাই যাইস,মার খেতে না চাইলে রাতে জলদি ঘুমিয়ে যাস
মাইর হাইতু ন চাইলি রাতিয়ে তারাতারি ঘুমাই যাইস,মার খেতে না চাইলে রাতে জলদি ঘুমিয়ে যাস
মাইর হাইতু ন চাইলি রাতিয়ে জলদি ঘুমাই যাইস,মার খেতে না চাইলে রাতে জলদি ঘুমিয়ে যাস
বিশ্ববিদ্যালয় উত পরে মানি মেইফুওয়া বৌত বরো অই গেইয়্যি,বিশ্ববিদ্যালয়ে পড়ে মানে মেয়ে অনেক বড় হয়ে গেছে
তোর লাই মেইফুওয়া তোওয়াতে তোওয়াতে আঁরা বিয়াজ্ঞুন বিরক্ত অই গেই,তোর জন্য মেয়ে খুঁজতে খুঁজতে আমরা সবাই বিরক্ত হয়ে গেছি
তোর লাই মেইফুওয়া তোওয়াতে তোওয়াতে আঁরা বেজ্ঞুন বিরক্ত অই গেই,তোর জন্য মেয়ে খুঁজতে খুঁজতে আমরা সবাই বিরক্ত হয়ে গেছি
মানুষ বলে দাত থাইকতে দাতোর মুইল্য ন বুঝে,মানুষ নাকি দাঁত থাকতে দাঁতের মর্যাদা বুঝে না
ঢাহাত যায় রে তো আঁরারে ভুলি গেইয়্যুস,ঢাকায় গিয়ে তো আমাদেরকে ভুলে গেছিস
রাস্তাত জ্যাম অইলি পাঠাও গরি চলি আইয়্যু,রাস্তায় জ্যাম হলে পাঠাও করে চলে আসো
"স্যার, আঁই কি আইত পারি?","স্যার, আমি কি আসতে পারি?"
ভুল কি আঁই এহেল্লে গইজ্জি?,ভুল কি আমি একা করেছি?
অঁনে হনো চিন্তে নগইজ্জোন,আপনি কোন চিন্তা করিয়েন না
"ইতারা যতই চেষ্টা গরক না কেন, আঁরা ন থাইম্মুম","তারা যতই চেষ্টা করুক না কেন, আমরা থামব না"
"বদ্দা, গারি অন্য রাস্তা দি লই যন, উইন্নি এই রাস্তাত নাকি চোর-ডাহাইতুর ডর আছে","ভাই, গাড়ি অন্য রাস্তা দিয়ে নিয়ে যান, শুনেছি এই রাস্তায় নাকি চোর-ডাকাতের ভয় আছে"
"কিরে, কেন অইয়্যিদে তোঁয়াত্তন! তুঁই কি আঁর হনো হতাত গুসসা অইয়্যু?","কিরে, কী হয়েছে তোমার! তুমি কি আমার কোনো কথায় রাগ করেছো?"
তুই তো দেহির আঁরার গণিত স্যারোর মতন বন্যার মধ্যেও ক্লাসুত চলি আইসসুছ,তুই তো দেখছি আমাদের গণিত স্যারের মতো বন্যার মধ্যেও ক্লাসে চলে আসছিস
বাংলাদেশুত বৌত আর্জেন্টিনার সাপোর্টার আছে,বাংলাদেশ অনেক আর্জেন্টিনার সাপোর্টার আছে
"এগুন ব্যবসার টিয়া ভাই, এগুন উধোর দিত পাইত্তাম ন","এগুলো ব্যবসার টাকা ভাই, এগুলো ধার দিতে পারব না"
"তোরে হইলাম দে জিনিস হম আনিবের লাই, এহন এল্লেত ভারী ব্যাগ লই ফা'রুত উইট্টুম কেনে?","তোকে বলেছিলাম জিনিস কম আনতে, এখন এত ভারী ব্যাগ নিয়ে পাহাড়ে উঠব কীভাবে?"
"তোরে হইলাম দে জিনিস হম আনিবের লাই, এহন এতো ভারী ব্যাগ লই ফা'রুত উইট্টুম কেনে?","তোকে বলেছিলাম জিনিস কম আনতে, এখন এত ভারী ব্যাগ নিয়ে পাহাড়ে উঠব কীভাবে?"
শরৎহালে আকাশুত সাদা মৌলোর ভেলা দেহি মন ভালা অই যায়,শরৎকালের আকাশে সাদা মেঘের ভেলা দেখে মন ভালো হয়ে যায়
শরৎহালে আকাশুত সাদা মৌলোর ভেলা দেহি মন গম অই যায়,শরৎকালের আকাশে সাদা মেঘের ভেলা দেখে মন ভালো হয়ে যায়
"ওনদি অইন লেইজ্ঞি মনে অয়, বৌত ধুওয়ো উডের","ওইদিকে আগুন লেগেছে মনে হয়, অনেক ধোঁয়া উঠছে"
"তুঁই ঘুমাইতো যও, আজিয়ে আঁই সাফ গরি দির","তুমি ঘুমাতে যাও, আজকে আমি পরিষ্কার করে দিচ্ছি"
"তুঁই ঘুমাইতো যও, আজিইয়্যে আঁই সাফ গরি দির","তুমি ঘুমাতে যাও, আজকে আমি পরিষ্কার করে দিচ্ছি"
"তুঁই ঘুমাইতো যও, আজিয়ে আঁই পরিষ্কার গরি দির","তুমি ঘুমাতে যাও, আজকে আমি পরিষ্কার করে দিচ্ছি"
হাম ন অইলি টিয়া ফেরত দিয়্যুম,কাজ না হলে টাকা ফেরত দিব
হাজ ন অইলি টিয়া ফেরত দিয়্যুম,কাজ না হলে টাকা ফেরত দিব
আঁরা বৌত মানা গরনুর পরও ড্রাইভার গারি স্লো ন গরে,আমরা অনেক মানা করার পরও ড্রাইভার গাড়ি স্লো করেনি
"সমস্যা নাই, আঁই তোঁয়ার লাই অপেক্ষা গইজ্জুম","সমস্যা নাই, আমি তোমার জন্য অপেক্ষা করব"
"আরাত্তুন আগুত্তোন হোটেল বুক গরি ফেলন ফরিবু, নইলি এনডে যাই ঝামিলেত ফরি যাইয়্যুম","আমাদের আগে থেকে হোটেল বুক করে ফেলতে হবে, না হলে ওখানে গিয়ে ঝামেলায় পড়ে যাব"
হুয়া এত বেশি দে সামনে কি আছে কি আছে কিছু বুঝা ন যার,কুয়াশা এত বেশি যে সামনে কী আছে কিছু বোঝা যাচ্ছে না
"কিরে, তোর গা'আত্তুন এল্লেত গন্ধ কা বাইর অর?","কিরে, তোর শরীর থেকে এত গন্ধ বের হচ্ছে কেন?"
"কিরে, তোর গা'আত্তুন এতো গন্ধ কা বাইর অর?","কিরে, তোর শরীর থেকে এত গন্ধ বের হচ্ছে কেন?"
"চনাড্ডেইল আর ন আইন্নো, হাইয়্যিরে আঁর পেট হারাফ অই গেইয়্যি","ছোলার ডাল আর আনিও না, খেয়ে আমার পেট খারাপ হয়ে গেছে"
কেন আছোস বন্ধু? ঢাহাত্তুন হত্তে আইস্যুস?,কেমন আছিস বন্ধু? ঢাকা থেকে কখন আসছোস?
ঘরুত শান্তি ন থাহিলি কি আর হনো কিছু ভালা লাগে?,ঘরে শান্তি না থাকলে কি আর কোনো কিছু ভালো লাগে?
ঘরুত শান্তি ন থাহিলি কি আর হনো কিছু গম লাগে?,ঘরে শান্তি না থাকলে কি আর কোনো কিছু ভালো লাগে?
"বাসুত ঘুম যন ভালা ন, টিয়া-ফুইশে আর ব্যাগ চুরি অই যাইত পারে","বাসে ঘুমানো ভালো না, টাকা-পয়সা আর ব্যাগ চুরি হয়ে যেতে পারে"
"বাসুত ঘুম যন গম ন, টিয়া-ফুইশে আর ব্যাগ চুরি অই যাইত পারে","বাসে ঘুমানো ভালো না, টাকা-পয়সা আর ব্যাগ চুরি হয়ে যেতে পারে"
সিএনজি লই মুরাদপুর উত্তুন নিউ মার্কেটুত গেলি ভারা হতো ফরিবু?,সিএনজি নিয়ে মুরাদপুর থেকে নিউ মার্কেটে গেলে ভাড়া কত পড়বে?
তোর বাফ বলে আরেকগো বিয়ে গইজ্জি? ঘটনা ইয়েন কি সত্যি?,তোর বাবা নাকি আরেকটা বিয়ে করছেন? ঘটনাটা কি সত্যি?
"এবার ঈদুর বাজার জহুর মার্কেটুত্তুন গইজ্জুম, এনডে জিনিস এক্কানা অস্তা দামে পা যায়","এবার ঈদের বাজার জহুর মার্কেট থেকে করব, ওখানে জিনিস একটু সস্তা দামে পাওয়া যায়"
"এবার ঈদুর বাজার জহুর মার্কেটুত্তুন গইজ্জুম, এনডে জিনিস ইক্কিনি অস্তা দামে পা যায়","এবার ঈদের বাজার জহুর মার্কেট থেকে করব, ওখানে জিনিস একটু সস্তা দামে পাওয়া যায়"
আরাদিন বন্ধু অক্কলোর লগে ঘুরাঘুরি গরিলি পরালেহা হত্তে গরিবে?,সারাদিন বন্ধুদের সাথে ঘুরাঘুরি করলে পড়ালেখা কখন করবে?
আরাদিন বন্ধু অক্কলোর ওয়ারে ঘুরাঘুরি গরিলি পরালেহা হত্তে গরিবে?,সারাদিন বন্ধুদের সাথে ঘুরাঘুরি করলে পড়ালেখা কখন করবে?
আরাদিন বন্ধু অক্কলোর ফুয়ারে ঘুরাঘুরি গরিলি পরালেহা হত্তে গরিবে?,সারাদিন বন্ধুদের সাথে ঘুরাঘুরি করলে পড়ালেখা কখন করবে?
ফুরোদিন বন্ধু অক্কলোর লগে ঘুরাঘুরি গরিলি পরালেহা হত্তে গরিবে?,সারাদিন বন্ধুদের সাথে ঘুরাঘুরি করলে পড়ালেখা কখন করবে?
"অঁনে যে দাম হইয়্যুন, আঁর মুখুদ্দি তো আর হতা বাইর ন অর","আপনি যে দাম বলেছেন, আমার মুখ দিয়ে তো আর কথা বের হচ্ছে না"
"অঁনে যে দাম হইয়্যুন, আঁর মুখুদ্দি তো আর হথা বাইর ন অর","আপনি যে দাম বলেছেন, আমার মুখ দিয়ে তো আর কথা বের হচ্ছে না"
"ইয়েন আঁর বন্ধুর দোয়ান, বিয়াজ্ঞুন এত্তুন বাজার গরিস","এটা আমার বন্ধুর দোকান, সবাই এখান থেকে বাজার করিস"
"ইয়েন আঁর বন্ধুর দোয়ান, বেজ্ঞুন এত্তুন বাজার গরিস","এটা আমার বন্ধুর দোকান, সবাই এখান থেকে বাজার করিস"
অঁনোরার অনলাইন শ'পুত অর্ডার গইজ্জিলাম কিন্তু তিন দিন পরও ডেলিভারি ন পাই,আপনাদের অনলাইন শপে অর্ডার করেছিলাম কিন্তু তিন দিন পরেও ডেলিভারি পাইনি
জুতা এগিন ফাফোসুর উদ্দি রাহো,জুতাগুলো পাপোসের উপর রাখো
"কিছুদিন হর ধুঅন ন পরে, এতেল্লে গা'আর ব্যথা এক্কানা হইম্মি","কিছুদিন কাপড় ধুতে হয়নি, তাই গায়ের ব্যথা একটু কমেছে"
"কিছুদিন হর ধুঅন ন পরে, এতেল্লে গা'আর ব্যথা ইক্কিনি হইম্মি","কিছুদিন কাপড় ধুতে হয়নি, তাই গায়ের ব্যথা একটু কমেছে"
হাস্তা হাসিলত তো বিয়াক তুর ভাইয়ুর মতন অইয়্যি,স্বভাব চরিত্র তো সব তোর ভাইয়ের মতো হয়েছে
আজিয়ে নিউ মার্কেটুত্তুন উজ্ঞো পাঞ্জাবি কিন্নি,আজকে নিউ মার্কেট থেকে একটা পাঞ্জাবি কিনেছি
আজিইয়্যে নিউ মার্কেটুত্তুন উজ্ঞো পাঞ্জাবি কিন্নি,আজকে নিউ মার্কেট থেকে একটা পাঞ্জাবি কিনেছি
"হালিয়েত্তুন অরতাল, এতেল্লে গারি ন চলিবু","আগামীকাল থেকে হরতাল, সেজন্য গাড়ি চলবে না"
"কুত্তো ইবে বত দূরিত পারে, বিয়াজ্ঞুনুর আগে চলি যাইবু ইবে","কুকুর এটা অনেক দৌড়াতে পারে, সবার আগে চলে যাবে এটা"
"আফা, আঁর চুলগিন এক্কানা বাধি দও না","আপু, আমার চুলটা একটু বেঁধে দাও না"
"আফা, আঁর চুলগিন ইক্কিনি বাধি দও না","আপু, আমার চুলটা একটু বেঁধে দাও না"
ফা'রুত বেশি উরে উডন ঠিক ন অইবু,পাহাড়ে বেশি ওপরে ওঠা ঠিক হবে না
"খেলাত হার-জিত থাহে, তাই বলি মন হারাপ গরি থাহিবে?","খেলায় হার-জিত থাকে, তাই বলে মন খারাপ করে থাকবে?"
তার হথা মনত ফরিলি আঁর বুক ইয়েন একদম ভারী অই যায়,তার কথা মনে পড়লে আমার বুকটা একদম ভারী হয়ে যায়
তার হতা মনত ফরিলি আঁর বুক ইয়েন একদম ভারী অই যায়,তার কথা মনে পড়লে আমার বুকটা একদম ভারী হয়ে যায়
"আঁর বারি পাশুর গ্রামুত, আঁই মনজুর ভাইয়্যুর লগে দেহা গইত্তাম আইসসি","আমার বাড়ি পাশের গ্রামে, আমি মনজুর ভাইয়ের সঙ্গে দেখা করতে এসেছি"
"দোয়ান আরেক্কান উত চাইলাম দাম বৌত হম, তুঁই এল্লেত বেশি কা লর?","দোকান আরেকটায় দেখেছি দাম অনেক কম, তুমি এত বেশি কেন নিচ্ছো?"
"দোয়ান আরেক্কান উত চাইলাম দাম বৌত হম, তুঁই এতো বেশি কা লর?","দোকান আরেকটায় দেখেছি দাম অনেক কম, তুমি এত বেশি কেন নিচ্ছো?"
"লোকাল বাসুত উডিলি এই সমস্যা, জাগাত জাগাত থিয়েই থাহে","লোকাল বাসে উঠলে এই সমস্যা, জায়গায় জায়গায় দাঁড়িয়ে থাকে"
"আঁর এগিন একদম টাটকা সবজি, এক্কানা আগেই ক্ষেতিত্তুন এইন্নি","আমারগুলো একদম টাটকা সবজি, কিছুক্ষণ আগেই ক্ষেত থেকে এনেছি"
এই গরোমর দিনোত বেশি গরি পানি হন আর যেদ্দুর পারন বাদ্দির রইদুত্তুন দূরে থাহন,এই গরমের দিনে বেশি করে পানি পান করুন এবং যথাসম্ভব বাইরের রোদ এড়িয়ে চলুন
"শুরুদ্দি বিয়াক কিছু ঠিক আছিল, এহন আস্তে আস্তে বিয়াক কিছু কেন জানি অই গেইয়্যি","শুরুতে সবকিছু ঠিক ছিল, এখন আস্তে আস্তে সবকিছু কেমন জানি হয়ে যাচ্ছে"
"শুরুদ্দি বিয়াক কিছু ঠিক আছিল, এহন আস্তে আস্তে বিয়াক কিছু কেন হইত পারি অই গেইয়্যি","শুরুতে সবকিছু ঠিক ছিল, এখন আস্তে আস্তে সবকিছু কেমন জানি হয়ে যাচ্ছে"
দারোওয়ানুর ভাব দেহি মনে অদ্দে যেন বাসার মালিক,দারোয়ানের ভাব দেখে মনে হচ্ছে যেন বাসার মালিক
"ইতারা নৌকো ভারা বেশি চার, চল আঁরা অন্য নৌকো চায়","এরা নৌকা ভাড়া বেশি চাচ্ছে, চল আমরা অন্য নৌকা দেখি"
"আজিয়ে আর হনো ঢাহার বাস বাকি নেই, বিয়াজ্ঞিন চলি গেইয়্যি","আজকে আর কোনো ঢাকার বাস বাকি নেই, সবগুলো চলে গেছে"
"আজিইয়্যে আর হনো ঢাহার বাস বাকি নেই, বিয়াজ্ঞিন চলি গেইয়্যি","আজকে আর কোনো ঢাকার বাস বাকি নেই, সবগুলো চলে গেছে"
"ফইত্তুদিন বেইন্নে উডি চিন্তে গরিদি আজিয়ে আরাদিন বৌত হাম গইজ্জুম, কিন্তু হাজুর হাজ কিছুই ন অয়","প্রতিদিন সকালে উঠে চিন্তা করি যে আজকে সারাদিন অনেক কাজ করব, কিন্তু কাজের কাজ কিছুই হয় না"
"ফইত্তুদিন ফজোরত উডি চিন্তে গরিদি আজিয়ে আরাদিন বৌত হাম গইজ্জুম, কিন্তু হাজুর হাজ কিছুই ন অয়","প্রতিদিন সকালে উঠে চিন্তা করি যে আজকে সারাদিন অনেক কাজ করব, কিন্তু কাজের কাজ কিছুই হয় না"
"ফইত্তুদিন বেইন্নে উডি চিন্তে গরিদি আজিইয়্যে আরাদিন বৌত হাম গইজ্জুম, কিন্তু হাজুর হাজ কিছুই ন অয়","প্রতিদিন সকালে উঠে চিন্তা করি যে আজকে সারাদিন অনেক কাজ করব, কিন্তু কাজের কাজ কিছুই হয় না"
"ফইত্তুদিন বেইন্নে উডি চিন্তে গরিদি আজিয়ে আরাদিন বৌত হাম গইজ্জুম, কিন্তু হাজুর হাম কিছুই ন অয়","প্রতিদিন সকালে উঠে চিন্তা করি যে আজকে সারাদিন অনেক কাজ করব, কিন্তু কাজের কাজ কিছুই হয় না"
"ফইত্তুদিন বেইন্নে উডি চিন্তে গরিদি আজিয়ে ফুরোদিন বৌত হাম গইজ্জুম, কিন্তু হাজুর হাজ কিছুই ন অয়","প্রতিদিন সকালে উঠে চিন্তা করি যে আজকে সারাদিন অনেক কাজ করব, কিন্তু কাজের কাজ কিছুই হয় না"
"ইবে কি একদাম, নাকি হম অইবু?","এটা কি একদাম, নাকি কম হবে?"
"বদ্দা, ইবে একদম অরিজিনাল গার্মেন্টস উর মাল","ভাই, এটা একদম অরিজিনাল গার্মেন্টসের মাল"
"আঁই আপাতত এদ্দুর লেহিলাম, যদি সময় থাহে বাকি শব্দ এগুনও লেইক্কুম","আমি আপাতত এতটুকু লিখলাম, যদি সময় থাকে বাকি শব্দগুলোও লিখব"
শীতুর সকালে ফুওয়াত্তে উডি নামাজ ফইত্তু যন সত্যিই বৌত কঠিন হাজ,শীতের সকালে ভোরবেলা উঠে নামাজ পড়তে যাওয়া সত্যিই অনেক কঠিন কাজ
শীতুর সকালে ফুওয়াত্তে উডি নামাজ ফইত্তু যন সত্যিই বৌত কঠিন হাম,শীতের সকালে ভোরবেলা উঠে নামাজ পড়তে যাওয়া সত্যিই অনেক কঠিন কাজ
"হনো সমস্যা অই থাহিলি আঁরে হইত পারো, আঁই তোঁয়ারে সাহায্য গইজ্জুম","কোনো সমস্যা হয়ে থাকলে আমাকে বলতে পার, আমি তোমাকে সাহায্য করব"
"আজিয়ে সেহেরি হাইবের লাই উঢ়িত ন ফারি, এতেল্লে কিছু ন হাই রোজা রাইক্কি","আজকে সেহরি খাওয়ার জন্য উঠতে পারিনি, সেজন্য কিছু না খেয়ে রোজা রেখেছি"
"আজিইয়্যে সেহেরি হাইবের লাই উঢ়িত ন ফারি, এতেল্লে কিছু ন হাই রোজা রাইক্কি","আজকে সেহরি খাওয়ার জন্য উঠতে পারিনি, সেজন্য কিছু না খেয়ে রোজা রেখেছি"
"বদ্দা, রাস্তাত এল্লেত জোরে অরন ন দিবেন, আশেপাশুর মানুষজন বিরক্ত অর","ভাই, রাস্তায় এত জোরে হর্ন দেবেন না, আশেপাশের মানুষজন বিরক্ত হচ্ছে"
"বদ্দা, রাস্তাত এতো জোরে অরন ন দিবেন, আশেপাশুর মানুষজন বিরক্ত অর","ভাই, রাস্তায় এত জোরে হর্ন দেবেন না, আশেপাশের মানুষজন বিরক্ত হচ্ছে"
"হালাম্মা বলে বেরাইতু গেইয়্যি, আঁর লগে যাইত ন ফারিবু","খালাম্মা নাকি বেড়াতে গেছেন, আমার সাথে যেতে পারবেন না"
"হালাম্মা বলে বেরাইতু গেইয়্যি, আঁর ওয়ারে যাইত ন ফারিবু","খালাম্মা নাকি বেড়াতে গেছেন, আমার সাথে যেতে পারবেন না"
"হালাম্মা বলে বেরাইতু গেইয়্যি, আঁর ফুয়ারে যাইত ন ফারিবু","খালাম্মা নাকি বেড়াতে গেছেন, আমার সাথে যেতে পারবেন না"
আত্তুন তারাতারি কিছু এক্কান গরন ফরিবু,আমার তাড়াতাড়ি কিছু একটা করতে হবে
আত্তুন হারা কিছু এক্কান গরন ফরিবু,আমার তাড়াতাড়ি কিছু একটা করতে হবে
আত্তুন জলদি কিছু এক্কান গরন ফরিবু,আমার তাড়াতাড়ি কিছু একটা করতে হবে
তুর অরি তো ফোন ন ধরে,তোর শাশুড়ি তো ফোন ধরে না
মেমান অক্কলোরে বারান্দাত বইসতো দ আর দরজার পর্দাগান টানি দ,মেহমানদের বারান্দায় বসতে দাও এবং দরজার পর্দাটা টেনে দাও
গরবা অক্কলোরে বারান্দাত বইসতো দ আর দরজার পর্দাগান টানি দ,মেহমানদের বারান্দায় বসতে দাও এবং দরজার পর্দাটা টেনে দাও
বাগানোর কিছু হাম এহনো বাকি আছে,বাগানের কিছু কাজ এখনো বাকি আছে
বাগানোর কিছু হাজ এহনো বাকি আছে,বাগানের কিছু কাজ এখনো বাকি আছে
বাগানোর কিছু হাম এইজু বাকি আছে,বাগানের কিছু কাজ এখনো বাকি আছে
তোঁয়ার হতা উনি রে আঁর বুকোত ব্যাথা শুরু অই গেইয়্যি,তোমার কথা শুনে আমার বুকে ব্যাথা শুরু হয়ে গেছে
তোঁয়ার হথা উনি রে আঁর বুকোত ব্যাথা শুরু অই গেইয়্যি,তোমার কথা শুনে আমার বুকে ব্যাথা শুরু হয়ে গেছে
"মা, আঁর হুত্তা ইবে এক্কানা ইস্ত্রি গরি রাহো, হালিয়ে পরন ফরিবু","মা, আমার জামাটা একটু ইস্ত্রি করে রাখো, কাল পরতে হবে"
"মা, আঁর হুত্তা ইবে ইক্কিনি ইস্ত্রি গরি রাহো, হালিয়ে পরন ফরিবু","মা, আমার জামাটা একটু ইস্ত্রি করে রাখো, কাল পরতে হবে"
হাজুর চাপ বেশি আছিল দি এতেল্লে তোঁয়ার ফোন ধরিত ন ফারি,কাজের চাপ বেশি ছিল বলে তোমার ফোন ধরতে পারিনি
"আইচ্ছে তুঁই হাজ শেষ গরো, আঁই বাদ্দি অপেক্ষা গরির","আচ্ছা তুমি কাজ শেষ কর, আমি বাইরে অপেক্ষা করছি"
"আইচ্ছে তুঁই হাম শেষ গরো, আঁই বাদ্দি অপেক্ষা গরির","আচ্ছা তুমি কাজ শেষ কর, আমি বাইরে অপেক্ষা করছি"
"আইচ্ছে তুঁই হাজ শেষ গরো, আঁই বাইরে অপেক্ষা গরির","আচ্ছা তুমি কাজ শেষ কর, আমি বাইরে অপেক্ষা করছি"
কি অইয়্যি দে! কি অইয়্যি দে ন জানোস?,কি হয়েছে! কি হয়েছে জানিস না?
এনডের দোয়ানদার এগুন বিয়াক সিন্ডিকেট,এখানের দোকানদারগুলো সব সিন্ডিকেট
যাইবের সমত আঁরে কিছু হই ন যায়,যাওয়ার সময় আমাকে কিছু বলে যায়নি
পরিশ্রম ছারা উধো ভাইগ্যোর উদ্দি ভরসা গরি বই থাহিলি জীবনুত কিছুই ন অয়,পরিশ্রম ছাড়া শুধু ভাগ্যের উপর ভরসা করে বসে থাকলে জীবনে কিছুই হয় না
সুলতান'স ডাইন উত্তুন কাচ্চি ন হাওয়াইলি আঁর মন ভালা অইতু নো,সুলতান'স ডাইন থেকে কাচ্চি না খাওয়ালে আমার মন ভালো হবে না
সুলতান'স ডাইন উত্তুন কাচ্চি ন হাওয়াইলি আঁর মন গম অইতু নো,সুলতান'স ডাইন থেকে কাচ্চি না খাওয়ালে আমার মন ভালো হবে না
ফইত্তু বছর দইজ্জে ভাঙি বৌত ঘরবারি দইজ্জেত চলি যায়,প্রতি বছর নদী ভেঙে অনেক ঘরবাড়ি নদীতে চলে যায়
আঁর মাথাত এক্কান বুদ্ধি আইসসি,আমার মাথায় একটা বুদ্ধি আসছে
বৌতদিন পর অঁনোরে দেহি সত্যিই বৌত ভালা লাইজ্ঞি,দীর্ঘদিন পর আপনাকে দেখে সত্যিই খুব ভালো লাগল
বৌতদিন পর অঁনোরে দেহি সত্যিই বৌত গম লাইজ্ঞি,দীর্ঘদিন পর আপনাকে দেখে সত্যিই খুব ভালো লাগল
"উইন্নি যারা সাগরুত মাছ ধইত্তো যায়, ইতারারে বৌত সময় ডাহাইতুর কবল উত ফরন ফরে","শুনলাম যারা সমুদ্রে মাছ ধরতে যায়, তাদেরকে অনেক সময় ডাকাতের কবলে পড়তে হয়"
"ইবে আঁর লাই লই, ইবে আঁই কিয়ারে দিতাম নো","এটা আমার জন্য নিয়েছি, এটা আমি কাউকে দেব না"
তোঁয়ার মন হারাপুর হারন জানিত পারি?,তোমার মন খারাপের কারণ জানতে পারি?
"ভাত হায়লাম বৌত আগে, কিন্তু এহনো অজম ন অর","ভাত খেয়েছিলাম অনেক আগে, কিন্তু এখনো হজম হচ্ছে না"
"ভাত হায়লাম বৌত আগে, কিন্তু এইজু অজম ন অর","ভাত খেয়েছিলাম অনেক আগে, কিন্তু এখনো হজম হচ্ছে না"
এরহম রইদোত বাইর অইলি হালা অই যাইয়্যুম,এরকম রোদে বের হলে কালো হয়ে যাব
তোঁয়ার দিনহাল কেন যার?,তোমার দিনকাল কেমন যাচ্ছে?
আরাত্তুন বিপদুর সমত ভাঙি ন পরি সবর গরন ফরিবু,আমাদেরকে বিপদের সময় ভেঙে না পড়ে সবর করতে হবে
"ঝাল বৌত বেশি অইয়্যি, এক্কানা পানি দ","ঝাল অনেক বেশি হয়েছে, একটু পানি দাও"
"ঝাল বৌত বেশি অইয়্যি, ইক্কিনি পানি দ","ঝাল অনেক বেশি হয়েছে, একটু পানি দাও"
তুই এতো জলদি কা চলি যর? শরীল ঠিকাছে?,তুই এত জলদি চলে যাচ্ছিস কেন? শরীর ঠিক আছে?
তুই এল্লেত জলদি কা চলি যর? শরীল ঠিকাছে?,তুই এত জলদি চলে যাচ্ছিস কেন? শরীর ঠিক আছে?
তুই এতো তারাতারি কা চলি যর? শরীল ঠিকাছে?,তুই এত জলদি চলে যাচ্ছিস কেন? শরীর ঠিক আছে?
তুই এতো হারা কা চলি যর? শরীল ঠিকাছে?,তুই এত জলদি চলে যাচ্ছিস কেন? শরীর ঠিক আছে?
তুই এতো জলদি কা চলি যর? শরীর ঠিকাছে?,তুই এত জলদি চলে যাচ্ছিস কেন? শরীর ঠিক আছে?
"গুসসা আত্তুনও আইয়্যি, কিন্তু আঁই নিয়ন্ত্রন গরিত পারি","রাগ আমারও আসে, কিন্তু আমি নিয়ন্ত্রণ করতে পারি"
হালা রঙ উর থ্রি-পিস তোঁয়ারে বৌত মানাইবু,কালো রঙের থ্রি-পিস তোমাকে অনেক মানাবে
"একবার ঘেঢ়িত বৌত দুখ পায়লাম, প্রায় এক সপ্তাহ হাসপাতালুত আছিলাম","একবার ঘাড়ে অনেক ব্যথা পেয়েছিলাম, প্রায় এক সপ্তাহ হাসপাতালে ছিলাম"
জমিদার আংকেল হইয়্যি ব্যাচেলার ভারা দিতু ন,জমিদার আংকেল বলছে ব্যাচেলর ভাড়া দেবে না
তুই এক্কানা মামুনোর লগে যো,তুমি একটু মামুনের সাথে যাও
তুই ইক্কিনি মামুনোর লগে যো,তুমি একটু মামুনের সাথে যাও
তুই এক্কানা মামুনোর ওয়ারে যো,তুমি একটু মামুনের সাথে যাও
তুই এক্কানা মামুনোর ফুয়ারে যো,তুমি একটু মামুনের সাথে যাও
"শসা এগুনুর দাম বেশি হইতে হইয়্যুন, আরেক্কানা হমাই রাহন","শসাগুলোর দাম বেশি বলেছেন, আরেকটু কমিয়ে রাখেন"
দরজা খুলি দেহি উজ্ঞো সুন্দরী মেইফুওয়া থিয়েই আছে,দরজা খুলে দেখি একটা সুন্দরী মেয়ে দাঁড়িয়ে আছে
গুরো থাকতে আম্মু মাথাত তেল দি চুল আঁচুরি দিতো,ছোটবেলায় আম্মু মাথায় তেল দিয়ে চুল আঁচড়ে দিতেন
কি অইয়্যি দে? চুপ গরি কা আছো?,কি হয়েছে? চুপ করে কেন আছো?
"আঁই বাদ্দি বাইর ন অইর বৌত দিন, ডাক্তার মানা গইজ্জিল","আমি বাইরে বের হই না অনেক দিন, ডাক্তার বারণ করেছিলেন"
"আঁই বাইরে বাইর ন অইর বৌত দিন, ডাক্তার মানা গইজ্জিল","আমি বাইরে বের হই না অনেক দিন, ডাক্তার বারণ করেছিলেন"
আজিয়েত্তুন তুঁই ফইত্তুদিন বেইন্নে আইট্টো বাইর অইবে,আজ থেকে তুমি প্রতিদিন সকালে হাঁটতে বের হবে
আজিয়েত্তুন তুঁই ফইত্তুদিন ফজোরত আইট্টো বাইর অইবে,আজ থেকে তুমি প্রতিদিন সকালে হাঁটতে বের হবে
হদোজ্ঞুন নতুন হর লন ফরিবু,কতগুলো নতুন কাপড় নিতে হবে
মানুষ ইবে আরাদিন মাঢ়োত হাজ গরে,মানুষটা সারাদিন মাঠে কাজ করে
মানুষ ইবে আরাদিন মাঢ়োত হাম গরে,মানুষটা সারাদিন মাঠে কাজ করে
মানুষ ইবে ফুরোদিন মাঢ়োত হাজ গরে,মানুষটা সারাদিন মাঠে কাজ করে
ব্যবসা গইত্তো চাইলি অভিজ্ঞতা লাগে,ব্যবসা করতে চাইলে অভিজ্ঞতা লাগে
ইতেরে দেহি আত্তুন চোরুর মতন লাগে,ওকে দেখে আমার চোরের মতো লাগে
"তুঁই চিন্তে ন গইজ্জো, আঁর ফোন বন্ধ অই গেইয়্যিল","তুমি চিন্তা করো না, আমার ফোন বন্ধ হয়ে গিয়েছিল"
"আঁর হালতু ভাই মিজান বৌত জারগো, গুরো থাকতে ইতের লগে বৌত হইজ্জে অইতু","আমার খালাতো ভাই মিজান অনেক দুষ্টু, ছোটবেলায় ওর সাথে অনেক ঝগড়া হতো"
"আঁর হালতু ভাই মিজান বৌত জারগো, গুরো থাকতে ইতের ওয়ারে বৌত হইজ্জে অইতু","আমার খালাতো ভাই মিজান অনেক দুষ্টু, ছোটবেলায় ওর সাথে অনেক ঝগড়া হতো"
"আঁর হালতু ভাই মিজান বৌত জারগো, গুরো থাকতে ইতের ফুয়ারে বৌত হইজ্জে অইতু","আমার খালাতো ভাই মিজান অনেক দুষ্টু, ছোটবেলায় ওর সাথে অনেক ঝগড়া হতো"
"আবাহাওয়া আজিয়ে এক্কানা ঠাণ্ডা, এডজাস্ট গরিত ন পারিলি জ্যাকেট ইবে পরি লইলি ভালা অই","আবহাওয়া আজ একটু ঠাণ্ডা, এডজাস্ট করতে না পারলে জ্যাকেটটা পরে নিলে ভালো হয়"
"আবাহাওয়া আজিয়ে এক্কানা ঠাণ্ডা, এডজাস্ট গরিত ন পারিলি জ্যাকেট ইবে পরি লইলি গম অই","আবহাওয়া আজ একটু ঠাণ্ডা, এডজাস্ট করতে না পারলে জ্যাকেটটা পরে নিলে ভালো হয়"
"আবাহাওয়া আজিয়ে ইক্কিনি ঠাণ্ডা, এডজাস্ট গরিত ন পারিলি জ্যাকেট ইবে পরি লইলি ভালা অই","আবহাওয়া আজ একটু ঠাণ্ডা, এডজাস্ট করতে না পারলে জ্যাকেটটা পরে নিলে ভালো হয়"
শীতহাইল্লে দিন তারাতারি চলি যায়,শীতকালের দিন তাড়াতাড়ি চলে যায়
শীতহাইল্লে দিন হারা চলি যায়,শীতকালের দিন তাড়াতাড়ি চলে যায়
শীতহাইল্লে দিন জলদি চলি যায়,শীতকালের দিন তাড়াতাড়ি চলে যায়
"এল্লেত ভালা এক্কান চঅরি পায়, অনে অদ্দে ভেগ্য আজিয়ে আঁর পক্ষে আছিল","এত ভালো একটা চাকরি পেয়েছি, মনে হচ্ছে ভাগ্য আজকে আমার পক্ষে ছিল"
"এল্লেত গম এক্কান চঅরি পায়, অনে অদ্দে ভেগ্য আজিয়ে আঁর পক্ষে আছিল","এত ভালো একটা চাকরি পেয়েছি, মনে হচ্ছে ভাগ্য আজকে আমার পক্ষে ছিল"
"এল্লেত ভালা এক্কান চঅরি পায়, অনে অদ্দে ভেগ্য আজিইয়্যে আঁর পক্ষে আছিল","এত ভালো একটা চাকরি পেয়েছি, মনে হচ্ছে ভাগ্য আজকে আমার পক্ষে ছিল"
"এতো ভালা এক্কান চঅরি পায়, অনে অদ্দে ভেগ্য আজিয়ে আঁর পক্ষে আছিল","এত ভালো একটা চাকরি পেয়েছি, মনে হচ্ছে ভাগ্য আজকে আমার পক্ষে ছিল"
"এল্লেত ভালা এক্কান চঅরি পায়, অনে অদ্দে ভাইগ্য আজিয়ে আঁর পক্ষে আছিল","এত ভালো একটা চাকরি পেয়েছি, মনে হচ্ছে ভাগ্য আজকে আমার পক্ষে ছিল"
"এল্লেত ভালা এক্কান চঅরি পায়, অনে অদ্দে হুয়াল আজিয়ে আঁর পক্ষে আছিল","এত ভালো একটা চাকরি পেয়েছি, মনে হচ্ছে ভাগ্য আজকে আমার পক্ষে ছিল"
আঁস এগুনোর দাম হত বদ্দা?,হাঁস গুলোর দাম কত ভাই?
গুরো থাকতে ফইত্তুদিন রাতিয়ে আব্বু আঁরারে গল্প উনাইতু,ছোটবেলায় প্রতিদিন রাতে আব্বু আমাদেরকে গল্প শোনাত
এবার আঁর ঘেঢ়িত্তুন এক্কানা নিচে নামো,এবার আমার ঘাড় থেকে একটু নিচে নামো
এবার আঁর ঘেঢ়িত্তুন ইক্কিনি নিচে নামো,এবার আমার ঘাড় থেকে একটু নিচে নামো
"আত্তুন পরিচিত মানুষ আছে, আঁই ইতারার লগে হতা হইয়্যুম","আমার পরিচিত মানুষ আছে, আমি তাদের সাথে কথা বলব"
"আত্তুন পরিচিত মানুষ আছে, আঁই ইতারার ওয়ারে হতা হইয়্যুম","আমার পরিচিত মানুষ আছে, আমি তাদের সাথে কথা বলব"
"আত্তুন পরিচিত মানুষ আছে, আঁই ইতারার ফুয়ারে হতা হইয়্যুম","আমার পরিচিত মানুষ আছে, আমি তাদের সাথে কথা বলব"
"আত্তুন পরিচিত মানুষ আছে, আঁই ইতারার লগে হথা হইয়্যুম","আমার পরিচিত মানুষ আছে, আমি তাদের সাথে কথা বলব"
হতাশ অইয়্যিরে বই ন থাহি হাম গরো,হতাশ হয়ে বসে না থেকে কাজ কর
হতাশ অইয়্যিরে বই ন থাহি হাজ গরো,হতাশ হয়ে বসে না থেকে কাজ কর
কী ব্যাপার! আজিয়ে এত সাজিগুজি হনডে যর?,কী ব্যাপার! আজ এত সেজেগুজে কোথায় যাচ্ছিস?
আঁরো ঘরুত বৌত বরো উজ্ঞো কুত্তো আছিল,আমাদের ঘরে অনেক বড় একটা কুকুর ছিল
"বিয়াক কিছুর শুরু যেল্লেত আছে, শেষও এল্লেত আছে","সবকিছুর শুরু যেমন আছে, শেষও তেমনই আছে"
হন'উর পর বাসনহুটারা ধুয় রে বসহানা ইয়েন পরিষ্কার গরি রাইক্কো,খাওয়ার পর থালাবাসন ধোয়ে রান্নাঘরটা পরিষ্কার করে রাখিও
হন'উর পর বাসনহুটারা ধুয় রে পাকঘর ইয়েন পরিষ্কার গরি রাইক্কো,খাওয়ার পর থালাবাসন ধোয়ে রান্নাঘরটা পরিষ্কার করে রাখিও
হন'উর পর বাসনহুটারা ধুয় রে রান্নাঘর ইয়েন পরিষ্কার গরি রাইক্কো,খাওয়ার পর থালাবাসন ধোয়ে রান্নাঘরটা পরিষ্কার করে রাখিও
হন'উর পর বাসনহুটারা ধুয় রে বসহানা ইয়েন সাফ গরি রাইক্কো,খাওয়ার পর থালাবাসন ধোয়ে রান্নাঘরটা পরিষ্কার করে রাখিও
"এতো টিয়া হরচ গরি বিদেশ ঘুইত্তো যাইবের দরহার নেই, আঁরা দেশুত হনো এক্কান সুন্দর জাগাত ঘুরি আইত ফারি","এত টাকা খরচ করে বিদেশ ঘুরতে যাওয়ার দরকার নেই, আমরা দেশে কোনো একটা সুন্দর জায়গায় ঘুরে আসতে পারি"
"এল্লেত টিয়া হরচ গরি বিদেশ ঘুইত্তো যাইবের দরহার নেই, আঁরা দেশুত হনো এক্কান সুন্দর জাগাত ঘুরি আইত ফারি","এত টাকা খরচ করে বিদেশ ঘুরতে যাওয়ার দরকার নেই, আমরা দেশে কোনো একটা সুন্দর জায়গায় ঘুরে আসতে পারি"
ঝরুত ভিজি ঘরুত গেলি আম্মু বৌত বকা দিবু,বৃষ্টিতে ভিজে ঘরে গেলে আম্মু অনেক বকা দেবে
অঁনে গম আছন ম্যাম?,আপনি ভালো আছেন ম্যাম? 
অঁনে ভালা আছন ম্যাম?,আপনি ভালো আছেন ম্যাম? 
"আঁর হনো দোষ নাই, ইয়েন আঁই ন গরি","আমার কোন দোষ নাই, এটা আমি করি নাই"
এহন আজুইন্নে অই গেইয়্যি,এখন সন্ধ্যা হয়ে গেছে
"বদ্দা, এগিন একদম ফ্রেশ তরহারি, হনো ফরমালিন ন দিই","ভাইয়া, এগুলো একদম ফ্রেশ তরকারি, কোনো ফরমালিন দিইনি"
ঢাহাত্তুন খুলনা যাইতে ট্রেনুত এবং বাসুত হন্নানুত হম সময় লাগে?,ঢাকা থেকে খুলনা যেতে ট্রেনে এবং বাসে কোনটায় কম সময় লাগে?
এই মেইফুওয়া ইবে তোরে পছন্দ গরে মনে অয়,এই মেয়েটা তোকে পছন্দ করে মনে হয়
এদিজ্ঞিন হষ্ট ফাইবের পরও কেনে মাইনষে প্রেমুত পরে?,এত কষ্ট পাওয়ার পরও কেন মানুষ প্রেমে পড়ে?
তোঁয়ার আব্বুর মিক্কে চায় তোঁয়ারে মাফ গরি দিলাম,তোমার আব্বুর দিকে তাকিয়ে তোমাকে মাফ করে দিলাম
"বেশি কিছু নো অয়, উধো টেং উত এক্কানা দুখ পায়","বেশি কিছু হয়নি, শুধু পায়ে একটু ব্যথা পেয়েছি"
"বেশি কিছু নো অয়, উধো টেং উত ইক্কিনি দুখ পায়","বেশি কিছু হয়নি, শুধু পায়ে একটু ব্যথা পেয়েছি"
"প্রেম ন গইজ্জো, প্রেম গরিলি তোঁয়ার সুন্দর জীবন ইয়েন নষ্ট অই যাইবু","প্রেম করিও না, প্রেম করলে তোমার সুন্দর জীবনটা নষ্ট হয়ে যাবে"
"আঁই এহেল্লে যাইত পাইজ্জুম, সমস্যা নেই","আমি একা যেতে পারব, সমস্যা নাই"
"তুঁই বৌত বদলাই গেইয়্যু, আঁরে আর আগোর মতন ভালো নবাসো","তুমি অনেক পরিবর্তন হয়ে গেছো, আমাকে আর আগের মতো ভালোবাসো না"
"তুরা দুনুজনুর মাঝে কী সমাস্যা, সবসময় হইজ্জে কা গরস?","তোদের দুজনের মধ্যে কী সমস্যা, সবসময় ঝগড়া কেন করিস?"
হনো কিছু গরিবের আগে আরাত্তুন এত্তুন বাইর অন ফরিবু,কোনো কিছু করার আগে আমাদেরকে এখান থেকে বের হতে হবে
বৌত পরা জমি আছে,অনেক পড়া জমে আছে
আঁর এহনো বৌত হাম বাকি,আমার এখনো অনেক কাজ বাকি
আঁর এহনো বৌত হাজ বাকি,আমার এখনো অনেক কাজ বাকি
আঁর এইজু বৌত হাম বাকি,আমার এখনো অনেক কাজ বাকি
"আইচ্ছে ঠিকাছে, আঁই উডির","আচ্ছা ঠিকাছে, আমি উঠছি"
"আঁই গত সপ্তাত এত্তুন উজ্ঞো শার্ট কিন্নিলাম, কিন্তু ইবে একবার ধুঅন পরেই নষ্ট অই গেইয়্যি","আমি গত সপ্তাহে এখান থেকে একটা শার্ট কিনেছিলাম, কিন্তু সেটা একবার ধোয়ার পরেই নষ্ট হয়ে গেছে"
"আম্মু, হায়বের লাই কি আছে?","মা, খাওয়ার জন্য কি আছে?"
"বন্যার পানিত বৌত মানুষ মারা গেইয়্যি, বৌত ঘরবারি আর ফসলুর হতি অইয়্যি","বন্যার পানিতে অনেক মানুষ মারা গেছে, আর অনেক ঘরবাড়ি ও ফসলের ক্ষতি হয়েছে"
বরো মাছ ইবের দাম হতো বদ্দা?,বড় মাছটার দাম কত ভাই?
"বসহানাত ডেকচি পরিবের আওয়াজ অইয়্যি, মনে অয় বিলেই ঢুইক্কি","রান্নাঘরে ডেকচি পড়ার শব্দ হলো, মনে হয় বিড়াল ঢুকেছে"
"কিরে বাটপার, তোর বাটপারি কেন চলের?","কিরে বাটপার, তোর বাটপারি কেমন চলে?"
তুই আরো বৌত খেলা দেহাবি,তুই আরও অনেক খেলা দেখাবি
"সামনে উজ্ঞো মানুষ দেহির, চল ইবেত্তুনই ফুসর লই","সামনে একজন মানুষ দেখতে পাচ্ছি, চল উনার কাছ থেকেই জিজ্ঞেস করি"
"সামনে উজ্ঞো মানুষ দেহির, চল ইবেত্তুনই ফুস লই","সামনে একজন মানুষ দেখতে পাচ্ছি, চল উনার কাছ থেকেই জিজ্ঞেস করি"
"আজিয়ে ঈদুর দিন, এতেল্লে ভারা ডবল","আজকে ঈদের দিন, তাই ভাড়া ডাবল"
"আজিইয়্যে ঈদুর দিন, এতেল্লে ভারা ডবল","আজকে ঈদের দিন, তাই ভাড়া ডাবল"
শেষ হত্তে রইদ দেইক্কি মনত নেই আত্তুন,শেষ কবে রোদ দেখেছি  মনে নেই আমার
নিয়মিত দূরন স্বাস্থ্যর লাই বৌত উপকারী,নিয়মিত দৌড়ানো স্বাস্থ্যের জন্য অনেক উপকারী
"মাছুর সুরগোত নুন বেশি অই গেইয়্যি, হন ন যার","মাছের ঝোলে লবণ বেশি হয়ে গেছে, খাওয়া যাচ্ছে না"
এতোদিন হনডে আছিলে?,এতদিন কোথায় ছিলে?
এতোদিন হডে আছিলে?,এতদিন কোথায় ছিলে?
"আঁরে এহন কিছু টিয়া উধোর দও, আঁই তোঁয়ারে এক সাপ্তাহ পরে দি দিয়্যুম","আমাকে এখন কিছু টাকা ধার দাও, আমি তোমাকে এক সপ্তাহ পরে দিয়ে দিব"
"আঁর অফিসুর এক্কান হাজে দেশুর বাইরে যন ফরিবু, তুঁই এহেল্লে ঘর সামলাইত ফারিবে তো?","আমার অফিসের একটা কাজে দেশের বাইরে যেতে হবে, তুমি একা ঘর সামলাতে পারবে তো?"
"আঁর অফিসুর এক্কান হাজে দেশুর বাদ্দি যন ফরিবু, তুঁই এহেল্লে ঘর সামলাইত ফারিবে তো?","আমার অফিসের একটা কাজে দেশের বাইরে যেতে হবে, তুমি একা ঘর সামলাতে পারবে তো?"
"এই বছর শীত বৌত দেরিত আইসসি, ডিসেম্বর শেষ অই গেলিও ঠান্ডা ন ফরে","এই বছর শীত অনেক দেরিতে এসেছে, ডিসেম্বর শেষ হয়ে গেলেও ঠান্ডা পড়েনি"
বিলের হঅর হাইলি সাথে সাথে ডাক্তারুর হাছে যন উচিত,বিড়ালের কামড় খেলে সঙ্গে সঙ্গে ডাক্তারের কাছে যাওয়া উচিত
"আফা, আঁই তোঁয়ারে বৌত বিরক্ত গরির","আপু, আমি তোমাকে অনেক বিরক্ত করছি"
আজিয়ে এত গরম যে রান্না গইত্তো মন ন চার,আজ এত গরম যে রান্না করতে মন চাইছে না
ফইত্তুদিনোর হোমওয়ার্ক ফইত্তুদিনই শেষ গরি ফেলাইবে,প্রতিদিনের হোমওয়ার্ক প্রতিদিনই শেষ করে ফেলবে
কুরোর ডাক উনি ঘুম ভাঙ্গি গেইয়্যি,মুরগির ডাক শুনে ঘুম ভেঙ্গে গেছে
মার্কেটুত জিনিসপত্রর দাম অইনুর মতন,মার্কেটে জিনিসপত্রের দাম আগুনের মতো
"বদ্দা, বাসুর দরজা ইয়েন এবার বন্ধ গরি দন, মানুষ আর ন লইয়্যুন","ভাই, বাসের দরজাটা এবার বন্ধ করে দেন, মানুষ আর নেবেন না"
আঁর হতা মতন ন চিলিলি এই ঘরুত্তুন চলি যা,আমার কথা মতো না চললে এই ঘর থেকে চলে যা
আঁর হথা মতন ন চিলিলি এই ঘরুত্তুন চলি যা,আমার কথা মতো না চললে এই ঘর থেকে চলে যা
বাজারুত্তুন আইবের সমত ৫০০ টিয়ার নোট এক্কান আঝাই ফেলাই,বাজার করে আসার সময় ৫০০ টাকার একটা নোট হারিয়ে ফেলেছি
বেইন্নে এতক্ষন ন হায় থাহন ভালা নো,সকালে এতক্ষণ না খেয়ে থাকা ভালো না
বেইন্নে এতক্ষন ন হায় থাহন গম নো,সকালে এতক্ষণ না খেয়ে থাকা ভালো না
ফজোরত এতক্ষন ন হায় থাহন ভালা নো,সকালে এতক্ষণ না খেয়ে থাকা ভালো না
ইয়েন কি আঁর মন রাহিবের লাই হইয়্যুন নাকি নিজোর মনত্তুন হইয়্যুন,সেটা কি আমার মন রাখার জন্য বলেছেন নাকি নিজের মন থেকেই বলেছেন
"এক্কানা বইয়্যুন, দোয়ানদার ভাত হাইতু গেইয়্যি","একটু বসেন, দোকানদার ভাত খেতে গেছেন"
"ইক্কিনি বইয়্যুন, দোয়ানদার ভাত হাইতু গেইয়্যি","একটু বসেন, দোকানদার ভাত খেতে গেছেন"
"মুরগি হাডিবের সমত ডাহুদ্দি থিয়েই থেইক্কো, ইতারা সুযোগ পাইলি মাংস চুরি গরে","মুরগি কাটার সময় পাশে দাঁড়িয়ে থেকো, ওরা সুযোগ পেলে মাংস চুরি করে"
হজ্জো লই ব্যবসা গইত্তো যাইলি ব্যবসাত উন্নাতি গরন যাইতু ন,ঋণ নিয়ে ব্যবসা করতে গেলে ব্যবসায় উন্নতি করা যাবে না
বাসাত পরি ন গেলি পরীক্ষের হল উত আরেকজনুত্তুন সাই সাই লেহন ফরিবু,বাসায় না পড়ে গেলে পরীক্ষার হলে আরেকজনের থেকে দেখে দেখে লিখতে হবে
আজিয়ে এল্লেত রইদ উইট্টি দে মাঢ়োত হাজ গরা কৃষক অক্কল উত্তুন বৌত হষ্ট অর,আজকে এত রোদ উঠেছে যে মাঠে কাজ করা কৃষকদের খুব কষ্ট হচ্ছে
আজিইয়্যে এল্লেত রইদ উইট্টি দে মাঢ়োত হাজ গরা কৃষক অক্কল উত্তুন বৌত হষ্ট অর,আজকে এত রোদ উঠেছে যে মাঠে কাজ করা কৃষকদের খুব কষ্ট হচ্ছে
আজিয়ে এতো রইদ উইট্টি দে মাঢ়োত হাজ গরা কৃষক অক্কল উত্তুন বৌত হষ্ট অর,আজকে এত রোদ উঠেছে যে মাঠে কাজ করা কৃষকদের খুব কষ্ট হচ্ছে
আজিয়ে এল্লেত রইদ উইট্টি দে মাঢ়োত হাম গরা কৃষক অক্কল উত্তুন বৌত হষ্ট অর,আজকে এত রোদ উঠেছে যে মাঠে কাজ করা কৃষকদের খুব কষ্ট হচ্ছে
এল্লেত মজার বেগুন ভাজা আঁই আগে হনোদিন ন হাই,এত মজার বেগুন ভাজা আমি আগে কখনো খাইনি
এতো মজার বেগুন ভাজা আঁই আগে হনোদিন ন হাই,এত মজার বেগুন ভাজা আমি আগে কখনো খাইনি
"তুঁই এহন বাইরে যও, আঁর চোখুর সামনুত্তুন","তুমি এখন বাহিরে যাও, আমার চোখের সামনে থেকে"
"কাস্টোমারুর লগে ভালাগরি বেবার গরন ফরিবু, তইলি বেছা বেশি অইবু","কাস্টমারের সাথে ভালোভাবে ব্যবহার করতে হবে, তাহলে বিক্রি বেশি হবে"
"কাস্টোমারুর ওয়ারে ভালাগরি বেবার গরন ফরিবু, তইলি বেছা বেশি অইবু","কাস্টমারের সাথে ভালোভাবে ব্যবহার করতে হবে, তাহলে বিক্রি বেশি হবে"
"কাস্টোমারুর ফুয়ারে ভালাগরি বেবার গরন ফরিবু, তইলি বেছা বেশি অইবু","কাস্টমারের সাথে ভালোভাবে ব্যবহার করতে হবে, তাহলে বিক্রি বেশি হবে"
"তুঁই যহন আঁর মাথাত আত বুলাই দও, তহন আঁর মনোত্তুন বিয়াক দুখ চলি যায়","তুমি যখন আমার মাথায় হাত বুলিয়ে দাও, তখন আমার মন থেকে সব দুঃখ চলে যায়"
তুর ছোডো ভাই বলে বিয়ে গইজ্জি? ইতের এল্লেত তারাতারি বিয়ে অইবু ইয়েন চিন্তে নো গরি,তোর ছোট ভাই নাকি বিয়ে করেছে? তার এত জলদি বিয়ে হবে চিন্তা করিনায়
তুর ছোডো ভাই বলে বিয়ে গইজ্জি? ইতের এতো তারাতারি বিয়ে অইবু ইয়েন চিন্তে নো গরি,তোর ছোট ভাই নাকি বিয়ে করেছে? তার এত জলদি বিয়ে হবে চিন্তা করিনায়
তুর ছোডো ভাই বলে বিয়ে গইজ্জি? ইতের এল্লেত হারা বিয়ে অইবু ইয়েন চিন্তে নো গরি,তোর ছোট ভাই নাকি বিয়ে করেছে? তার এত জলদি বিয়ে হবে চিন্তা করিনায়
তুর ছোডো ভাই বলে বিয়ে গইজ্জি? ইতের এল্লেত জলদি বিয়ে অইবু ইয়েন চিন্তে নো গরি,তোর ছোট ভাই নাকি বিয়ে করেছে? তার এত জলদি বিয়ে হবে চিন্তা করিনায়
"গরু ইবে দেহি তো মনে ন অর বয়স বেশি অইয়্যি, দাম এল্লেত বেশি কা চাইতে লেইজ্ঞুন?","গরুটা দেখে তো মনে হয় না বয়স হয়েছে, দাম এত বেশি কেন চাচ্ছেন?"
"গরু ইবে দেহি তো মনে ন অর বয়স বেশি অইয়্যি, দাম এতো বেশি কা চাইতে লেইজ্ঞুন?","গরুটা দেখে তো মনে হয় না বয়স হয়েছে, দাম এত বেশি কেন চাচ্ছেন?"
"স্যার, পরীক্ষের লাই হন হন অধ্যায় পরি যন ফরিবু?","স্যার, পরীক্ষার জন্য কোন কোন অধ্যায় পড়ে যেতে হবে?"
সিলেট কিন্তু ঢাহাত্তুনও বেশি দুরে,সিলেট কিন্তু ঢাকার থেকেও বেশি দূরে
"নিজুত্তুন যদি টিয়া থাইকতু, তইলি কিয়াত্তুন হুজন ন ফইত্তু","নিজের যদি টাকা থাকত, তাহলে কারো কাছ থেকে খুঁজতে হতো না"
তোঁয়ার লগে ইবের হাম কি?,তোমার সাথে ওর কাজ কি?
তোঁয়ার ওয়ারে ইবের হাম কি?,তোমার সাথে ওর কাজ কি?
তোঁয়ার ফুয়ারে ইবের হাম কি?,তোমার সাথে ওর কাজ কি?
তোঁয়ার লগে ইবের হাজ কি?,তোমার সাথে ওর কাজ কি?
যারার মনত হাছারা আছে ইতারারে আঁই পছন্দ ন গরি,"যাদের মনে ময়লা আছে, তাদেরকে আমি পছন্দ করি না"
"মা'র লগে থাহিলি বৌত হইজ্জে অই, কিন্তু মা'ত্তুন দুরে থাহিলি তহন মা'র হতা মনত ফরে","মায়ের সাথে থাকলে অনেক ঝগড়া হয়, কিন্তু মায়ের থেকে দূরে থাকলে তখন মায়ের কথা মনে পড়ে"
"মা'র ওয়ারে থাহিলি বৌত হইজ্জে অই, কিন্তু মা'ত্তুন দুরে থাহিলি তহন মা'র হতা মনত ফরে","মায়ের সাথে থাকলে অনেক ঝগড়া হয়, কিন্তু মায়ের থেকে দূরে থাকলে তখন মায়ের কথা মনে পড়ে"
"মা'র ফুয়ারে থাহিলি বৌত হইজ্জে অই, কিন্তু মা'ত্তুন দুরে থাহিলি তহন মা'র হতা মনত ফরে","মায়ের সাথে থাকলে অনেক ঝগড়া হয়, কিন্তু মায়ের থেকে দূরে থাকলে তখন মায়ের কথা মনে পড়ে"
"মা'র লগে থাহিলি বৌত হইজ্জে অই, কিন্তু মা'ত্তুন দুরে থাহিলি তহন মা'র হথা মনত ফরে","মায়ের সাথে থাকলে অনেক ঝগড়া হয়, কিন্তু মায়ের থেকে দূরে থাকলে তখন মায়ের কথা মনে পড়ে"
বাসুত সিট হেইল্যে আছে? আঁই থিয়েই যাইত ফাইত্তাম নো,বাসে সিট খালি আছে? আমি দাঁড়িয়ে যেতে পারব না
বাসুত সিট হালি আছে? আঁই থিয়েই যাইত ফাইত্তাম নো,বাসে সিট খালি আছে? আমি দাঁড়িয়ে যেতে পারব না
ফইত্তু বছর কুতুবদিয়ে যাইবের সমত নৌকো ডুফি মানুষ মরি যায়,প্রতিবছর কুতুবদিয়া যাওয়ার সময় নৌকা ডুবে মানুষ মারা যায়
"স্যার, আঁর সিভিগান এক্কানা সন, আর হনোমিক্কে ভুল থাহিলি ঠিক গরি দন","স্যার, আমার সিভিটা একটু দেখেন, আর কোথাও ভুল থাকলে ঠিক করে দিন"
"স্যার, আঁর সিভিগান ইক্কিনি সন, আর হনোমিক্কে ভুল থাহিলি ঠিক গরি দন","স্যার, আমার সিভিটা একটু দেখেন, আর কোথাও ভুল থাকলে ঠিক করে দিন"
"আলিফা তারা বিয়াজ্ঞুন যার, তুই ন যাবি?","আলিফারা সবাই যাচ্ছে, তুই যাবি না?"
"আলিফা তারা বেজ্ঞুন যার, তুই ন যাবি?","আলিফারা সবাই যাচ্ছে, তুই যাবি না?"
"দুইজ্জে ভাত হায় এক্কানা ঘুম গেইলাম, হতক্ষন পরে উডি দেহি আজুইন্নে অই গেইয়্যি","দুপুরে ভাত খেয়ে একটু ঘুমিয়েছিলাম, কিছুক্ষণ পর উঠে দেখি সন্ধ্যা হয়ে গেছে"
"দুইরগে ভাত হায় এক্কানা ঘুম গেইলাম, হতক্ষন পরে উডি দেহি আজুইন্নে অই গেইয়্যি","দুপুরে ভাত খেয়ে একটু ঘুমিয়েছিলাম, কিছুক্ষণ পর উঠে দেখি সন্ধ্যা হয়ে গেছে"
"দুইজ্জে ভাত হায় ইক্কিনি ঘুম গেইলাম, হতক্ষন পরে উডি দেহি আজুইন্নে অই গেইয়্যি","দুপুরে ভাত খেয়ে একটু ঘুমিয়েছিলাম, কিছুক্ষণ পর উঠে দেখি সন্ধ্যা হয়ে গেছে"
বিয়েলোর আগে হাম শেষ গরিত ন ফারিলি টিয়া দিতাম ন,বিকালের আগে কাজ শেষ করতে না পারলে টাকা দিব না
বিয়েলোর আগে হাজ শেষ গরিত ন ফারিলি টিয়া দিতাম ন,বিকালের আগে কাজ শেষ করতে না পারলে টাকা দিব না
"রাতিয়ের বাস জার্নি এক্কানা বিপদজনক, এতেল্লে সাবধান থাহন উচিত","রাতের বাস জার্নি একটু বিপদজনক, তাই সাবধান থাকা উচিত"
"রাতিয়ের বাস জার্নি ইক্কিনি বিপদজনক, এতেল্লে সাবধান থাহন উচিত","রাতের বাস জার্নি একটু বিপদজনক, তাই সাবধান থাকা উচিত"
বাসুত চরিত ন ফারিলি তোরারে টুরুত যাইতু হইয়্যি হনে?,বাসে চড়তে না পারলে তোদেরকে টুরে যেতে বলল কে?
মরতফুওয়া মানুষ গরন বৌত কঠিন,ছেলে মানুষ করা অনেক কঠিন
নৌকোর মাঝি গান গাই গাই নৌকো চলার,নৌকার মাঝি গান গেয়ে গেয়ে নৌকা চালাচ্ছে
"বান্দরোর মতোন উধো গাছে গাছে ঘুরে, হনদিন ফরি আত টেং ভাঙিবু হনে জানে","বান্দরের মতো শুধু গাছে গাছে ঘোরে, কোনোদিন পরে হাত পা ভাঙবে কে জানে"
"ঝরুর লগে প্রচুর পরিমানে বাতাস, মনে অই এবার বন্যা অইবু","ঝড়ের সঙ্গে প্রচুর পরিমাণে বাতাস, মনে হয় এবার বন্যা আসবে"
চঅরি গরিবের সিদ্ধান্ত কি ঠিক আছিল?,চাকরি করার সিদ্ধান্ত কি ঠিক ছিল?
আঁর হতা ন উনিলি এরহমই অইবু,আমার কথা না শুনলে এমনই হবে
আঁর হথা ন উনিলি এরহমই অইবু,আমার কথা না শুনলে এমনই হবে
ঢাহাত্তুন রাজশাহী যাইতে ট্রেনুত হত ঘন্টা লাগে সাধারণত,ঢাকা থেকে রাজশাহী যেতে ট্রেনে কত ঘণ্টা লাগে সাধারণত?
"ফইল্লে ফইল্লে এক্কানা ডরাইলাম, এহন আর ডর ন লাগে","প্রথম প্রথম একটু ভয় পেয়েছিলাম, এখন আর ভয় লাগে না"
"ফইল্লে ফইল্লে ইক্কিনি ডরাইলাম, এহন আর ডর ন লাগে","প্রথম প্রথম একটু ভয় পেয়েছিলাম, এখন আর ভয় লাগে না"
"যেনগরি অক, আরাত্তুন এই বিপদ উত্তুন বাইর অন পরিবো","যেভাবেই হোক, আমাদেরকে এই বিপদ থেকে বের হতে হবে"
হর এগিন আঁই আইরে ধুইয়্যুম,কাপড়গুলো আমি এসে ধুব
আত্তুন তো ইবের ক্লাস গরিলি ঘুম চলি আইয়্যি,আমার তো উনার ক্লাস করলে ঘুম চলে আসে
মুলো কেজি হত গরি? আঁরে এক কেজি দন,মুলা কেজি কত করে? আমাকে এক কেজি দেন
তুর মনোত যে এদিজ্ঞিন হাচারা ইয়েন আঁই আগে ন বুঝি,"তোর মনে যে এত ময়লা, সেটা আমি আগে বুঝতে পারিনি"
আরে বদ্দা! তুই এনডে? আই কি ঠিক দেহির নাকি চখোর ভুল,আরে ভাই! তুই এখানে? আমি কি ঠিক দেখতাছি নাকি চোখের ভুল
মেইফুওয়া একদম ইতির মা'র মতন অইয়্যি,মেয়েটা একদম তার মায়ের মতো হয়েছে
আঁর ভেগ্য ভালা দে তোর মতন উজ্ঞো ভালা বন্ধু পায়,আমার ভাগ্য ভালো যে তোর মতো একটা ভালো বন্ধু পেয়েছি
আঁর ভেগ্য গম দে তোর মতন উজ্ঞো ভালা বন্ধু পায়,আমার ভাগ্য ভালো যে তোর মতো একটা ভালো বন্ধু পেয়েছি
আঁর ভাইগ্য ভালা দে তোর মতন উজ্ঞো ভালা বন্ধু পায়,আমার ভাগ্য ভালো যে তোর মতো একটা ভালো বন্ধু পেয়েছি
আঁর হুয়াল ভালা দে তোর মতন উজ্ঞো ভালা বন্ধু পায়,আমার ভাগ্য ভালো যে তোর মতো একটা ভালো বন্ধু পেয়েছি
"এই মাঢ়োত ফুট বেশি, এনডে খেলন যাইতু ন","এই মাঠে কাদা বেশি, এখানে খেলা যাবে না"
"আম্মু, আঁই এহন ভাত ন হাইয়্যুম, তুঁই হায় লও","মা, আমি এখন ভাত খাব না, তুমি খেয়ে নাও"
"মাঢ়োত বৌত বেশি রইদ, আঁই এহন খেইলতাম ন","মাঠে খুব বেশি রোদ, আমি এখন খেলব না"
"আঁই রমিজুর মা, রাতুলুর দাদি","আমি রমিজের মা, রাতুলের দাদি"
এগুন তো বদ্দা বিয়াক ফুরন মডেলুর শার্ট,এগুলো তো ভাই সব পুরাতন মডেলের শার্ট
"ফইরোর মাছ এগুন মরি যার, ওষুধ দন ফরিবু","পুকুরের মাছগুলো মরে যাচ্ছে, ওষুধ দিতে হবে"
তোঁয়ার বারি কি কলেজুর পাশে?,তোমার বাড়ি কি কলেজের পাশে?
"আত্তুন দেরি অইবু, তুঁই চলি যো","আমার দেরি হবে, তুমি চলে যাও"
টাডাল ফরিবের সমত খোলা মাঢ়োত থাহন বৌত বিপজ্জনক,বজ্রপাতের সময় খোলা মাঠে থাকা অনেক বিপজ্জনক
"এক্কানা সাবধানে, মাছুত বৌত কেঢ়া","একটু সাবধানে, মাছে অনেক কাঁটা"
"ইক্কিনি সাবধানে, মাছুত বৌত কেঢ়া","একটু সাবধানে, মাছে অনেক কাঁটা"
আজুইন্নের পর মার্কেট বন্ধ অই যাইবু,সন্ধ্যার পর মার্কেট বন্ধ হয়ে যাবে
"আঁই বাজারুত যাইত ন পাইজ্জুম, আত্তুন বৌত হাম বাকি আছে","আমি বাজারে যেতে পারব না, আমার অনেক কাজ বাকি আছে"
"আঁই বাজারুত যাইত ন পাইজ্জুম, আত্তুন বৌত হাজ বাকি আছে","আমি বাজারে যেতে পারব না, আমার অনেক কাজ বাকি আছে"
হাঁজুর রস দি ধু পিডে হাইতু সেই মজা,খেজুরের রস দিয়ে ভাপা পিঠা খেতে সেই মজা
রুমুর লগে এটাচ ওয়াশরুম আছেনা সন ফরিবু,রুমের সাথে অ্যাটাচড ওয়াশরুম আছে কি না দেখতে হবে
রুমুর ওয়ারে এটাচ ওয়াশরুম আছেনা সন ফরিবু,রুমের সাথে অ্যাটাচড ওয়াশরুম আছে কি না দেখতে হবে
রুমুর ফুয়ারে এটাচ ওয়াশরুম আছেনা সন ফরিবু,রুমের সাথে অ্যাটাচড ওয়াশরুম আছে কি না দেখতে হবে
সরকারী কলেজুত টিকতু চাইলি রেজাল্ট বৌত ভালা গরন ফরিবু,সরকারি কলেজে টিকতে হলে রেজাল্ট অনেক ভালো করতে হবে
সরকারী কলেজুত টিকতু চাইলি রেজাল্ট বৌত গম গরন ফরিবু,সরকারি কলেজে টিকতে হলে রেজাল্ট অনেক ভালো করতে হবে
কেন আছন?,কেমন আছেন?
অনলাইন উত্তুন উজ্ঞো হুত্তা অর্ডার দিই,অনলাইন থেকে একটা জামা অর্ডার দিয়েছি
"আজিয়ে অফিসুত এক্কান ভুল অই গেইয়্যি, বস উরে কেন গরি হইয়্যুম ন বুঝির","আজ অফিসে একটা ভুল হয়ে গেছে, বসকে কীভাবে বলব বুঝছি না"
যেই সময়োর হাজ ঐ সময় শেষ গরন পরিবো,যে সময়ের কাজ ঐ সময় শেষ করতে হবে
যেই সময়োর হাম ঐ সময় শেষ গরন পরিবো,যে সময়ের কাজ ঐ সময় শেষ করতে হবে
ওজু গত্তে কি এক বালতি পানি লাগে!,অজু করতে কি এক বালতি পানি লাগে!
বিদেশুত দেহি কুত্তো অক্কলুরে বৌত আদর গরে,বিদেশে দেখি কুকুরদের অনেক আদর করে
"থিয়েই ন থাইক্কো, আত্তুন দেরি অই যার","দাঁড়িয়ে থেকো না, আমার দেরি হয়ে যাচ্ছে"
"আত্তুন বেশি মাথাব্যথা গরের, এতেল্লে আজিয়ে মার্কেটুত যাইতাম নো","আমার বেশি মাথাব্যথা করছে, তাই আজকে মার্কেটে যাব না"
"আত্তুন বেশি মাথাব্যথা গরের, এতেল্লে আজিইয়্যে মার্কেটুত যাইতাম নো","আমার বেশি মাথাব্যথা করছে, তাই আজকে মার্কেটে যাব না"
"লাভ হম, মাস শেষে দোয়ান ভারাও ন উডে","লাভ কম, মাস শেষে দোকান ভাড়াও উঠে না"
"এই দুনিয়েত বিয়াজ্ঞুন স্বার্থপর, হারাপ সময় আইলি বুঝা যায়","এই দুনিয়াতে সবাই স্বার্থপর, খারাপ সময় আসলে বোঝা যায়"
"এই দুনিয়েত বেজ্ঞুন স্বার্থপর, হারাপ সময় আইলি বুঝা যায়","এই দুনিয়াতে সবাই স্বার্থপর, খারাপ সময় আসলে বোঝা যায়"
"বিয়াক কিছু সম্ভব, কিন্তু আঁর মুখ দি মিছে বাইর অন সম্ভব নো","সবকিছু সম্ভব, কিন্তু আমার মুখ দিয়ে মিথ্যা বের হওয়া সম্ভব না"
তুর বাফ মাঢ়োত গেইয়্যি হাম গইত্তো,তুর বাবা মাঠে গেছে কাজ করতে
তুর বাফ মাঢ়োত গেইয়্যি হাজ গইত্তো,তুর বাবা মাঠে গেছে কাজ করতে
"ঘরুর বিয়াক জাগাত বৃষ্টির পানি ফরের, এন গরি কি থাহন যায়?","ঘরের সব জায়গায় বৃষ্টির পানি পড়ছে, এভাবে কি থাকা যায়?"
"অদ্ধক হাজ গরিই যেন গরি হাপাই উইট্টি, বাকি হাজ হত্তে শেষ গইজ্জুম হনে জানে","অর্ধেক কাজ করেই যেভাবে হাঁপিয়ে উঠেছি, বাকি কাজ কখন শেষ করব কে জানে"
"অদ্ধক হাম গরিই যেন গরি হাপাই উইট্টি, বাকি হাজ হত্তে শেষ গইজ্জুম হনে জানে","অর্ধেক কাজ করেই যেভাবে হাঁপিয়ে উঠেছি, বাকি কাজ কখন শেষ করব কে জানে"
বাজারোত্তুন পিয়েশ শাক লই আইস,বাজার থেকে পুঁই শাক নিয়ে আসো
"বাগানোত তোঁয়ার লাগানো নয়া গাছ ইবে হত দ্রুত বরো অর, দেহিলি সত্যিই মন ভরি যায়","বাগানে তোমার লাগানো নতুন গাছটা কত দ্রুত বাড়ছে, দেখলে সত্যিই মন ভরে যায়"
স্টেশনুত পৌছতে হতক্ষন লাগিবু? দেরি অইলি কিন্তু ট্রেন মিস অই যাইবু,স্টেশনে পৌঁছাতে কতক্ষণ লাগবে? দেরি হলে কিন্তু ট্রেন মিস হয়ে যাবে
"এহনো আঁরা অদ্দকও নো যাই, আরও বৌত পথ বাকি আছে","এখনো আমরা অর্ধেকও যাইনি, আরও অনেক পথ বাকি আছে"
"এইজু আঁরা অদ্দকও নো যাই, আরও বৌত পথ বাকি আছে","এখনো আমরা অর্ধেকও যাইনি, আরও অনেক পথ বাকি আছে"
আঁরে এক্কানা বসহানা হুনদি ইয়েন দেহায় দন,আমাকে একটু রান্নাঘর কোনদিকে সেটা দেখিয়ে দিন
আঁরে ইক্কিনি বসহানা হুনদি ইয়েন দেহায় দন,আমাকে একটু রান্নাঘর কোনদিকে সেটা দেখিয়ে দিন
আঁরে এক্কানা পাকঘর হুনদি ইয়েন দেহায় দন,আমাকে একটু রান্নাঘর কোনদিকে সেটা দেখিয়ে দিন
আঁরে এক্কানা রান্নাঘর হুনদি ইয়েন দেহায় দন,আমাকে একটু রান্নাঘর কোনদিকে সেটা দেখিয়ে দিন
আঁই এক্কান বিপোদত পইজ্জি,আমি একটা বিপদে পড়েছি
আঁই যদি আগে বুঝিতাম তইলি ওনদি ন যাইতাম,"আমি যদি আগে বুঝতাম, তাহলে ওইদিকে যেতাম না"
আঁরো বারির পাশে উজ্ঞো ফা'র আছে,আমাদের বাড়ির পাশে একটা পাহাড় আছে
আঁরো বারির ডাহে উজ্ঞো ফা'র আছে,আমাদের বাড়ির পাশে একটা পাহাড় আছে
এহেল্লে এহেল্লে ন ঘুরি আঁর লগে ঘুরিত ফারো,একা একা না ঘুরে আমার সাথে ঘুরতে পারো
এহেল্লে এহেল্লে ন ঘুরি আঁর ওয়ারে ঘুরিত ফারো,একা একা না ঘুরে আমার সাথে ঘুরতে পারো
এহেল্লে এহেল্লে ন ঘুরি আঁর ফুয়ারে ঘুরিত ফারো,একা একা না ঘুরে আমার সাথে ঘুরতে পারো
হালিয়ে যদি আবাহাওয়া ভালা থাহে তইলি আঁরা পিকনিকুত যাইয়্যুম,"আগামীকাল যদি আবহাওয়া ভালো থাকে, তাহলে আমরা পিকনিকে যাব"
হালিয়ে যদি আবাহাওয়া গম থাহে তইলি আঁরা পিকনিকুত যাইয়্যুম,"আগামীকাল যদি আবহাওয়া ভালো থাকে, তাহলে আমরা পিকনিকে যাব"
"তইলি তুই ট্রেনুর টিকেট হাডি ফেলা বিয়াজ্ঞুনুর লাই, আঁরা সময়মতো বাইর অই যাইয়্যুম","তাহলে তুই ট্রেনের টিকিট কেটে ফেল সবার জন্য, আমরা সময়মতো বের হয়ে যাব"
এবার কাপ্তাই লেকুত গেলি নৌকো লই ঘুইজ্জুম,এবার কাপ্তাই লেকে গেলে নৌকা নিয়ে ঘুরব
হয়েকদিন ঠিকমতো ঘুম ন অইলি মেজাজ এনেই খিটখিট্টে অই যায়।,কয়েকদিন ঠিকমতো ঘুম না হলে মেজাজ এমনিতেই খিটখিটে হয়ে থাকে
এই হারনে আঁই এই দোয়ানুত আইসতু ন চাই,এই কারণে আমি এই দোকানে আসতে চাই না
বাফ যেরহম ফুওয়া ও সেরহম অইয়্যি,বাবা যেরকম ছেলেও সেরকম হয়েছে
তুই ফঅল অইয়্যুস যে ঘরোত যানে?,তুই পাগল হয়েছিস যে ঘরে যানে?
উত বেশি অ'নোর হারনে নৌকো চলাতে হষ্ট অই যার,স্রোত বেশি হওয়ার কারনে নৌকা চালাতে কষ্ট হয়ে যাচ্ছে
"এগিন ন হাইয়্যো, এগিন বেশি ঠাণ্ডা","এগুলো খেয়ো না, এগুলো বেশি ঠাণ্ডা"
"কি হবর বন্ধু, কেন আছোস?","কি খবর বন্ধু, কেমন আছিস?"
"বিলুত্তুন হদোজ্ঞুন টাই মাছ ধরি আইন্নি, এগুন ভালা গরি ধুয় মসল্লা দি তেলুত ভাজি ফেলো","বিল থেকে কতগুলো টাকি মাছ ধরে এনেছি, এগুলো ভাল করে ধুয়ে মসলা দিয়ে তেলে ভেজে ফেল"
"বিলুত্তুন হদোজ্ঞুন টাই মাছ ধরি আইন্নি, এগুন গম গরি ধুয় মসল্লা দি তেলুত ভাজি ফেলো","বিল থেকে কতগুলো টাকি মাছ ধরে এনেছি, এগুলো ভাল করে ধুয়ে মসলা দিয়ে তেলে ভেজে ফেল"
আঁর লাই অপেক্ষা গরন ফইত্তুনো,আমার জন্য অপেক্ষা করতে হবেনা
দাম বেশি হম হইয়্যুন বদ্দা,দাম বেশি কম বলেছেন ভাই
"তুঁই এইমাত্র বাদ্দিত্তুন আইসসো, আগে এক্কানা ফেনুর নিচে বইয়্যো, তারপর আঁই হানা লই আইর","তুমি এইমাত্র বাইরে থেকে আসছ, আগে একটু পাখার নিচে বসো, তারপর আমি খাবার নিয়ে আসছি"
"তুঁই এইমাত্র বাদ্দিত্তুন আইসসো, আগে এক্কানা ফেনুর নিচে বইয়্যো, তারপর আঁই হানা লই আইয়্যির","তুমি এইমাত্র বাইরে থেকে আসছ, আগে একটু পাখার নিচে বসো, তারপর আমি খাবার নিয়ে আসছি"
"তুঁই এইমাত্র বাদ্দিত্তুন আইসসো, আগে ইক্কিনি ফেনুর নিচে বইয়্যো, তারপর আঁই হানা লই আইর","তুমি এইমাত্র বাইরে থেকে আসছ, আগে একটু পাখার নিচে বসো, তারপর আমি খাবার নিয়ে আসছি"
চট্টগ্রামোর মানুষজন  মেজ্জান বৌত পছন্দ গরে,চট্টগ্রামের মানুষজন মেজবান অনেক পছন্দ করে
তুঁই হালিয়ে বাসাত আছিলে নাকি হোটেলুত আছিলে?,তুমি কাল বাসায় ছিলে নাকি হোটেলে ছিলে?
ওয়ারে উজ্ঞো হাট্টল দিতো হইয়্যো,সাথে একটা কাঁঠাল দিতে বলিও
লগে উজ্ঞো হাট্টল দিতো হইয়্যো,সাথে একটা কাঁঠাল দিতে বলিও
ফুয়ারে উজ্ঞো হাট্টল দিতো হইয়্যো,সাথে একটা কাঁঠাল দিতে বলিও
মেইফুওয়ার লগে  মার্কেটুত গেলি আরাদিন ঘুরন ফরে,মেয়েদের সাথে মার্কেটে গেলে সারাদিন ঘুরতে হয়
মেইফুওয়ার ওয়ারে মার্কেটুত গেলি আরাদিন ঘুরন ফরে,মেয়েদের সাথে মার্কেটে গেলে সারাদিন ঘুরতে হয়
মেইফুওয়ার ফুয়ারে মার্কেটুত গেলি আরাদিন ঘুরন ফরে,মেয়েদের সাথে মার্কেটে গেলে সারাদিন ঘুরতে হয়
মেইফুওয়ার লগে মার্কেটুত গেলি ফুরোদিন ঘুরন ফরে,মেয়েদের সাথে মার্কেটে গেলে সারাদিন ঘুরতে হয়
তুই জানোস আই হন? কি আঁর পরিচয়?,তুই জানিস আমি কে? কি আমার পরিচয়?
পাশোর বারির মেইফুওয়া এগুন ফইত্তুদিন আঁরো গুয়াসি গাছুত্তুন গুয়াছি চুরি গরে,পাশের বাড়ির মেয়েগুলো প্রতিদিন আমাদের পেয়ারা গাছ থেকে পেয়ারা চুরি করে
আমগাছুত দলা মারেদ্দে হনে?,আমগাছে ঢিল মারে কে?
"এহন জিনিসপত্রর দাম বেশি, ঈদুর পর দাম হমিবু","এখন জিনিসপত্রের দাম বেশি, ঈদের পর দাম কমবে"
"কি সমস্যা বদ্দা, বাস ছারতে এল্লেত দেরি কা?","কী সমস্যা ভাই, বাস ছাড়তে এত দেরি কেন?"
"কি সমস্যা বদ্দা, বাস ছারতে এতো দেরি কা?","কী সমস্যা ভাই, বাস ছাড়তে এত দেরি কেন?"
"চলন, আজিয়ে দুইজ্জে এক্কোত্তরে হানা হায়","চলেন, আজকে দুপুরে একসাথে খাবার খায়"
"চলন, আজিইয়্যে দুইজ্জে এক্কোত্তরে হানা হায়","চলেন, আজকে দুপুরে একসাথে খাবার খায়"
"চলন, আজিয়ে দুইরগে এক্কোত্তরে হানা হায়","চলেন, আজকে দুপুরে একসাথে খাবার খায়"
"চলন, আজিয়ে দুইজ্জে এক্কোওয়ারে হানা হায়","চলেন, আজকে দুপুরে একসাথে খাবার খায়"
"চলন, আজিয়ে দুইজ্জে একলগে হানা হায়","চলেন, আজকে দুপুরে একসাথে খাবার খায়"
"চলন, আজিয়ে দুইজ্জে এক্কোফুয়ারে হানা হায়","চলেন, আজকে দুপুরে একসাথে খাবার খায়"
"তুঁই যদি নিজুর হানাপিনে নিয়ন্ত্রন ন গরো, তইলি পরে যায় বৌত সমস্যা অইবু","তুমি যদি নিজের খাওয়াদাওয়া নিয়ন্ত্রণ না কর, তাহলে পরে গিয়ে অনেক সমস্যা হবে"
"এসি বাসুর টিকেট উর দাম এক্কানা বেশি, আঁরা নরমাল বাসুত গরি যাইয়্যুম","এসি বাসের টিকিটের দাম একটু বেশি, আমরা নরমাল বাসে করে যাব"
"এসি বাসুর টিকেট উর দাম ইক্কিনি বেশি, আঁরা নরমাল বাসুত গরি যাইয়্যুম","এসি বাসের টিকিটের দাম একটু বেশি, আমরা নরমাল বাসে করে যাব"
"হাশি বেশি অর, উজ্ঞো হফ সিরেপ হন দরহার","কাশি বেশি হচ্ছে, একটা কফ সিরাপ খাওয়া দরকার"
তোর বউ বলে পাশুর বারির উজ্ঞো ফুওয়ার লগে পালাই গেইয়্যি?,তোর বউ নাকি পাশের বাড়ির একটা ছেলের সঙ্গে পালিয়ে গেছে?
"ইশতিয়াক এক্কানা উনো, তোঁয়ার ছোডো ভাই রে এক্কানা পার্ক উত্তুন ঘুরাই আনো","ইশতিয়াক একটু শোনো, তোমার ছোট ভাইকে একটু পার্ক থেকে ঘুরিয়ে নিয়ে এসো"
"ইশতিয়াক ইক্কিনি উনো, তোঁয়ার ছোডো ভাই রে এক্কানা পার্ক উত্তুন ঘুরাই আনো","ইশতিয়াক একটু শোনো, তোমার ছোট ভাইকে একটু পার্ক থেকে ঘুরিয়ে নিয়ে এসো"
তোঁয়ার ছোডো ভাই সামিরোর কি হবর? এহন হন ক্লাসোত পরে?,তোমার ছোট ভাই সামিরের কি খবর? এখন কোন ক্লাসে পড়ে?
অন্য হনো দোয়ানুত ন যায় অঁনোর দোয়ানুত চলি আইস্যি,অন্য কোনো দোকানে না গিয়ে আপনার দোকানে চলে এলাম
আঁরার মাদরাসা পুরো রমজান বন্ধ থাহিবু,আমাদের মাদরাসা পুরো রমজান বন্ধ থাকবে
"বৃষ্টির পরে রাস্তাত যে ফুট অয়, এগিনুত আডাচলা গরন সত্যিই বৌত ঝামিলের","বৃষ্টির পরে রাস্তায় যে কাদা হয়, তাতে চলাচল করা সত্যিই অনেক ঝামেলার"
"যহন আঁর উশ আইয়্যি, তহন দেহি আম্মু আঁর সাম্মোদ্দি থিয়েই থেইক্কি","যখন আমার জ্ঞান ফিরে, তখন দেখি আম্মু আমার সামনে দাঁড়িয়ে আছে"
কিরে বন্ধু! তুই বলে গুজি গুজি প্রেম গরর?,কিরে বন্ধু! তুই নাকি লুকাই লুকাই প্রেম করছিস?
"ইবে কিন্নি বেশিদিন ন অর, এতেল্লে এহন বেইছতাম নো","এটা কিনেছি বেশিদিন হয়নি, সেজন্য এখন বিক্রি করব না"
"অফিসুর বস উরে হই কিছুদিনুর লাই ছুটি লও, বিয়াজ্ঞুন মিলি দূরে হনোমিক্কে ঘুইত্তাম যায়","অফিসের বসকে বলে কিছুদিনের জন্য ছুটি নাও, সবাই মিলে দূরে কোথাও ঘুরতে যাব"
"অফিসুর বস উরে হই কিছুদিনুর লাই ছুটি লও, বেজ্ঞুন মিলি দূরে হনোমিক্কে ঘুইত্তাম যায়","অফিসের বসকে বলে কিছুদিনের জন্য ছুটি নাও, সবাই মিলে দূরে কোথাও ঘুরতে যাব"
ভেগ্য ভালা আছিল বলি এদিন্নে দুর্ঘটনাত্তুন বাচি গেইলাম,ভাগ্য ভালো ছিল বলেই সেদিন দুর্ঘটনা থেকে বেঁচে গিয়েছিলাম
ভেগ্য গম আছিল বলি এদিন্নে দুর্ঘটনাত্তুন বাচি গেইলাম,ভাগ্য ভালো ছিল বলেই সেদিন দুর্ঘটনা থেকে বেঁচে গিয়েছিলাম
ভাইগ্য ভালা আছিল বলি এদিন্নে দুর্ঘটনাত্তুন বাচি গেইলাম,ভাগ্য ভালো ছিল বলেই সেদিন দুর্ঘটনা থেকে বেঁচে গিয়েছিলাম
হুয়াল ভালা আছিল বলি এদিন্নে দুর্ঘটনাত্তুন বাচি গেইলাম,ভাগ্য ভালো ছিল বলেই সেদিন দুর্ঘটনা থেকে বেঁচে গিয়েছিলাম
অঁনোর কি মন হারাপ?,আপনার কি মন খারাপ?
"আত্তুন গম নলার, আঁই এহন চলি যাইর","আমার ভাল লাগছেনা, আমি এখন চলে যাচ্ছি"
"আত্তুন ভালা নলার, আঁই এহন চলি যাইর","আমার ভাল লাগছেনা, আমি এখন চলে যাচ্ছি"
১৯৯১ সালুর বন্যাত লাখ লাখ মানুষ মারা গেইয়্যিল,১৯৯১ সালের বন্যায় লাখ লাখ মানুষ মারা গিয়েছিল
আঁর এক্কান স্বপ্ন সৌদি আরবুত যাই মক্কা শরিফুত হজ গরন,আমার একটা স্বপ্ন সৌদি আরবে গিয়ে মক্কা শরিফে হজ করা
"এন এক্কান যুগুত আইসসি, যে যুগুত নিজুর চরিত্র ঠিক রাহন বৌত কঠিন","এমন একটা যুগে এসেছি, যে যুগে নিজের চরিত্র ঠিক রাখা অনেক কঠিন"
আত্তুন অলিদ্দে কালারুর হর গম ন লাগে,আমার হলুদ রঙের কাপড় ভালো লাগে না
আত্তুন অলিদ্দে কালারুর হর ভালা ন লাগে,আমার হলুদ রঙের কাপড় ভালো লাগে না
হরুর দাম উনি তো আত্তুন ডর লাগের,কাপড়ের দাম শুনে তো আমার ভয় লাগছে
হরুর দাম উনি তো আত্তুন ডর লার,কাপড়ের দাম শুনে তো আমার ভয় লাগছে
আঁরারাইত চেতন থাহি ফোওয়াত্তে দুই ঘন্টা ঘুম গেইলাম,সারারাত জেগে থেকে ভোরে দুই ঘণ্টা ঘুমালাম
"আঁই ডাক্তারোর হাছে যাইর, তুঁই কি আঁর ফুয়ারে যাইবে?","আমি ডক্তারের কাছে যাচ্ছি, তুমি কি আমার সাথে যাবে?"
"আঁই ডাক্তারোর হাছে যাইর, তুঁই কি আঁর লগে যাইবে?","আমি ডক্তারের কাছে যাচ্ছি, তুমি কি আমার সাথে যাবে?"
"আঁই ডাক্তারোর হাছে যাইর, তুঁই কি আঁর ওয়ারে যাইবে?","আমি ডক্তারের কাছে যাচ্ছি, তুমি কি আমার সাথে যাবে?"
"আঁই আর জীবনুত তোরার লগে হনোমিক্কে যাইতাম ন, একবার যায় শিক্ষা অই গেইয়্যি","আমি আর জীবনে তোদের সাথে কোথাও যাব না, একবার গিয়ে শিক্ষা হয়ে গেছে"
"আঁই আর জীবনুত তোরার ওয়ারে হনোমিক্কে যাইতাম ন, একবার যায় শিক্ষা অই গেইয়্যি","আমি আর জীবনে তোদের সাথে কোথাও যাব না, একবার গিয়ে শিক্ষা হয়ে গেছে"
"আঁই আর জীবনুত তোরার ফুয়ারে হনোমিক্কে যাইতাম ন, একবার যায় শিক্ষা অই গেইয়্যি","আমি আর জীবনে তোদের সাথে কোথাও যাব না, একবার গিয়ে শিক্ষা হয়ে গেছে"
সরকারে নতুম নিয়ম গইজ্জি মার্কেট হারা বন্ধ গরি দিবের,সরকার নতুন নিয়ম করেছে মার্কেট দ্রুত বন্ধ করে দেওয়ার
সরকারে নতুম নিয়ম গইজ্জি মার্কেট তারাতারি বন্ধ গরি দিবের,সরকার নতুন নিয়ম করেছে মার্কেট দ্রুত বন্ধ করে দেওয়ার
সরকারে নতুম নিয়ম গইজ্জি মার্কেট জলদি বন্ধ গরি দিবের,সরকার নতুন নিয়ম করেছে মার্কেট দ্রুত বন্ধ করে দেওয়ার
দইজ্জের পানি আস্তে আস্তে উরে উডের,নদীর পানি ধীরে ধীরে ওপরে উঠছে
"বদ্দা, দোয়ানুত্তুন এক প্যাকেট বিস্কুট আর উজ্ঞো কোল্ড ড্রিংক লই আয়","ভাই, দোকান থেকে এক প্যাকেট বিস্কুট আর একটা কোল্ড ড্রিংক নিয়ে আয়"
নানারো বারিত যাইলি মঅতু ভাই বইন অক্কলুর লগে বৌত গল্প অই,নানুর বাড়ি গেলে মামাতো ভাইবোনদের সাথে অনেক গল্প হয়
নানারো বারিত যাইলি মঅতু ভাই বইন অক্কলুর ওয়ারে বৌত গল্প অই,নানুর বাড়ি গেলে মামাতো ভাইবোনদের সাথে অনেক গল্প হয়
নানারো বারিত যাইলি মঅতু ভাই বইন অক্কলুর ফুয়ারে বৌত গল্প অই,নানুর বাড়ি গেলে মামাতো ভাইবোনদের সাথে অনেক গল্প হয়
"কি আর হইয়্যুম, তুঁই তো আঁরে ভুলি গেইয়্যো","কি আর বলব, তুমি তো আমাকে ভুলে গেছো"
রাতিয়ে দেরি গরি ঘুম যন উচিত ন,রাতে দেরি করে ঘুমানো উচিত না
কুরো গোস্তত্তুন বর ডেইল আর আলুচ চান্নি বেশি ভালা লাগে,মুরগির মাংসের চেয়ে ডাল আর আলু ভর্তা বেশি ভালো লাগে
কুরো গোস্তত্তুন বর ডেইল আর আলুচ চান্নি বেশি গম লাগে,মুরগির মাংসের চেয়ে ডাল আর আলু ভর্তা বেশি ভালো লাগে
কুরো গোস্তত্তুন বর ডেইল আর আলুচ ভত্তা বেশি ভালা লাগে,মুরগির মাংসের চেয়ে ডাল আর আলু ভর্তা বেশি ভালো লাগে
কুরা গোস্তত্তুন বর ডেইল আর আলুচ চান্নি বেশি ভালা লাগে,মুরগির মাংসের চেয়ে ডাল আর আলু ভর্তা বেশি ভালো লাগে
"অফিসুত নতুন সফটওয়্যার আইসসি, ইবে বেবার গত্তে সমস্যা অর","অফিসে নতুন সফটওয়্যার এসেছে, ওটা ব্যবহার করতে সমস্যা হচ্ছে"
এবার বিশ্বকাপুত ব্রাজিল জিতিবু,এবার বিশ্বকাপে ব্রাজিল জিতবে
"লাইট ইবে এক্কানা জালাই দও, ঘরুত আধার অই গেইয়্যি","লাইটটা একটু জ্বালিয়ে দাও, ঘরে অন্ধকার হয়ে গেছে"
"লাইট ইবে ইক্কিনি জালাই দও, ঘরুত আধার অই গেইয়্যি","লাইটটা একটু জ্বালিয়ে দাও, ঘরে অন্ধকার হয়ে গেছে"
"তোঁয়ার ভয়েস বৌত নিচু, উনতে বৌত সমস্যা অয়","তোমার ভয়েস অনেক নিচু, শুনতে অনেক সমস্যা হয়"
"বাজারোত্তুন ছৈই আইন্নি, আজিয়ে দুইজ্জে ছৈই ভত্তা গরো","বাজার থেকে শিম এনেছি, আজকে দুপুরে শিম ভর্তা করো"
"বাজারোত্তুন ছৈই আইন্নি, আজিইয়্যে দুইজ্জে ছৈই ভত্তা গরো","বাজার থেকে শিম এনেছি, আজকে দুপুরে শিম ভর্তা করো"
"বাজারোত্তুন ছৈই আইন্নি, আজিয়ে দুইরগে ছৈই ভত্তা গরো","বাজার থেকে শিম এনেছি, আজকে দুপুরে শিম ভর্তা করো"
"বাজারোত্তুন ছৈই আইন্নি, আজিয়ে দুইজ্জে ছৈই চান্নি গরো","বাজার থেকে শিম এনেছি, আজকে দুপুরে শিম ভর্তা করো"
ইতে এতো জোরে দূরেদে পাশুরজন হনোমতেই পারি উঢ়িত ন পারে,সে এত জোরে দৌড়ায় যে পাশের জন কিছুতেই পেরে উঠতে পারে না
ইতে এল্লেত জোরে দূরেদে পাশুরজন হনোমতেই পারি উঢ়িত ন পারে,সে এত জোরে দৌড়ায় যে পাশের জন কিছুতেই পেরে উঠতে পারে না
"কুরো কিনিলি এত্তুন জুওয়ারাই আইন্নুন, এনডে জুওয়ারাইত ন ফাইজ্জুম","মুরগি কিনলে ওখান থেকে জবাই করে আনিয়েন, এখানে জবাই করতে পারব না"
"কুরা কিনিলি এত্তুন জুওয়ারাই আইন্নুন, এনডে জুওয়ারাইত ন ফাইজ্জুম","মুরগি কিনলে ওখান থেকে জবাই করে আনিয়েন, এখানে জবাই করতে পারব না"
বাসোত বই রে বৌত হতক্ষন অপেক্ষা গরন পইজ্জি,বাসে বসে অনেকক্ষণ অপেক্ষা করতে হয়েছে
"আজিয়্যে শুক্কুরবার, আজিয়্যে বেশি হাম, এতেল্লে বেশি বিজি থাইক্কুম","আজকে শুক্রবার, আজকে বেশি কাজ, সেজন্য বেশি ব্যস্ত থাকব"
"বদ্দা, সামনে রাস্তা ভাঙা, গারি আর সামনে যাইত ন ফারিবু","ভাই, সামনে রাস্তা ভাঙা, গাড়ি আর সামনে যেতে পারবে না"
"আঁর টিকেট আঝি গেইয়্যি, এহন কি নতুন গরি কিনন ফরিবু নাকি অন্য হনো ব্যবাস্থা আছে?","আমার টিকেট হারিয়ে গেছে, এখন কি নতুন করে কিনতে হবে নাকি অন্য কোনো ব্যবস্থা আছে?"
অঁনে কেন আছন?,আপনি কেমন আছেন? 
"আম্মু যদি হনোভাবে জানি যায়, তইলি বৌত সমস্যা অইবু","আম্মু যদি কোনোভাবে জেনে যায়, তাহলে অনেক সমস্যা হবে"
মুরগির পিস এগিন মিডিয়াম সাইজুর গইত্তো হইয়্যো,মুরগির পিসগুলো মিডিয়াম সাইজের করতে বলিও
"আঁর জামাই উর চঅরি অনডে, এতেল্লে আঁরা অনডে থাহি","আমার স্বামীর চাকরি ওখানে, তাই আমরা ওখানেই থাকি"
বসহানাত্তুন বিরেনির হুসবো আইয়্যির,রান্নাঘর থেকে বিরিয়ানির সুগন্ধি আসছে
"সাম্মোদ্দি ফটবল বিশ্বকাপ, এতেল্লে নতুন টিভি কিনি এইন্নি","সামনে ফুটবল বিশ্বকাপ, তাই নতুন টিভি কিনে এনেছি"
এন গরি চালাফেরা গরিলি গ্রামুর মানুষজন আঁরারে হারাফ হইবু,এভাবে চলাফেরা করলে গ্রামের মানুষজন আমাদেরকে খারাপ বলবে
"তোঁয়ার বারি তো রাস্তা ইবে দি নো, তইলি এই রাস্তাত কি গরের?","তোমার বাড়ি তো এই রাস্তা দিয়ে না, তাহলে এই রাস্তায় কী করছ?"
এল্লেত দাম দি লইলি আত্তুন ন পোষাইবু,এত দাম দিয়ে কিনলে আমার পোষাবে না
এতো দাম দি লইলি আত্তুন ন পোষাইবু,এত দাম দিয়ে কিনলে আমার পোষাবে না
"স্যার, এক্কানা বইয়্যুন, অঁনোর লাই চিয়ার লই আইসসি","স্যার, একটু বসুন, আপনার জন্য চেয়ার নিয়ে আসছি"
"স্যার, ইক্কিনি বইয়্যুন, অঁনোর লাই চিয়ার লই আইসসি","স্যার, একটু বসুন, আপনার জন্য চেয়ার নিয়ে আসছি"
তোঁয়ার মন হারাপ দেহি তোঁয়ার লাই বিরেনি রান্না গইজ্জি,তোমার মন খারাপ দেখে তোমার জন্য বিরিয়ানি রান্না করেছি
"বাজারুত সিন্ডিকেট বারি গেইয়্যি, ইতারার হারনে বিয়াক জিনিসুর দাম বেশি","বাজারে সিন্ডিকেট বেড়ে গেছে, এদের কারণে সব জিনিসের দাম বেশি"
"আঁর মাথা ঘুরার, কী গইজ্জুম ন বুঝির","আমার মাথা ঘুরছে, কী করব বুঝছি না"
বল ইবে হুনদি মাইজ্জো? তোওয়াই ন পাইদ্দি,বলটি কোনদিকে মারছো? খোজে পাচ্ছিনা
"আঁরে তারাতারি আপডেট জানোন, এনডে বিয়াজ্ঞুন চিন্তেত আছে","আমাকে তাড়াতাড়ি আপডেট জানান, এখানে সবাই চিন্তায় আছে"
"আঁরে তারাতারি আপডেট জানোন, এনডে বেজ্ঞুন চিন্তেত আছে","আমাকে তাড়াতাড়ি আপডেট জানান, এখানে সবাই চিন্তায় আছে"
"তোঁয়ারে তো আগে হনোদিন এই গ্রামুত ন দেহি, তোঁয়ার বারি হনডে?","তোমাকে তো আগে কখনো এই গ্রামে দেখিনি, তোমার বাড়ি কোথায়?"
"আত্তুন মাথা ব্যথা গরের বেশি, মনে অয় ঠাণ্ডা লাগি গেইয়্যি","আমার মাথা ব্যথা করছে বেশি, মনে হয় ঠাণ্ডা লেগে গেছে"
তুঁই কি আইবে?,তুমি কি আসবে?
"এত বকবক ন গরি হাজুত মন দও, বিয়াক হাজ পরি আছে","এত বকবক না করে কাজে মন দাও, সব কাজ পড়ে আছে"
"এত বকবক ন গরি হাজুত মন দও, বিয়াক হাম পরি আছে","এত বকবক না করে কাজে মন দাও, সব কাজ পড়ে আছে"
"আজিয়ে কিছু জিনিস আনিবের লাই ভুলি গেই, হালিয়ে আবারও বাজার গরন ফরিবু","আজকে কিছু জিনিস আনতে ভুলে গেছি, কাল আবারও বাজার করতে হবে"
"আজিইয়্যে কিছু জিনিস আনিবের লাই ভুলি গেই, হালিয়ে আবারও বাজার গরন ফরিবু","আজকে কিছু জিনিস আনতে ভুলে গেছি, কাল আবারও বাজার করতে হবে"
তোঁয়ার মেইফুওয়া ঘুমুত্তুন উইট্টি কিনা স তো,তোমার মেয়ে ঘুম থেকে উঠেছে কি না দেখো তো
"বেশি জোরে বাতাস অর, মনে অয় আজিয়ে আর কারোন ন আইবু","বেশি জোরে বাতাস হচ্ছে, মনে হয় আজ আর কারেন্ট আসবে না"
আজিয়ে কুরো দি আলু আর হাট্টা বেইয়্যুন চান্নি গইজ্জুম,আজকে মুরগি দিয়ে আলু এবং টমেটো ভর্তা করব
আজিইয়্যে কুরো দি আলু আর হাট্টা বেইয়্যুন চান্নি গইজ্জুম,আজকে মুরগি দিয়ে আলু এবং টমেটো ভর্তা করব
আজিয়ে কুরো দি আলু আর হাট্টা বেইয়্যুন ভত্তা গইজ্জুম,আজকে মুরগি দিয়ে আলু এবং টমেটো ভর্তা করব
আজিয়ে কুরা দি আলু আর হাট্টা বেইয়্যুন চান্নি গইজ্জুম,আজকে মুরগি দিয়ে আলু এবং টমেটো ভর্তা করব
অঁনে হালিইয়্যে আইত ফারিবেন?,আপনি আগামীকাল আসতে পারবেন?
"আইবের সমত ঘরোত তালা মারি আইস, নইলি চোর আই রে বিয়াক চুরি গরি লই যাইবু","আসার সময় ঘরে তালা মেরে আসিস, না হলে চোর এসে চুরি করে সব নিয়ে যাবে"
"এই শার্ট ইবে লন, গরমুত পরি আরাম ফাইবেন","এই শার্টটা নেন, গরমে পরে আরাম পাবেন"
"আদনান হইয়্যিল বিয়ে হালিয়ে, তইলি আজিয়ে এল্লেত আয়োজন কিয়ুর?","আদনান বলেছিল বিয়ে আগামীকাল, তাহলে আজ এত আয়োজন কিসের?"
"আদনান হইয়্যিল বিয়ে হালিয়ে, তইলি আজিয়ে এতো আয়োজন কিয়ুর?","আদনান বলেছিল বিয়ে আগামীকাল, তাহলে আজ এত আয়োজন কিসের?"
আঁর আত পা ব্যথা গরের,আমার হাত পা ব্যথা করছে
"স্যার, হন টপিকগিন পরীক্ষেত আইবু যদি হইতেন","স্যার, কোন টপিকগুলো পরীক্ষায় আসবে যদি বলতেন"
"মজার লাই ছারিত ন পারির, কেঢ়ার লাই গিলিত ন পারির","মজার জন্য ছাড়তে পারছি না, কাটার জন্য গিলতে পারছি না"
"আঁই মামির লগে হতা হইলাম, মামি হদ্দে তুঁই চাইলি আঁর লগে বাসা চাইতু যাইত পারো","আমি মামির সাথে কথা বলেছি, মামি বলছে তুমি চাইলে আমার সাথে বাসা দেখতে যেতে পার"
"আঁই মামির ওয়ারে হতা হইলাম, মামি হদ্দে তুঁই চাইলি আঁর লগে বাসা চাইতু যাইত পারো","আমি মামির সাথে কথা বলেছি, মামি বলছে তুমি চাইলে আমার সাথে বাসা দেখতে যেতে পার"
"আঁই মামির ফুয়ারে হতা হইলাম, মামি হদ্দে তুঁই চাইলি আঁর লগে বাসা চাইতু যাইত পারো","আমি মামির সাথে কথা বলেছি, মামি বলছে তুমি চাইলে আমার সাথে বাসা দেখতে যেতে পার"
"আঁই মামির লগে হথা হইলাম, মামি হদ্দে তুঁই চাইলি আঁর লগে বাসা চাইতু যাইত পারো","আমি মামির সাথে কথা বলেছি, মামি বলছে তুমি চাইলে আমার সাথে বাসা দেখতে যেতে পার"
আঁই বৌত হতক্ষন ধরি তোঁয়ার লাই অপেক্ষা গরির,আমি অনেকক্ষণ ধরে তোমার জন্য অপেক্ষা করছি
ফইরোত বৌত বরো উজ্ঞো অলি মাছি দেইক্কি,পুকুরে অনেক বড় একটা শোল মাছ দেখেছি
"আঁই এত্তুন ন দেহির, তুই হাতাগো আরেক্কানা উরে গরি ধর","আমি এখান থেকে দেখতে পারছি না, তুই খাতাটা আরেকটু উঁচু করে ধর"
"আঁরা তিনজন বন্ধু, আঁরারে এক্কান বরো রুম দিলিই অইবু","আমরা তিনজন বন্ধু, আমাদের একটা বড় রুম দিলেই হবে"
"তুঁই তো এহনো সেন্ট মার্টিন ন যও, গেলি বুইজতে সুন্দর হারে হয়","তুমি তো এখনো সেন্ট মার্টিন যাওনি, গেলে বুঝতে সুন্দর কাকে বলে"
"তুঁই তো এইজু সেন্ট মার্টিন ন যও, গেলি বুইজতে সুন্দর হারে হয়","তুমি তো এখনো সেন্ট মার্টিন যাওনি, গেলে বুঝতে সুন্দর কাকে বলে"
"ডাক্তার হইয়্যি রক্তত শর্করার মাত্রা বারি গেইয়্যি, হানাপিনে নিয়ন্ত্রণ গরন ফরিবু","ডাক্তার বললেন, রক্তে শর্করার মাত্রা বেড়ে গেছে, খাওয়াদাওয়া নিয়ন্ত্রণ করতে হবে"
মন হারাপ থাহিলি বন্ধু অক্কলুর লগে ঘুরি আয়,মন খারাপ থাকলে বন্ধুদের সঙ্গে ঘুরে আয়
"অঁনে এক্কানা বাইরে যন, আঁই হর পাল্ডায় লই","আপনি একটু বাইরে যান, আমি কাপড় পাল্টে নিই"
"অঁনে ইক্কিনি বাইরে যন, আঁই হর পাল্ডায় লই","আপনি একটু বাইরে যান, আমি কাপড় পাল্টে নিই"
"অঁনে এক্কানা বাদ্দি যন, আঁই হর পাল্ডায় লই","আপনি একটু বাইরে যান, আমি কাপড় পাল্টে নিই"
আজিয়ের আবাহাওয়া দেহি মনে অদ্দে ছাতি ছাড়া বাইর অন ঠিক ন অইবু,আজকের আবহাওয়া দেখে মনে হচ্ছে ছাতা ছাড়া বের হওয়া ঠিক হবে না
"আঁর বর্তমান অবস্থা বৌত বাজে, কিরহম বাজে ইয়েন হইবের মতন নো","আমার বর্তমান অবস্থা খুব বাজে, কিরকম বাজে সেটা বলার মতো না"
"থিয়েও, এক্কানা অপেক্ষা গরো, আগে আঁর ইয়েন গরি ফেলাই, তারপর তোঁয়ার ইয়েন গইজ্জুম","দাঁড়াও, একটু অপেক্ষা করো, আগে আমারটা করে ফেলি, তারপর তোমারটা করে দেব"
"থিয়েও, ইক্কিনি অপেক্ষা গরো, আগে আঁর ইয়েন গরি ফেলাই, তারপর তোঁয়ার ইয়েন গইজ্জুম","দাঁড়াও, একটু অপেক্ষা করো, আগে আমারটা করে ফেলি, তারপর তোমারটা করে দেব"
"তুই আঁর চঅর, আঁই যা হইয়্যুম তোরতুন তা উনোন ফরিবু","তুই আমার চাকর, আমি যা বলব তোকে তা শুনতে হবে"
"আজিয়ে শুক্কুরবার, এতেল্লে আজিয়ে জুমার নামাজ ফরন ফরিবো","আজকে শুক্রবার, সেজন্য আজকে জুমার নামাজ পড়তে হবে"
"আজিইয়্যে শুক্কুরবার, এতেল্লে আজিয়ে জুমার নামাজ ফরন ফরিবো","আজকে শুক্রবার, সেজন্য আজকে জুমার নামাজ পড়তে হবে"
এবার রমজানুত পিয়েজুর দাম অইনুর মতন,এবার রমজানে পেঁয়াজের দাম আগুনের মতো
দুরে হনোমিক্কে গেলি ঘরুত্তুন দোয়া পরি বাইর অন ফরে,দূরে কোথাও গেলে ঘর থেকে দোয়া পড়ে বের হতে হয়
"আম্মু বেত লইয়্যিরে আইয়্যির, তারাতারি ফইরোত্তুন উডি আই","আম্মু বেত নিয়ে আসছে, তাড়াতাড়ি পুকুর থেকে উঠে আয়"
"বদ্দা, প্লিজ রাস্তার মাঝে গারি ন রাহি পাশে সরাই লন","ভাই, প্লিজ রাস্তার মাঝখানে গাড়ি না রেখে পাশে সরিয়ে নিন"
"বদ্দা, প্লিজ রাস্তার মাঝে গারি ন রাহি ডাহে সরাই লন","ভাই, প্লিজ রাস্তার মাঝখানে গাড়ি না রেখে পাশে সরিয়ে নিন"
"আর ইয়েন যদি আঁই নো আইন্তাম, তইলি তোঁয়াত্তুন হষ্ট গরি আবার আনন ন ফইত্তু?","আর এটা যদি আমি না আনতাম, তাহলে তোমার কষ্ট করে আবার আনতে হতো না?"
"বালি আর্কেডুত যাইতাম ন এবার, গত বছর পাঞ্জাবি উজ্ঞো লই ঠইক্কিলাম এত্তুন","বালি আর্কেডে যাব না এবার, গত বছর পাঞ্জাবি একটা নিয়ে ঠকেছি ওখান থেকে"
মালিহার বলে বিয়ে ঠিক অইয়্যি? ইতির এল্লেত তারাতারি বিয়ে অইবু ইয়েন চিন্তে নো গরি,মালিহার নাকি বিয়ে ঠিক হয়েছে? তার এত জলদি বিয়ে হবে চিন্তা করিনায়
মালিহার বলে বিয়ে ঠিক অইয়্যি? ইতির এতো তারাতারি বিয়ে অইবু ইয়েন চিন্তে নো গরি,মালিহার নাকি বিয়ে ঠিক হয়েছে? তার এত জলদি বিয়ে হবে চিন্তা করিনায়
মালিহার বলে বিয়ে ঠিক অইয়্যি? ইতির এল্লেত হারা বিয়ে অইবু ইয়েন চিন্তে নো গরি,মালিহার নাকি বিয়ে ঠিক হয়েছে? তার এত জলদি বিয়ে হবে চিন্তা করিনায়
মালিহার বলে বিয়ে ঠিক অইয়্যি? ইতির এল্লেত জলদি বিয়ে অইবু ইয়েন চিন্তে নো গরি,মালিহার নাকি বিয়ে ঠিক হয়েছে? তার এত জলদি বিয়ে হবে চিন্তা করিনায়
"তুঁই কি সেহেরি হাইয়্যো, নাকি ন হায় রোজা রেইক্কো?","তুমি কি সেহরি খেয়েছো, নাকি না খেয়ে রোজা রেখেছ?"
আরাত্তুন আরো ভালা গরি হোছহবর লন ফরিবু সামনে আগাইবের আগে,আমাদের আরও ভালো করে খোঁজখবর নিতে হবে সামনে এগোনোর আগে
আরাত্তুন আরো গম গরি হোছহবর লন ফরিবু সামনে আগাইবের আগে,আমাদের আরও ভালো করে খোঁজখবর নিতে হবে সামনে এগোনোর আগে
জেইল্লে অক্কল দইজ্জেত যাই জাল দি মাছ ধরে,জেলেরা নদীতে গিয়ে জাল দিয়ে মাছ ধরে
ঝরোর মধ্যে ট্রেন জার্নি বৌত মজা অইবু,বৃষ্টির মধ্যে ট্রেন জার্নি অনেক মজা হবে
বাস কি সামনুর স্টেশনুত থামিবু? নামাজুর সময় অই গেইয়্যি,বাস কি সামনের স্টেশনে থামবে? নামাজের সময় হয়ে গেছে
"অঁনে এক্কানা ধৈর্য ধরন, বিয়াক ঠিকঠাক অই যাইবু","আপনি একটু ধৈর্য ধরুন, সব ঠিকঠাক হয়ে যাবে"
"অঁনে ইক্কিনি ধৈর্য ধরন, বিয়াক ঠিকঠাক অই যাইবু","আপনি একটু ধৈর্য ধরুন, সব ঠিকঠাক হয়ে যাবে"
চলি যাইবেন? কিল্লে চলি যাইবেন?,চলে যাবেন? কেন চলে যাবেন?
"আগে মাঢ়োত যাইলি আঁর বিয়াক বন্ধু অক্কলুরে দেহিতাম, এহন বিয়াজ্ঞুন নিজুর জীবন লই ব্যস্ত","আগে মাঠে গেলে আমার সব বন্ধুদের দেখতাম, এখন সবাই নিজেদের জীবন নিয়ে ব্যস্ত"
"আগে মাঢ়োত যাইলি আঁর বিয়াক বন্ধু অক্কলুরে দেহিতাম, এহন বেজ্ঞুন নিজুর জীবন লই ব্যস্ত","আগে মাঠে গেলে আমার সব বন্ধুদের দেখতাম, এখন সবাই নিজেদের জীবন নিয়ে ব্যস্ত"
আরাদিন ফোনুত গেম ন খেলি এক্কানা বাইরে মাঢ়োত যাই খেলিত ন পারস?,সারাদিন ফোনে গেমস না খেলে একটু বাইরে মাঠে গিয়ে খেলতে পারিস না
আরাদিন ফোনুত গেম ন খেলি ইক্কিনি বাইরে মাঢ়োত যাই খেলিত ন পারস?,সারাদিন ফোনে গেমস না খেলে একটু বাইরে মাঠে গিয়ে খেলতে পারিস না
আরাদিন ফোনুত গেম ন খেলি এক্কানা বাদ্দি মাঢ়োত যাই খেলিত ন পারস?,সারাদিন ফোনে গেমস না খেলে একটু বাইরে মাঠে গিয়ে খেলতে পারিস না
ফুরোদিন ফোনুত গেম ন খেলি এক্কানা বাইরে মাঢ়োত যাই খেলিত ন পারস?,সারাদিন ফোনে গেমস না খেলে একটু বাইরে মাঠে গিয়ে খেলতে পারিস না
"কিরে, ব্যাপার কী, আজিয়ে বৌত আ'সিখুশি লাগের!","কিরে, ব্যাপার কী, আজ অনেক হাসিখুশি লাগছে!"
আঁই হইয়্যি যহন অবশ্যই সাহায্য গইজ্জুম,আমি বলেছি যখন অবশ্যই সাহায্য করব
"আঁই আগে বৌত ভালা আছিলাম, এহন ইতের লগে মিশতে মিশতে হারাপ অই যাইর","আমি আগে অনেক ভালো ছিলাম, এখন ওর সঙ্গে মিশতে মিশতে খারাপ হয়ে যাচ্ছি"
"আঁই আগে বৌত গম আছিলাম, এহন ইতের লগে মিশতে মিশতে হারাপ অই যাইর","আমি আগে অনেক ভালো ছিলাম, এখন ওর সঙ্গে মিশতে মিশতে খারাপ হয়ে যাচ্ছি"
ফুওয়া-মেইফুওয়া একলগে দুরে ঘুইত্তু যন ঠিক ন,ছেলেমেয়ে একসাথে দূরে ঘুরতে যাওয়া ঠিক না
ফুওয়া-মেইফুওয়া এক্কোত্তরে দুরে ঘুইত্তু যন ঠিক ন,ছেলেমেয়ে একসাথে দূরে ঘুরতে যাওয়া ঠিক না
ফুওয়া-মেইফুওয়া এক্কোওয়ারে দুরে ঘুইত্তু যন ঠিক ন,ছেলেমেয়ে একসাথে দূরে ঘুরতে যাওয়া ঠিক না
ফুওয়া-মেইফুওয়া এক্কোফুয়ারে দুরে ঘুইত্তু যন ঠিক ন,ছেলেমেয়ে একসাথে দূরে ঘুরতে যাওয়া ঠিক না
এই জাগাত এক্কান ভুল অইয়্যি,এই জায়গায় একটা ভুল হয়েছে
"মারজানোর কি হবর? উইন্নিলাম তার নাকি বিয়ে ঠিক অই গেইয়্যি, ইয়েন কি আ'ছা?","মারজানের কি খবর? শুনেছি তার নাকি বিয়ে ঠিক হয়ে গেছে, এটা কি সত্যি?"
এবার ঠান্ডা এক্কানা বেশি পরের,এবার ঠান্ডা একটু বেশি পড়ছে
এবার ঠান্ডা ইক্কিনি বেশি পরের,এবার ঠান্ডা একটু বেশি পড়ছে
"এই আম ইবে বেশি পাগি গেইয়্যি, এব্বেরে নরম অই গেইয়্যি","এই আমটা বেশি পেকে গেছে, একদম নরম হয়ে গেছে"
"নাস্তা গইত্তো আইয়্যু, ঠান্ডা অই যার","নাস্তা করতে আসো, ঠান্ডা হয়ে যাচ্ছে"
গারির চাক্কা বৌত জোরে ঘুরের,গাড়ির চাকা অনেক জোরে ঘুরছে
বিয়াক ঠিকঠাক থাহিলি আঁরা হালিয়ে সকাল সকাল বাইর অই যাইয়্যুম,সব ঠিকঠাক থাকলে আমরা আগামীকাল সকাল সকাল বের হয়ে যাব
"বদ্দা, তুই এতো হস কেনে, তোর ইবে পেট নাকি অন্য কিছু!","ভাই, তুই এত খাস কীভাবে, তোরটা পেট নাকি অন্য কিছু!"
"বদ্দা, তুই এল্লেত হস কেনে, তোর ইবে পেট নাকি অন্য কিছু!","ভাই, তুই এত খাস কীভাবে, তোরটা পেট নাকি অন্য কিছু!"
তুঁই কেন আছো?,তুমি কেমন আছো?
বদ্দা এগিন ক দেহাইতে লাইজ্ঞুন? সুতোর শারি দেহন,ভাই এগুলো কি দেখাচ্ছেন? সুতির শাড়ি দেখান
"তুই মিছে হর, তোর নাম কামরুল নো","তুই মিথ্যা বলছিস, তোর নাম কামরুল না"
"আর হত লাভ গরিবেন অঁনেরা, এত টিয়া লই কী হবরুত যাইবেন?","আর কত লাভ করবেন আপনারা, এত টাকা নিয়ে কী কবরে যাবেন?"
"ঘরোত রইদ ঢুকের, জনালার পর্দাগান টানি দ","ঘরে রোদ ঢুকছে, জানালার পর্দাটা টেনে দাও"
"স্যার, আঁর রিপোর্ট ইয়েন এক্কানা সন, যদি হনো জাগাত ভুল থাহে তইলি ঠিক গইজ্জুম","স্যার, আমার রিপোর্টটা একটু দেখেন, যদি কোনো জায়গায় ভুল থাকে তাহলে ঠিক করব"
"স্যার, আঁর রিপোর্ট ইয়েন ইক্কিনি সন, যদি হনো জাগাত ভুল থাহে তইলি ঠিক গইজ্জুম","স্যার, আমার রিপোর্টটা একটু দেখেন, যদি কোনো জায়গায় ভুল থাকে তাহলে ঠিক করব"
আজুইন্নে চা হাইবে নাকি কফি হাইবে?,সন্ধ্যায় চা খাবে নাকি কফি খাবে?
"আঁর নানু যহন বাছি আছিল, তহন ইবে আঁরারে পিডে বানাই হাবাইতু","আমার নানু যখন বেঁচে ছিলেন, তখন উনি আমাদের পিঠা বানিয়ে খাওয়াতেন"
"আফা, তোঁয়ার ফুয়া ফেহেনা গরি দিইয়্যি","আপু, তোমার বাচ্চা পায়খানা করে দিয়েছে"
"জার্মানি ব্রাজিল উরে সাত গোল দিইয়্যিল, এতেল্লে ব্রাজিল উরে সেভেন আপ হয়","জার্মানি ব্রাজিলকে সাত গোল দিয়েছিল, সেজন্য ব্রাজিলকে সেভেন আপ বলে"
আত্তুন মনে অদ্দে মেইফুওয়া ইবে তুরে যাদু গইজ্জি,আমার মনে হচ্ছে মেয়েটা তোকে যাদু করেছে
আলসেমি ন গরি তারাতারি বাজার লই আইয়্যো,আলসেমি না করে তাড়াতাড়ি বাজার নিয়ে এসো
বাংলাদেশুর মানুষজন ব্রাজিল-আর্জেন্টিনা লই ফঅল,বাংলাদেশের মানুষজন ব্রাজিল-আর্জেন্টিনা নিয়ে পাগল
একবার আম্মু ইতারা দুনুজনোরে বৌত মেইজ্জিল,একবার আম্মু ওদের দুজনকে অনেক মেরেছিল
আঁই এক্কান হতা হইতাম চাইদ্দি,আমি একটা কথা বলতে চাচ্ছি
আঁই এক্কান হথা হইতাম চাইদ্দি,আমি একটা কথা বলতে চাচ্ছি
"স্যার, ক্লাস টেস্ট উর ফলাফল হত্তে দিবেন, বৌত দিন ধরি অপেক্ষা গরির","স্যার, ক্লাস টেস্টের ফলাফল কবে দেবেন, অনেক দিন ধরে অপেক্ষা করছি"
আরো বৌত হাজ বাকি আছে,আরো অনেক কাজ বাকি আছে
আরো বৌত হাম বাকি আছে,আরো অনেক কাজ বাকি আছে
বাইরে এন গরি চিল্লেদ্দে হনে? আঁর হালিয়ে পরীক্ষে,বাইরে এভাবে চিৎকার করছে কে? আমার আগামীকাল পরীক্ষা
বাদ্দি এন গরি চিল্লেদ্দে হনে? আঁর হালিয়ে পরীক্ষে,বাইরে এভাবে চিৎকার করছে কে? আমার আগামীকাল পরীক্ষা
এই গরমুর মধ্যে মাঢ়োত হাজ গরন বৌত হষ্টকর,এই গরমের মধ্যে মাঠে কাজ করা অনেক কষ্টকর
এই গরমুর মধ্যে মাঢ়োত হাম গরন বৌত হষ্টকর,এই গরমের মধ্যে মাঠে কাজ করা অনেক কষ্টকর
ডাক্তার হইয়্যি বেশি রাইত চেতন থাহিবের হারনে স্বাইস্থর বৌত হতি অর,ডাক্তার বললেন বেশি রাত জেগে থাকার কারণে স্বাস্থ্যের অনেক ক্ষতি হচ্ছে
স আঁর বাগান ইয়েন হতো সুন্দর!,দেখো আমার বাগানটা কত সুন্দর!
স্যার যে হোমওয়ার্ক দিয়ি এগিন গইজ্জো?,স্যার যে হোমওয়ার্ক দিয়েছে সেগুলো করেছ?
"নানির বয়স অইয়্যি, এতেল্লে বিয়াক ভুলি যায়","নানুর বয়স হয়েছে, সেজন্য সবকিছু ভুলে যায়"
আঁর ছোডো ভাই ফইত্তুদিন বেইন্নে মাঢ়োত দূরে,আমার ছোট ভাই প্রতিদিন সকালে মাঠে দৌড়ায়
আঁর ছোডো ভাই ফইত্তুদিন ফজোরত মাঢ়োত দূরে,আমার ছোট ভাই প্রতিদিন সকালে মাঠে দৌড়ায়
"প্রশ্ন দেহি আঁর মাথা ঘুরার, কী লেইক্কুম ন বুঝির","প্রশ্ন দেখে আমার মাথা ঘুরছে, কী লিখব বুঝছি না"
মনোত থাহিবু কি কি আনন ফরিবু?,মনে থাকবে কি কি আনতে হবে?
আর দুই-এক্কান শব্দ লেহিলিই আঁরার ডাটাসেট সম্পূর্ণ অই যাইবু,আর দু-একটা শব্দ লিখলেই আমাদের ডাটাসেট সম্পূর্ণ হয়ে যাবে
তোঁয়ারে সবুজ রঙুর হরে বৌত মানাইবু,তোমাকে সবুজ রঙের কাপড়ে অনেক মানাবে
"আম্মু, আঁই বন্ধুর লগে বিয়েলে এক্কানা আইটতাম বাইর অইয়্যুম","মা, আমি বন্ধুর সাথে বিকেলে একটু হাঁটতে বের হব"
"আম্মু, আঁই বন্ধুর লগে বিয়েলে ইক্কিনি আইটতাম বাইর অইয়্যুম","মা, আমি বন্ধুর সাথে বিকেলে একটু হাঁটতে বের হব"
"আম্মু, আঁই বন্ধুর ওয়ারে বিয়েলে এক্কানা আইটতাম বাইর অইয়্যুম","মা, আমি বন্ধুর সাথে বিকেলে একটু হাঁটতে বের হব"
"আম্মু, আঁই বন্ধুর ফুয়ারে বিয়েলে এক্কানা আইটতাম বাইর অইয়্যুম","মা, আমি বন্ধুর সাথে বিকেলে একটু হাঁটতে বের হব"
তুঁই কি আঁর হথা উনিবে নাকি নো উনিবে?,তুমি আমার কথা শুনবে নাকি শুনবে না?
তুঁই কি আঁর হতা উনিবে নাকি নো উনিবে?,তুমি আমার কথা শুনবে নাকি শুনবে না?
"আঁরার বাস কুমিল্লেত এক্কান হোটেলুত থামিবু, আঁরা এনডেত্তুন রাতিয়ের হানা হায় লইয়্যুম","আমাদের বাস কুমিল্লায় একটা হোটেলে থামবে, আমরা ওখান থেকে রাতের খাবার খেয়ে নেব"
তোঁয়ারে আ'সিলি বৌত সুন্দর লাগে,তোমাকে হাসলে অনেক সুন্দর লাগে
"লেখতে লেখতে আঁর আত ব্যথা অই গেইয়্যি, তাও লেহা শেষ ন অর","লিখতে লিখতে আমার হাত ব্যথা হয়ে গেছে, তাও লেখা শেষ হয় না"
"আঁর বউ ইবে বৌত ভেগ্যবৌতী, ইবে ঘরুত আইবের পরুত্তুন বিয়াক কিছু ভালা অর","আমার বউটা অনেক ভাগ্যবৌতী, সে ঘরে আসার পর থেকে সবকিছু ভালো হচ্ছে"
"আঁর বউ ইবে বৌত ভেগ্যবৌতী, ইবে ঘরুত আইবের পরুত্তুন বিয়াক কিছু গম অর","আমার বউটা অনেক ভাগ্যবৌতী, সে ঘরে আসার পর থেকে সবকিছু ভালো হচ্ছে"
"বেশি ঠান্ডা লার, ফ্যান ইবে বন গরো","বেশি ঠান্ডা লাগছে, ফ্যানটা বন্ধ করো"
"আগে যে শারি গান লইলাম, ইয়েনুর মতন আরেক্কান শারি দন","আগে যে শাড়িটা নিয়েছিলাম, ওটার মতো আরেকটা শাড়ি দিন"
"ইবে ফইত্তুদিন দুইজ্জে অফিসুর ক্যান্টিনুত হায়, বারিত্তুন টিফিন ন আনে","সে প্রতিদিন দুপুরে অফিসের ক্যান্টিনে খায়, বাড়ি থেকে টিফিন আনে না"
"ইবে ফইত্তুদিন দুইরগে অফিসুর ক্যান্টিনুত হায়, বারিত্তুন টিফিন ন আনে","সে প্রতিদিন দুপুরে অফিসের ক্যান্টিনে খায়, বাড়ি থেকে টিফিন আনে না"
"মারুফ, তুর আফারে এক্কানা মে'দি লাগায় দে","মারুফ, তোর আপুকে একটু মেহেদি লাগিয়ে দে"
"মারুফ, তুর আফারে ইক্কিনি মে'দি লাগায় দে","মারুফ, তোর আপুকে একটু মেহেদি লাগিয়ে দে"
"আকাশুত হালা মৌলো জইম্মি, মনে অদ্দে আজিয়ে রাতিয়ে ভারী বৃষ্টি অইবু","আকাশে কালো মেঘ জমছে, মনে হচ্ছে আজকে রাতে ভারী বৃষ্টি হবে"
"আকাশুত হালা মৌলো জইম্মি, মনে অদ্দে আজিইয়্যে রাতিয়ে ভারী বৃষ্টি অইবু","আকাশে কালো মেঘ জমছে, মনে হচ্ছে আজকে রাতে ভারী বৃষ্টি হবে"
"তুর আফার প্রেশার বারি গেইয়্যি, হারা উজ্ঞো ডাক্তোর লই আয়","তোর আপুর প্রেশার বেড়ে গেছে, জলদি একটা ডাক্তার নিয়ে আয়"
"তুর আফার প্রেশার বারি গেইয়্যি, তারাতারি উজ্ঞো ডাক্তোর লই আয়","তোর আপুর প্রেশার বেড়ে গেছে, জলদি একটা ডাক্তার নিয়ে আয়"
"তুর আফার প্রেশার বারি গেইয়্যি, জলদি উজ্ঞো ডাক্তোর লই আয়","তোর আপুর প্রেশার বেড়ে গেছে, জলদি একটা ডাক্তার নিয়ে আয়"
"বন্যার পানিত যারার হতি অইয়্যি, ইতারারে সরকারুর পক্ষত্তুন কিছু টিয়া হতিফুরন দিবু","বন্যার পানিতে যাদের ক্ষতি হয়েছে, তাদেরকে সরকারের পক্ষ থেকে কিছু টাকা ক্ষতিপূরণ দেওয়া হবে"
তুঁই কি হইত পারো আজিয়ে কি অইয়্যি?,তুমি কি জান আজকে কি হয়েছে?
তুঁই কি হইত পারো আজিইয়্যে কি অইয়্যি?,তুমি কি জান আজকে কি হয়েছে?
"আঁর লগে ছোডো ফুওয়া আছে, এতেল্লে এক্কানা সামনুর সিট দিলি ভালা অইতু","আমার সাথে ছোট বাচ্চা আছে, তাই একটু সামনের সিট দিলে ভালো হতো"
"আঁর লগে ছোডো ফুওয়া আছে, এতেল্লে এক্কানা সামনুর সিট দিলি গম অইতু","আমার সাথে ছোট বাচ্চা আছে, তাই একটু সামনের সিট দিলে ভালো হতো"
"আঁর লগে ছোডো ফুওয়া আছে, এতেল্লে ইক্কিনি সামনুর সিট দিলি ভালা অইতু","আমার সাথে ছোট বাচ্চা আছে, তাই একটু সামনের সিট দিলে ভালো হতো"
"আঁর ওয়ারে ছোডো ফুওয়া আছে, এতেল্লে এক্কানা সামনুর সিট দিলি ভালা অইতু","আমার সাথে ছোট বাচ্চা আছে, তাই একটু সামনের সিট দিলে ভালো হতো"
"আঁর ফুয়ারে ছোডো ফুওয়া আছে, এতেল্লে এক্কানা সামনুর সিট দিলি ভালা অইতু","আমার সাথে ছোট বাচ্চা আছে, তাই একটু সামনের সিট দিলে ভালো হতো"
"আঁরো ঘরুত ঝামিলে গরের, এতেল্লে যাইত ন ফারির","আমার ঘরে ঝামেলা করছে, তাই যেতে পারছি না"
নানারো বারিত্তুন হালারো বারিত হম যন অয়,নানুর বাড়ি থেকে খালুর বাড়ি কম যাওয়া হয়
গরম হর পরি বাইর অইয়্যুন তো? আজিয়্যে বাইরে বেশি ঠাণ্ডা,গরম কাপড় পড়ে বের হয়েছেন তো? আজকে বাইরে বেশি ঠাণ্ডা
গরম হর পরি বাইর অইয়্যুন তো? আজিয়্যে বাদ্দি বেশি ঠাণ্ডা,গরম কাপড় পড়ে বের হয়েছেন তো? আজকে বাইরে বেশি ঠাণ্ডা
বাজারোত যাইবের সমত ৫০০ টিয়া আঝায় ফেলাই,বাজারে যাওয়ার সময় ৫০০ টাকা হারিয়ে ফেলেছি
তুই কি ফঅল অই গেইয়্যুস! এগিন কি হস?,তুই কি পাগল হয়ে গেছিস! এসব কী বলিস?
অঁনোর দোয়ানুত গুরো ফুওয়া অলুর হরুর কালেকশন কেন?,আপনার দোকানে ছোট বাচ্চাদের কাপড়ের কালেকশন কেমন?
"বিয়াক দোষ তোঁয়ার, তোঁয়ার হারোনে এগিন অর","সব দোষ তোমার, তোমার জন্য এসব হচ্ছে"
"দরজা ইয়েন বন্ধ গরি দও, বাইরেত্তুন শব্দ আইয়্যির","দরজাটা একটু বন্ধ করে দাও, বাইরে থেকে শব্দ আসছে"
"কিয়াই আঁরার উদ্দি যাদু গইজ্জি, নইলি আঁরার ভিতুর এল্লেত হইজ্জে কা অর?","কেউ আমাদের ওপর যাদু করেছে, না হলে আমাদের মধ্যে এত ঝগড়া কেন হচ্ছে?"
"কিয়াই আঁরার উদ্দি যাদু গইজ্জি, নইলি আঁরার ভিতুর এতো হইজ্জে কা অর?","কেউ আমাদের ওপর যাদু করেছে, না হলে আমাদের মধ্যে এত ঝগড়া কেন হচ্ছে?"
"আঁরা বিয়াজ্ঞুন মাঢ়োত, তুই এহন হনডে?","আমরা সবাই মাঠে, তুই এখন কোথায়?"
"আঁরা বেজ্ঞুন মাঢ়োত, তুই এহন হনডে?","আমরা সবাই মাঠে, তুই এখন কোথায়?"
"আঁর পেডোত আর জাগা নাই, আর নইদ্দো","আমার পেটে আর জায়গা নাই, আর দিও না"
"ঘরুত আঁর লগে কিয়াই ডরে হথাও ন হয়, হত্তে হারে কি উনই দি, তার হনো বিশ্বেস নেই","ঘরে আমার সঙ্গে কেউ ভয়ে কথাও বলে না, কখন কাকে কী শুনিয়ে দিই, তার কোনো বিশ্বাস নেই"
হানা তো বিয়াক ঠান্ডা অই যার,খাবার তো সব ঠান্ডা হয়ে যাচ্ছে
কেন আছো জরিনা? তোঁয়ার লাই বৌত পেট পুরের,কেমন আছো জরিনা? তোমাকে অনেক মিস করতাছি
"আর হতো মানুষ লইবেন, এনডে জাগা হনডে?","আর কত মানুষ নেবেন, এখানে জায়গা কোথায়?"
বেইন্নের সূর্য ইবে বৌত সুন্দর,সকালের সূর্য অনেক সুন্দর
"অতিরিক্ত দুশ্চিন্তে গরিলি মাথাত যন্ত্রনা শুরু অয়, হনো হাজুত মন ন বইয়্যি","অতিরিক্ত দুশ্চিন্তা করলে মাথায় যন্ত্রণা শুরু হয়, কোনো কাজেই মন বসে না"
বিপদুত ফরিলি তহন  মানুষুর আসল চিয়ারা দেহা যায়,বিপদে পড়লে তখন মানুষের আসল চেহারা দেখা যায়
"আত্তুন এহন হাইতু মনে ন হর, তুঁই হায় লও, আঁই পরে হাইয়্যুম","আমার এখন খেতে ইচ্ছে করছে না, তুমি খেয়ে নাও, আমি পরে খাব"
"তোঁয়ারে হইলাম দে রাতিয়ে ১০টার আগে ঘুমাই যাইতু, আর তুঁই কিন ফোন টিপো!","তোমাকে বলেছিলাম রাত ১০টার আগে ঘুমিয়ে যেতে, আর তুমি কিনা ফোন টিপো!"
"স্যার, এই অধ্যায় ইবে পরীক্ষের লাই হতটা গুরুত্বপূর্ণ বলি মনে গরন?","স্যার, এই অধ্যায়টা পরীক্ষার জন্য কতটা গুরুত্বপূর্ণ বলে মনে করেন?"
"কী রে, তোর চিয়ারা দেহি মনে অর আঁরারাইত নো ঘুমস","কী রে, তোর চেহারা দেখে মনে হচ্ছে সারারাত ঘুমাসনি"
"আইচ্ছে ঠিকাছে, আঁই মারিয়ার লগে হতা হইয়্যুম, আশা গরি, ইতি আঁর হতা উনিবু","আচ্ছা ঠিকাছে, আমি মারিয়ার সঙ্গে কথা বলব, আশা করি, ও আমার কথা শুনবে"
"আইচ্ছে ঠিকাছে, আঁই মারিয়ার লগে হথা হইয়্যুম, আশা গরি, ইতি আঁর হতা উনিবু","আচ্ছা ঠিকাছে, আমি মারিয়ার সঙ্গে কথা বলব, আশা করি, ও আমার কথা শুনবে"
"জামিল স্যার উর ক্লাসুত আঁর খুব বিরক্ত লাগে, কি পরাই আগামাথা ন বুঝি","জামিল স্যারের ক্লাসে আমার খুব বিরক্ত লাগে, কী পড়ান আগামাথা বুঝি না"
"আগে যেগুন হায় এগুন অজম গরি, তারপর বাকিগুন হাইয়্যুম","আগে যেগুলো খেয়েছি সেগুলো হজম করি, তারপর বাকিগুলো খাব"
"না বদ্দা, এনডে হনো রিকশা নেই, অঁনুত্তুন আডিইরে হোটেল উত যন ফরিবু","না ভাই, এখানে কোনো রিকশা নেই, আপনাকে হেঁটেই হোটেলে যেতে হবে"
"আঁই ডাক্তারুর সিরিয়েল পাইদি এব্বেরে শেষে, বিয়াক বিরক্ত লাগের","আমি ডাক্তারের সিরিয়াল পেয়েছি একদম শেষে, সবই বিরক্ত লাগছে"
"আঁই ডাক্তারুর সিরিয়েল পাইদি এব্বেরে শেষে, বিয়াক বিরক্ত লার","আমি ডাক্তারের সিরিয়াল পেয়েছি একদম শেষে, সবই বিরক্ত লাগছে"
আঁই গত দুদিন ধরি শরীলুত জ্বর লই হাজ গরির,আমি গত দুদিন ধরে শরীরে জ্বর নিয়ে কাজ করেছি
আঁই গত দুদিন ধরি শরীলুত জ্বর লই হাম গরির,আমি গত দুদিন ধরে শরীরে জ্বর নিয়ে কাজ করেছি
"আজিয়ে আইত ফাইত্তাম ন, অন্য আরেকদিন আইসসুম","আজকে আসতে পারব না, অন্য আরেকদিন আসব"
"আজিইয়্যে আইত ফাইত্তাম ন, অন্য আরেকদিন আইসসুম","আজকে আসতে পারব না, অন্য আরেকদিন আসব"
"তুই কি আরা জীবন এরহম ছোডো থাহি যাইবি, নাকি এক্কানা বরো অইবি?","তুই কি সারাজীবন এরকম ছোট থেকে যাবি, নাকি একটু বড় হবি?"
"তুই কি আরা জীবন এরহম ছোডো থাহি যাইবি, নাকি ইক্কিনি বরো অইবি?","তুই কি সারাজীবন এরকম ছোট থেকে যাবি, নাকি একটু বড় হবি?"
"রমজানুত বেশি বেশি নামাজ আর জিকির গরন ফরিবু, আর সুযোগ অইলি উজ্ঞো কোরআন হতম দন ফরিবু","রমজানে বেশি বেশি নামাজ আর জিকির করতে হবে, আর সুযোগ হলে একটা কোরআন খতম দিতে হবে"
আঁরে আজিয়ের হাজুর টিয়াগুন দি দন,আমাকে আজকের কাজের টাকাগুলো দিয়ে দিন
সকালে উডি হতক্ষন আডিলি শরীল ভালা থাহে,সকালে উঠে কিছুক্ষণ হাঁটলে শরীর ভালো থাকে
সকালে উডি হতক্ষন আডিলি শরীল গম থাহে,সকালে উঠে কিছুক্ষণ হাঁটলে শরীর ভালো থাকে
সকালে উডি হতক্ষন আডিলি শরীর ভালা থাহে,সকালে উঠে কিছুক্ষণ হাঁটলে শরীর ভালো থাকে
নানি থাহিলি আম্মু আর আঁরারে গেইল দিত ন ফারে,নানু থাকলে আম্মু আর আমাদেরকে বকা দিতে পারে না
আসসালামু আলাইকুম স্যার,আসসালামু আলাইকুম স্যার
লগে ইবেও লই যো,সাথে এটাও নিয়ে যাও
ওয়ারে ইবেও লই যো,সাথে এটাও নিয়ে যাও
ফুয়ারে ইবেও লই যো,সাথে এটাও নিয়ে যাও
"বাইরে যেল্লেত ইচ্ছে গর, কিন্তু ঘরোত অশান্তি গরন যাইতু ন","বাইরে যা ইচ্ছা কর, কিন্তু ঘরে অশান্তি করা যাবে না"
"বাদ্দি যেল্লেত ইচ্ছে গর, কিন্তু ঘরোত অশান্তি গরন যাইতু ন","বাইরে যা ইচ্ছা কর, কিন্তু ঘরে অশান্তি করা যাবে না"
ইতেরে দেহিলি আত্তুন মন চায় উজ্ঞো ঘেঢ়ি বেরাই দি,"ওকে দেখলে আমার মন চায়, একটা ঘাড়ে দিই"
হর ইবে তো ধোঅনুর পরে রঙ উডি যাইবু,কাপড়টা তো ধোয়ার পরে রঙ উঠে যাবে
"আব্বু, স্যার হইয়্যিল স্কুলুর বেতন আজিয়ে দি দিতো","বাবা, স্যার বললেন স্কুলের বেতন আজ দিয়ে দিতে"
"স্যার, এক্কানা উনন, আঁর এক্কান জরুরি হতা হইবের আছিল","স্যার, একটু শুনুন, আমার একটা জরুরি কথা বলার ছিল"
"স্যার, ইক্কিনি উনন, আঁর এক্কান জরুরি হতা হইবের আছিল","স্যার, একটু শুনুন, আমার একটা জরুরি কথা বলার ছিল"
"স্যার, এক্কানা উনন, আঁর এক্কান জরুরি হথা হইবের আছিল","স্যার, একটু শুনুন, আমার একটা জরুরি কথা বলার ছিল"
"তোর উদো বয়সই বেইজ্জি, কিন্তু বুদ্ধি ন বারের","তোর শুধু বয়সটাই বাড়ছে, কিন্তু বুদ্ধিটা বাড়ছে না"
"তোর শুধু বয়সই বেইজ্জি, কিন্তু বুদ্ধি ন বারের","তোর শুধু বয়সটাই বাড়ছে, কিন্তু বুদ্ধিটা বাড়ছে না"
হনো সমস্যা অইয়্যি? তোঁয়ারে দেহি চিন্তিত মনে অর,কোনো সমস্যা হয়েছে? তোমাকে দেখে চিন্তিত মনে হচ্ছে
"আজিয়ে হঠাৎ বুকুত চাপ অনুভব গরির, কি অইয়্যি ন বুঝির","আজকে হঠাৎ বুকে চাপ অনুভব করছি, কী হয়েছে বুঝছি না"
"আজিইয়্যে হঠাৎ বুকুত চাপ অনুভব গরির, কি অইয়্যি ন বুঝির","আজকে হঠাৎ বুকে চাপ অনুভব করছি, কী হয়েছে বুঝছি না"
ফঅলে কী নহয় আর ছঅলে কী ন হায়,"পাগলে কী না বলে, আর ছাগলে কী না খায়"
বিদেশুত গেলি আঁর হতা মনত থাহিবু তো?,বিদেশে গেলে আমার কথা মনে থাকবে তো?
বিদেশুত গেলি আঁর হথা মনত থাহিবু তো?,বিদেশে গেলে আমার কথা মনে থাকবে তো?
"আইবের সমত হদুজ্ঞুন জেইল্লে দেইক্কি, ইতারা মাছ ধরিবের লাই দইজ্জেত যার","আসার সময় কতগুলো জেলে দেখলাম, তারা মাছ ধরার জন্য নদীতে যাচ্ছে"
"আইচ্ছে ঠিক আছে, আঁই এহন যাইর","আচ্ছা ঠিক আছে, আমি এখন যাচ্ছি"
ফইত্তুদিন একই হাজ গত্তে গত্তে বিরক্ত অই গেই,প্রতিদিন একই কাজ করতে করতে বিরক্ত হয়ে গেছি
ফইত্তুদিন একই হাম গত্তে গত্তে বিরক্ত অই গেই,প্রতিদিন একই কাজ করতে করতে বিরক্ত হয়ে গেছি
"চট্টগ্রাম-কক্সবাজার রোড বৌত বিপদজনক, এই রোড উত ফইত্তুদিন এক্সিডেন্ট অয়","চট্টগ্রাম-কক্সবাজার রোড অনেক বিপদজনক, এই রোডে প্রতিদিন এক্সিডেন্ট হয়"
"স্যার, অঁনে হইলেন ক্লাস টেস্ট ন লই অ্যাসাইনমেন্ট দিবেন","স্যার, আপনি বলেছিলেন ক্লাস টেস্ট না নিয়ে অ্যাসাইনমেন্ট দেবেন"
"আঁর ঘুম চলি আইসসিল, হত্তে যে ঢাহাত পৌছি গেই বুঝিতিই ন ফারি","আমার ঘুম চলে আসছিল, কখন যে ঢাকায় পৌঁছে গেছি বুঝতেই পারিনি"
আঁই তোঁয়ারে বৌত বৌত ভালবাসি,আমি তোমাকে অনেক অনেক ভালবাসি
"বদ্দা, এক গ্লাস ঠান্ডা পানি দন তো, বৌত পানির তিরেশ পেইয়্যি","ভাই, এক গ্লাস ঠান্ডা পানি দিন তো, খুব পানির তৃষ্ণা পেয়েছে"
"মা, আজিয়ে এক্কানা আগে রান্না গরো, আব্বুর অফিসুত যাইতে দেরি অই যার","মা, আজ একটু আগে রান্না করো, বাবার অফিসে যেতে দেরি হয়ে যাচ্ছে"
"মা, আজিয়ে ইক্কিনি আগে রান্না গরো, আব্বুর অফিসুত যাইতে দেরি অই যার","মা, আজ একটু আগে রান্না করো, বাবার অফিসে যেতে দেরি হয়ে যাচ্ছে"
বিয়ে আজিয়ে নাকি হালিয়ে?,বিয়ে আজ নাকি আগামীকাল?
"বন্ধু, বিরি হন ভালা ন","বন্ধু, বিড়ি খাওয়া ভাল না"
"বন্ধু, বিরি হন গম ন","বন্ধু, বিড়ি খাওয়া ভাল না"
"সেহেরি ফোওয়াত্তে হাইলাম, এহন কিল্লে হাইয়্যুম?","সেহরি ভোরে খেয়েছিলাম, এখন কেন খাব?"
"আম্মু, আঁর লাই দোয়া গইজ্জো, আজিয়ে এক্কান ইন্টারভিউ দিতাম যাইর","মা, আমার জন্য দোয়া করিও, আজকে একটা ইন্টারভিউ দিতে যাচ্ছি"
"আম্মু, আঁর লাই দোয়া গইজ্জো, আজিইয়্যে এক্কান ইন্টারভিউ দিতাম যাইর","মা, আমার জন্য দোয়া করিও, আজকে একটা ইন্টারভিউ দিতে যাচ্ছি"
মন ভালা থাহিলি বলে আশেপাশের বিয়াক কিছু সুন্দর লাগে,মন ভালো থাকলে নাকি আশেপাশের সবকিছু সুন্দর লাগে
মন গম থাহিলি বলে আশেপাশের বিয়াক কিছু সুন্দর লাগে,মন ভালো থাকলে নাকি আশেপাশের সবকিছু সুন্দর লাগে
আঁই হিসেব গরি ন চায় হতো টিয়া আছে,আমি হিসাব করে দেখিনি কত টাকা আছে
"পরীক্ষের আর বেশি দিন বাকি নেই, কিন্তু এহনো হনো পরালেহা ন গরির","পরীক্ষার আর বেশি দিন বাকি নাই, কিন্তু এখনো কোনো পড়ালেখা করছিনা"
"পরীক্ষের আর বেশি দিন বাকি নেই, কিন্তু এইজু হনো পরালেহা ন গরির","পরীক্ষার আর বেশি দিন বাকি নাই, কিন্তু এখনো কোনো পড়ালেখা করছিনা"
প্রতিবেশী অক্কলোর হক আদায় গরন উচিত,প্রতিবেশীদের হক আদায় করা উচিত
"পরিবার, বন্ধু আর ভালোবাসার মানুষুর লগে সময় হাডাইত ফারিলি মন ইয়েন একদম ভালা অই যায়","পরিবার, বন্ধু আর ভালোবাসার মানুষদের সঙ্গে সময় কাটাতে পারলে মনটা একদম ভালো হয়ে যায়"
"পরিবার, বন্ধু আর ভালোবাসার মানুষুর লগে সময় হাডাইত ফারিলি মন ইয়েন একদম গম অই যায়","পরিবার, বন্ধু আর ভালোবাসার মানুষদের সঙ্গে সময় কাটাতে পারলে মনটা একদম ভালো হয়ে যায়"
অতিরিক্ত গরমুত হাজ গরিলি শরীলুত্তুন পানি বাইর অই যায়,অতিরিক্ত গরমে কাজ করলে শরীর থেকে পানি বেরিয়ে যায়
অতিরিক্ত গরমুত হাম গরিলি শরীলুত্তুন পানি বাইর অই যায়,অতিরিক্ত গরমে কাজ করলে শরীর থেকে পানি বেরিয়ে যায়
গুরো থাকতে আঁরার গু-মুত আম্মু সাফ গইত্তো,ছোটবেলায় আমাদের পায়খানা–প্রস্রাব আম্মু পরিষ্কার করতেন
গুরো থাকতে আঁরার গু-মুত আম্মু পরিষ্কার গইত্তো,ছোটবেলায় আমাদের পায়খানা–প্রস্রাব আম্মু পরিষ্কার করতেন
এই বৃষ্টিত আঁরার গ্রামুর কেচা রাস্তা একেবারে ফুটে ভরি গেইয়্যি,এই বৃষ্টিতে আমাদের গ্রামের কাঁচা রাস্তা একেবারে কাদায় ভরে গেছে
"বদ্দা, বাসুর এসি ইবে অন গরন, বৌত গরম লাগের","ভাই, বাসের এসিটা অন করেন, অনেক গরম লাগছে"
"বদ্দা, বাসুর এসি ইবে অন গরন, বৌত গরম লার","ভাই, বাসের এসিটা অন করেন, অনেক গরম লাগছে"
"তুই আরাদিন এত এত হস, তাও মোটা ন অস, আর আঁই অল্প হাইলিই মোটা অই যাই","তুই সারাদিন এত এত খাস, তাও মোটা হোস না, আর আমি অল্প খেলেই মোটা হয়ে যাই"
"তুই ফুরোদিন এত এত হস, তাও মোটা ন অস, আর আঁই অল্প হাইলিই মোটা অই যাই","তুই সারাদিন এত এত খাস, তাও মোটা হোস না, আর আমি অল্প খেলেই মোটা হয়ে যাই"
"বাজারুত এহন বিয়াক জিনিসুত ভেজাল, হনো কিছু কিনতু মনে ন চায়","বাজারে এখন সব জিনিসে ভেজাল, কোনো কিছু কিনতে মন চায় না"
বদ্দার অরো বারি বৌত দুরে,বড় ভাইয়ের শ্বশুরবাড়ি অনেক দূরে
এহন আর নানারো বারিত আগোর মতন ভালা ন লাগে,এখন আর নানুর বাড়িতে আগের মতো ভালো লাগে না
এহন আর নানারো বারিত আগোর মতন গম ন লাগে,এখন আর নানুর বাড়িতে আগের মতো ভালো লাগে না
"এই গরোমত বাইরে বাইর অন সত্যিই বৌত হষ্টর, রইদুর তাপ সইয্য গরন ন যার","এই গরমে বাইরে বের হওয়া সত্যিই অনেক কষ্টের, রোদের তাপ সহ্য করা যাচ্ছে না"
"এই গরোমত বাদ্দি বাইর অন সত্যিই বৌত হষ্টর, রইদুর তাপ সইয্য গরন ন যার","এই গরমে বাইরে বের হওয়া সত্যিই অনেক কষ্টের, রোদের তাপ সহ্য করা যাচ্ছে না"
"আজিয়ে বেইন্নেত্তুন মাথা ঘুরার, মনে অদ্দে জ্বর আইয়্যির","আজকে সকাল থেকেই মাথা ঘুরছে, মনে হচ্ছে জ্বর আসছে"
"আজিইয়্যে বেইন্নেত্তুন মাথা ঘুরার, মনে অদ্দে জ্বর আইয়্যির","আজকে সকাল থেকেই মাথা ঘুরছে, মনে হচ্ছে জ্বর আসছে"
"বাইচ্চে ইবে হয়েকদিন ধরি জ্বরুত ভুগের, ডাক্তারুর হাছে লই যন ফরিবু","বাচ্চাটা কয়েকদিন ধরে জ্বরে ভুগছে, ডাক্তারের কাছে নিয়ে যেতে হবে"
"আঁর নাম রফিক, আঁই এই গ্রামুত বেরাইতাম আইসসি। তুঁই কি আঁরে এই গ্রাম ইয়েন ঘুরি দেহাইবে?","আমার নাম রফিক, আমি এই গ্রামে বেড়াতে এসেছি। তুমি কি আমাকে এই গ্রামটা ঘুরে দেখাবে?"
গুরো ফুওয়া অক্কলুর গেম এগিন আঁই খেইলতাম নো,ছোট বাচ্চাদের গেমগুলো আমি খেলব না
"ট্রেনুর ভিতুরে আর জাগা নেই, ছাদুত উডন ফরিবু","ট্রেনের ভেতরে আর জায়গা নেই, ছাদে উঠতে হবে"
তুঁই চলি যাইবের পরুত্তুন ঘর ইয়েন এব্বেরে হেইল্যে অই গেইয়্যি,তুমি চলে যাওয়ার পর থেকে ঘরটা একদম খালি হয়ে গেছে
তুঁই চলি যাইবের পরুত্তুন ঘর ইয়েন এব্বেরে হালি অই গেইয়্যি,তুমি চলে যাওয়ার পর থেকে ঘরটা একদম খালি হয়ে গেছে
আজিয়ে এতো বেশি গরম পরেদ্দে ফ্যানুর বাতাসও গরম মনে অর,আজকে এত বেশি গরম পড়ছে যে ফ্যানের বাতাসও গরম মনে হচ্ছে
আজিইয়্যে এতো বেশি গরম পরেদ্দে ফ্যানুর বাতাসও গরম মনে অর,আজকে এত বেশি গরম পড়ছে যে ফ্যানের বাতাসও গরম মনে হচ্ছে
আজিয়ে এল্লেত বেশি গরম পরেদ্দে ফ্যানুর বাতাসও গরম মনে অর,আজকে এত বেশি গরম পড়ছে যে ফ্যানের বাতাসও গরম মনে হচ্ছে
তুই আঁর চোখুর সামনুত্তুন সরি যা,তুই আমার চোখের সামনে থেকে সরে যা
তোর অরিরে হইস সামনুর মাসুত বেরাইতু আইসতো,তোর শাশুড়িকে বলিস সামনের মাসে বেড়াতে আসতে
শীতহালে টাটকা টাটকা সবজি পন যায়,শীতকালে টাটকা টাটকা সবজি পাওয়া যায়
"আঁই বসহানাত যাইর, তুঁই বাকি হাম এগিন গরি ফেলো","আমি রান্নাঘরে যাচ্ছি, তুমি বাকি কাজগুলো করে ফেলো"
"আঁই বসহানাত যাইর, তুঁই বাকি হাজ এগিন গরি ফেলো","আমি রান্নাঘরে যাচ্ছি, তুমি বাকি কাজগুলো করে ফেলো"
"আঁই তোঁয়ার হতা উইনতাম নো, তোঁয়ার যা ইচ্ছে গরো","আমি তোমার কথা শুনব না, তোমার যা ইচ্ছা করো"
"আঁই তোঁয়ার হথা উইনতাম নো, তোঁয়ার যা ইচ্ছে গরো","আমি তোমার কথা শুনব না, তোমার যা ইচ্ছা করো"
যদি ঝামিলে গইত্তো ন চও তইলি এহনই এত্তুন চলি যও,"যদি ঝামেলা করতে না চাও, তাহলে এখনই এখান থেকে চলে যাও"
এন গরি আঁরা বিয়াজ্ঞুনুরে ফেলাই এহেল্লে চলি যর,এভাবে আমাদের সবাইকে ফেলে একা চলে যাচ্ছিস
গরুর লাই কিছু কের হাডি আনন ফরিবু,গরুর জন্য কিছু ঘাস কেটে নিয়ে আসতে হবে
সূর্য হত্তে  উইট্টি হনো হবর আছে? এহনো ঘুম যার,সূর্য কখন উঠছে কোন খবর আছে? এখনো ঘুমাচ্ছো
সূর্য হত্তে উইট্টি হনো হবর আছে? এইজু ঘুম যার,সূর্য কখন উঠছে কোন খবর আছে? এখনো ঘুমাচ্ছো
মাছ এগুন দেহি মনে অদ্দে নষ্ট অই গেইয়্যি,মাছগুলো দেখে মনে হচ্ছে নষ্ট হয়ে গেছে
আঁরার পাশে ভারত নামে এক্কান দেশ আছে,আমাদের পাশে ভারত নামে একটা দেশ আছে
আঁরার ডাহে ভারত নামে এক্কান দেশ আছে,আমাদের পাশে ভারত নামে একটা দেশ আছে
"নিজোরে একবার আঁর জাগাত বুওয়াই চা, তইলি বুঝিবি আত্তুন কেন লাগের","নিজেকে একবার আমার জায়গায় বসিয়ে দেখ, তাহলে বুঝবি আমার কেমন লাগছে"
"নিজোরে একবার আঁর জাগাত বুওয়াই চা, তইলি বুঝিবি আত্তুন কেন লার","নিজেকে একবার আমার জায়গায় বসিয়ে দেখ, তাহলে বুঝবি আমার কেমন লাগছে"
ঘড়ি ইবে তো বৌত সুন্দর! হতো লইয়্যি ইবে?,ঘড়িটা তো অনেক সুন্দর! কত নিয়েছে এটা?
তুই যিয়েন গইজ্জুস ইয়েন উর ফল কিন্তু ভালা অইতু ন,তুই যেটা করেছিস সেটার ফল কিন্তু ভাল হবে না
তুই যিয়েন গইজ্জুস ইয়েন উর ফল কিন্তু গম অইতু ন,তুই যেটা করেছিস সেটার ফল কিন্তু ভাল হবে না
"আগে হ টুরুত তুঁই যাইতে লেইজ্ঞু কিনা, হারন তুঁই ন যাইলি আঁই ও যাইতাম ন","আগে বলো টুরে তুমি যাচ্ছ কি না, কারণ তুমি না গেলে আমিও যাব না"
তোঁয়ার বয়সুত আঁই বন্ধু অক্কল লই হতো ঘোরাঘুরি গইজ্জি,তোমার বয়সে আমি বন্ধুদের নিয়ে কত ঘোরাঘুরি করেছি
"পরীক্ষের হলুত যদি শব্দ গরো, তইলি বিয়াজ্ঞুনুর হাতা লই ফেলাইয়্যুম","পরীক্ষার হলে যদি শব্দ করো, তাহলে সবার খাতা নিয়ে ফেলব"
"আঁরার গ্রুপুত আঁরা বিশজন আছি, পুরো বাস ভারা লইলি হতো ফরিবু?","আমাদের গ্রুপে আমরা বিশজন আছি, পুরো বাস ভাড়া নিলে কত পড়বে?"
আরাদিন ফোন চাইলি তো মাথা এনেই ব্যথা গরিবু,সারাদিন ফোন দেখলে তো মাথা এমনিতেই ব্যথা করবে
ফুরোদিন ফোন চাইলি তো মাথা এনেই ব্যথা গরিবু,সারাদিন ফোন দেখলে তো মাথা এমনিতেই ব্যথা করবে
"কসম গরি হইদ্দি বদ্দা, এই হর উত আত্তুন বেশি লাভ ন অইবু","কসম করে বলছি ভাই, এই কাপড়ে আমার বেশি লাভ হবে না"
টিয়া দি বিয়াক কিছু কিনন ন যায়,টাকা দিয়ে সবকিছু কেনা যায় না
"বদ্দা, সদরঘাট লঞ্চ টার্মিনালুত্তুন বারিশালুর লঞ্চ হত্তে ছারে রাতিয়ে?","ভাই, সদরঘাট লঞ্চ টার্মিনাল থেকে বরিশালের লঞ্চ কখন ছাড়ে রাতে?"
"বদ্দা, গান ইবে এক্কানা বন্ধ গরন, ফোনুত হথা হইত ন ফারির","ভাই, গানটা একটু বন্ধ করুন, ফোনে কথা বলতে পারছি না"
"বদ্দা, গান ইবে ইক্কিনি বন্ধ গরন, ফোনুত হথা হইত ন ফারির","ভাই, গানটা একটু বন্ধ করুন, ফোনে কথা বলতে পারছি না"
"বদ্দা, গান ইবে এক্কানা বন্ধ গরন, ফোনুত হতা হইত ন ফারির","ভাই, গানটা একটু বন্ধ করুন, ফোনে কথা বলতে পারছি না"
"ঘর ইয়েনুত থাহিবের মতোন অবস্থা নেই, চেরোমিক্কে বৌত হাচারা","ঘর ওটাতে থাকার মতো অবস্থা নেই, চারদিকে অনেক ময়লা"
তুঁই হন? আঁই কি তোঁয়ারে চিনি?,তুমি কে? আমি কি তোমাকে চিনি?
"পিডুর ব্যথাগান বেশি বারি গেইয়্যি, বই বই হাজ গরনুর হারনে এন অর","পিঠের ব্যথাটা বেশি বেড়ে গেছে, বসে বসে কাজ করার কারণে এমন হচ্ছে"
"পিডুর ব্যথাগান বেশি বারি গেইয়্যি, বই বই হাম গরনুর হারনে এন অর","পিঠের ব্যথাটা বেশি বেড়ে গেছে, বসে বসে কাজ করার কারণে এমন হচ্ছে"
রাতিয়ের লাই ফুলহপ্পির তরহারি আর বেইয়ুন চান্নি আছে,রাতের জন্য ফুলকপির তরকারি আর বেগুন ভর্তা আছে
রাতিয়ের লাই ফুলহপ্পির তরহারি আর বেইয়ুন ভত্তা আছে,রাতের জন্য ফুলকপির তরকারি আর বেগুন ভর্তা আছে
"আঁর লগে মজা ন গরিস, আঁই এহন মজা গরিবের মুড উত নেই","আমার সঙ্গে মজা করিস না, আমি এখন মজা করার মুডে নেই"
ইয়েন কি আঁর মন রাহিবের লাই হইয়্যু নাকি মাইনষে কিছু হইবু এতেল্লে হইয়্যু?,সেটা কি আমার মন রাখার জন্য বলছ নাকি মানুষ কিছু বলবে সেজন্য বলছ?
"হর ইবের হনো দিনও রং ন উড়িবু, আঁই গ্যারান্টি দিলাম","এই কাপড়ের কোনো দিনও রং উঠবে না, আমি গ্যারান্টি দিলাম"
"আঁই সত্যি হইদ্দি, আঁর মনোত হনো হাচারা নেই","আমি সত্যি বলছি, আমার মনে কোনো ময়লা নেই"
"আঁই সত্যি হইদ্দি, আঁর মনোত হনো ময়লা নেই","আমি সত্যি বলছি, আমার মনে কোনো ময়লা নেই"
পিকনিক শেষে আঁরা সাগরুর ফারুত বিয়াজ্ঞুন মিলি ফটবল খেইল্লুম,পিকনিক শেষে আমরা সমুদ্রপাড়ে সবাই মিলে ফুটবল খেলব
পিকনিক শেষে আঁরা সাগরুর ফারুত বেজ্ঞুন মিলি ফটবল খেইল্লুম,পিকনিক শেষে আমরা সমুদ্রপাড়ে সবাই মিলে ফুটবল খেলব
এন গরি হাম গরিলি শেষ ন অইবু,এভাবে কাজ করলে শেষ হবে না
এন গরি হাজ গরিলি শেষ ন অইবু,এভাবে কাজ করলে শেষ হবে না
তোঁয়ার মাথাত কি হনো বুদ্ধি নেই?,তোমার মাথায় কি কোন বুদ্ধি নাই?
"তোঁয়ার বন্ধু এল্লেত ভালা রেজাল্ট গইজ্জি, আর তুঁই কিনা ফেইল গইজ্জু!","তোমার বন্ধু এত ভালো রেজাল্ট করল, আর তুমি কিনা ফেল করলা!"
"তোঁয়ার বন্ধু এল্লেত গম রেজাল্ট গইজ্জি, আর তুঁই কিনা ফেইল গইজ্জু!","তোমার বন্ধু এত ভালো রেজাল্ট করল, আর তুমি কিনা ফেল করলা!"
"তোঁয়ার বন্ধু এতো ভালা রেজাল্ট গইজ্জি, আর তুঁই কিনা ফেইল গইজ্জু!","তোমার বন্ধু এত ভালো রেজাল্ট করল, আর তুমি কিনা ফেল করলা!"
"আজিয়ে কলিগুর লগে এক্কানা ভুল বোঝাবুঝি অইয়্যি, এতেল্লে এক্কানা মুড অফ","আজ কলিগের সাথে একটু ভুল-বোঝাবুঝি হয়েছে, তাই একটু মুড অফ"
"আজিয়ে কলিগুর লগে ইক্কিনি ভুল বোঝাবুঝি অইয়্যি, এতেল্লে এক্কানা মুড অফ","আজ কলিগের সাথে একটু ভুল-বোঝাবুঝি হয়েছে, তাই একটু মুড অফ"
"আজিয়ে কলিগুর ওয়ারে এক্কানা ভুল বোঝাবুঝি অইয়্যি, এতেল্লে এক্কানা মুড অফ","আজ কলিগের সাথে একটু ভুল-বোঝাবুঝি হয়েছে, তাই একটু মুড অফ"
"আজিয়ে কলিগুর ফুয়ারে এক্কানা ভুল বোঝাবুঝি অইয়্যি, এতেল্লে এক্কানা মুড অফ","আজ কলিগের সাথে একটু ভুল-বোঝাবুঝি হয়েছে, তাই একটু মুড অফ"
মুখে মুখে হতা হইলি তো মাথা এনেই হারাপ অই যাইবু,মুখে মুখে কথা বললে তো মাথা এমনিতেই খারাপ হয়ে যাবে
মুখে মুখে হথা হইলি তো মাথা এনেই হারাপ অই যাইবু,মুখে মুখে কথা বললে তো মাথা এমনিতেই খারাপ হয়ে যাবে
মামুন অনডে কি গরের ইয়েন তো আঁই ন জানি,মামুন ওখানে কি করছে সেটা তো আমি জানি না
মামুন অনডে কি গরের ইয়েন তো আঁই ন হইত পারি,মামুন ওখানে কি করছে সেটা তো আমি জানি না
"আইচ্ছে, ইবে কি বিয়াজ্ঞুনুর লগেই এন হারাপ বেবার গরে?","আচ্ছা, ও কি সবার সঙ্গেই এমন খারাপ ব্যবহার করে?"
এই মোবাইল ইবের ব্যাটারি ব্যাকাপ কেন?,এই মোবাইলটার ব্যাটারি ব্যাকআপ কেমন?
"আজিয়ে বাসাত মেমান আইবো, এতেল্লে তারাতারি উডি গেই","আজকে বাসায় মেহমান আসবে, সেজন্য তাড়াতাড়ি উঠে গেছি"
"আজিইয়্যে বাসাত মেমান আইবো, এতেল্লে তারাতারি উডি গেই","আজকে বাসায় মেহমান আসবে, সেজন্য তাড়াতাড়ি উঠে গেছি"
"আজিয়ে বাসাত মেমান আইবো, এতেল্লে হারা উডি গেই","আজকে বাসায় মেহমান আসবে, সেজন্য তাড়াতাড়ি উঠে গেছি"
"আজিয়ে বাসাত মেমান আইবো, এতেল্লে জলদি উডি গেই","আজকে বাসায় মেহমান আসবে, সেজন্য তাড়াতাড়ি উঠে গেছি"
"আজিয়ে বাসাত গরবা আইবো, এতেল্লে তারাতারি উডি গেই","আজকে বাসায় মেহমান আসবে, সেজন্য তাড়াতাড়ি উঠে গেছি"
আঁই ভাত ন হাইয়্যুম গুসসা অইয়্যুম আঁর মনোত জ্বালা,আমি ভাত খাব না রাগ করব আমার মনে জ্বালা
"মাঝে মাঝে ফা'রুত্তুন আতি আইয়্যি, একবার উজ্ঞো আতি মানুষ উজ্ঞোরে মারি ফেলাইয়্যিল","মাঝে মাঝে পাহাড় থেকে হাতি আসে, একবার একটা হাতি একজন মানুষকে মেরে ফেলেছিল"
তুর রেজাল্ট হত্তে দিবু? পাশ গরিবিনি এবার?,তোর রেজাল্ট কখন দেবে? পাশ করবি তো এবার?
কেইলুত বেশি ব্যথা গরের,কোমরে বেশি ব্যথা করছে
আঁরে দেহি সালাম দিয়ি আর ঘরোর বিয়াজ্ঞুন কেন আছে ফুস গইজ্জি,আমাকে দেখে সালাম দিয়েছে এবং ঘরের সবাই কেমন আছে জিজ্ঞেস করেছে
আঁরে দেহি সালাম দিয়ি আর ঘরোর বেজ্ঞুন কেন আছে ফুস গইজ্জি,আমাকে দেখে সালাম দিয়েছে এবং ঘরের সবাই কেমন আছে জিজ্ঞেস করেছে
আঁরে দেহি সালাম দিয়ি আর ঘরোর বিয়াজ্ঞুন কেন আছে ফুসর গইজ্জি,আমাকে দেখে সালাম দিয়েছে এবং ঘরের সবাই কেমন আছে জিজ্ঞেস করেছে
"আত্তুন নরওয়েত যাইবের বৌত ইচ্ছে, এনডে বলে রাইত আর দিন বৌত বরো অয়","আমার নরওয়েতে যাওয়ার খুব ইচ্ছা, ওখানে নাকি রাত আর দিন অনেক বড় হয়"
"বৌত বেশি জার্নি অই গেইয়্যি, আজিয়ের দিন ইয়েন রেস্ট লন ফরিবু","অনেক বেশি জার্নি হয়ে গেছে, আজকের দিনটা রেস্ট নিতে হবে"
"আপা, ইবে বাসাত লই যায় পরি চন, যদি সাইজ ন অয় তইলি চেঞ্জ গরি দিয়্যুম","আপু, এটা বাসায় নিয়ে গিয়ে পরে দেখেন, যদি সাইজ না হয় তাহলে চেঞ্জ করে দেব"
"আজিয়ে যে মেইফুওয়ারে চাইতাম গেইলাম, ইবেরে ভালা মনে অইলু","আজ যে মেয়েটাকে দেখতে গিয়েছিলাম, ওকে ভালো মনে হলো"
"আজিয়ে যে মেইফুওয়ারে চাইতাম গেইলাম, ইবেরে গম মনে অইলু","আজ যে মেয়েটাকে দেখতে গিয়েছিলাম, ওকে ভালো মনে হলো"
"নানা যহন বাঁছি আছিল, তহন আঁরারে বৌত দেইত ফাইত্তো","নানা যখন বেঁচে ছিলেন, তখন আমাদেরকে অনেক দেখতে পারতেন"
"মেসি বৌত ভালা খেলে, ইবে গতবার বিশ্বকাপ জিইত্তিল","মেসি অনেক ভালো খেলে, তিনি গতবার বিশ্বকাপ জিতেছিলেন"
"মেসি বৌত গম খেলে, ইবে গতবার বিশ্বকাপ জিইত্তিল","মেসি অনেক ভালো খেলে, তিনি গতবার বিশ্বকাপ জিতেছিলেন"
আঁর চাচা অক্কল আঁরারে দেহি হিংসে গরে,আমার চাচারা আমাদের দেখে হিংসা করে
"তোঁয়ার লগে হতা হইলি সময় যে হত্তে চলি যায়, বুঝিতই ন পারি","তোমার সঙ্গে কথা বললে সময় যে কখন চলে যায়, বুঝতেই পারি না"
"তোঁয়ার লগে হথা হইলি সময় যে হত্তে চলি যায়, বুঝিতই ন পারি","তোমার সঙ্গে কথা বললে সময় যে কখন চলে যায়, বুঝতেই পারি না"
"বিয়াক কিছুর দাম বেশি, এতেল্লে এক কেজি আলু লই চলি আইস্যি","সবকিছুর দাম বেশি, সেজন্য এক কেজি আলু নিয়ে চলে এলাম"
"আঁর অদ্ধক হাজ শেষ অই গেইয়্যি, বাকি অদ্ধক পরে গইজ্জুম","আমার অর্ধেক কাজ শেষ হয়ে গেছে, বাকি অর্ধেক পরে করব"
"আঁর অদ্ধক হাম শেষ অই গেইয়্যি, বাকি অদ্ধক পরে গইজ্জুম","আমার অর্ধেক কাজ শেষ হয়ে গেছে, বাকি অর্ধেক পরে করব"
"এহন দিনহাল ভালা ন, বাদ্দি বাইর ন অইস","এখন দিনকাল ভালো না, বাইরে বের হবি না"
"এহন দিনহাল গম ন, বাদ্দি বাইর ন অইস","এখন দিনকাল ভালো না, বাইরে বের হবি না"
"এহন দিনহাল ভালা ন, বাইরে বাইর ন অইস","এখন দিনকাল ভালো না, বাইরে বের হবি না"
"বন্ধু, ভাবির আতোর রান্না তো সেই মজা","বন্ধু, ভাবির হাতের রান্না তো সেই মজা"
"তুঁই বৌত জারগো আছো, তোঁয়ারে আত্তুন ভালা লেইজ্ঞি","তুমি অনেক দুষ্টু আছো, তোমাকে আমার ভাল লেগেছে"
"তুঁই বৌত জারগো আছো, তোঁয়ারে আত্তুন গম লেইজ্ঞি","তুমি অনেক দুষ্টু আছো, তোমাকে আমার ভাল লেগেছে"
"এনে হই যাইর এরি, হনে উনে হার হতা","এমনি বলে যাচ্ছি আর কী, কে শোনে কার কথা"
"এনে হই যাইর এরি, হনে উনে হার হথা","এমনি বলে যাচ্ছি আর কী, কে শোনে কার কথা"
ইতে হনডে গেইয়্যি ইয়েন কি তুঁই জানো?,সে কোথায় গেছে সেটা কি তুমি জানো?
বারির হাজ ন গরিলি ম্যাম আইলি বকা দিবু,বাড়ির কাজ না করলে ম্যাম আসলে বকা দেবে
বারির হাম ন গরিলি ম্যাম আইলি বকা দিবু,বাড়ির কাজ না করলে ম্যাম আসলে বকা দেবে
তুর মারে হইস এবার আঁরারে কিছু আম দিতো,তুর মাকে বলিস এবার আমাদেরকে কিছু আম দিতে
বাতাসোর হারনে আম গাছোর আম এগুন বিয়াক উডোনোত পরি গেইয়্যি,বাতাসের কারনে আম গাছের আমগুলো সব উঠানে পড়ে গেছে
"কুরোর টেং এগিন ন আইন্নুন, এগিন রেডি গরন ঝামিলে","মুরগির পাগুলো আনিয়েন না, ওগুলো রেডি করা ঝামেলা"
ইয়াত্তুন হমে বেছিলি আরাত্তুন আর ব্যবসা গরন ন অইবু,এর থেকে কমে বিক্রি করলে আমাদের আর ব্যবসা করা হবে না
সাদা রঙুর পাঞ্জাবিত উধো দাগ লাগি যায়,সাদা রঙের পাঞ্জাবিতে শুধু দাগ লেগে যায়
আঁই যদি মরতফুওয়া অইতাম তইলি বৌত কিছু গরিত ফাইত্তাম,আমি যদি ছেলে হতাম তাহলে অনেক কিছু করতে পারতাম
"অঁনে একসময় বৌত ভালা আছিলেন, এহন হারাপ অই গেইয়্যুন","আপনি একসময় অনেক ভালো ছিলেন, এখন খারাপ হয়ে গেছেন"
"অঁনে একসময় বৌত গম আছিলেন, এহন হারাপ অই গেইয়্যুন","আপনি একসময় অনেক ভালো ছিলেন, এখন খারাপ হয়ে গেছেন"
আঁই বেইন্নে তারাতারি উডি,আমি সকালে তাড়াতাড়ি উঠি
আঁই ফজোরত তারাতারি উডি,আমি সকালে তাড়াতাড়ি উঠি
আঁই বেইন্নে হারা উডি,আমি সকালে তাড়াতাড়ি উঠি
আঁই বেইন্নে জলদি উডি,আমি সকালে তাড়াতাড়ি উঠি
"রফিক সাব কেন আছে? বৌতদিন ইবের লগে দেহা ন আই, আত্তোন চিন্তে লাগের এহন","রফিক সাহেব কেমন আছেন? অনেকদিন তাঁর সাথে দেখা হয় নাই, আমার চিন্তা হচ্ছে এখন"
"রফিক সাব কেন আছে? বৌতদিন ইবের ওয়ারে দেহা ন আই, আত্তোন চিন্তে লাগের এহন","রফিক সাহেব কেমন আছেন? অনেকদিন তাঁর সাথে দেখা হয় নাই, আমার চিন্তা হচ্ছে এখন"
"রফিক সাব কেন আছে? বৌতদিন ইবের ফুয়ারে দেহা ন আই, আত্তোন চিন্তে লাগের এহন","রফিক সাহেব কেমন আছেন? অনেকদিন তাঁর সাথে দেখা হয় নাই, আমার চিন্তা হচ্ছে এখন"
"সরি বদ্দা, আর হম ন অইবু","সরি ভাই, আর কম হবে না"
"ধইন্যবাদ, আবার আইস্যুন","ধন্যবাদ, আবার আসবেন"
"অঁনে আঁর ফুরন কাস্টোমার, এতেল্লে দাম বেশি হইতাম নো","আপনি আমার পুরোনো কাস্টমার, তাই দাম বেশি বলব না"
"আজিয়ে মেমান আইয়্যির, বাজারোত্তুন গরু গোস্ত আর ইছে মাছ আনো","আজকে মেহমান আসছে, বাজার থেকে গরুর মাংস আর চিংড়ি মাছ নিয়ে আসো"
"আজিইয়্যে মেমান আইয়্যির, বাজারোত্তুন গরু গোস্ত আর ইছে মাছ আনো","আজকে মেহমান আসছে, বাজার থেকে গরুর মাংস আর চিংড়ি মাছ নিয়ে আসো"
"আজিয়ে গরবা আইয়্যির, বাজারোত্তুন গরু গোস্ত আর ইছে মাছ আনো","আজকে মেহমান আসছে, বাজার থেকে গরুর মাংস আর চিংড়ি মাছ নিয়ে আসো"
তোঁয়ারে আঁই বারবার মানা গইজ্জিলাম যে বৃষ্টিত ন ভিজতু,তোমাকে আমি বারবার বারণ করেছিলাম যে বৃষ্টিতে না ভিজতে
আস্তে আস্তে আঁরা এব্বেরে শেষুর দিকে চলি আইসসি,আস্তে আস্তে আমরা একদম শেষের দিকে চলে আসছি
আঁই আজিয়ে রিয়াজ উদ্দিন বাজারোত্তুন বিয়াক লই আসসুম,আমি আজকে রিয়াজ উদ্দিন বাজার থেকে সব নিয়ে আসব
আঁই আজিইয়্যে রিয়াজ উদ্দিন বাজারোত্তুন বিয়াক লই আসসুম,আমি আজকে রিয়াজ উদ্দিন বাজার থেকে সব নিয়ে আসব
বিয়াক হর তোঁয়াত্তুন ধোয়ন পরিবো,সব কাপড় তোমাকে ধুতে হবে
শীতহাল যাইরে এহন গরমহাল চলি আইস্যি,শীতকাল গিয়ে এখন গরমকাল চলে আসছে
"আব্বু, আঁর সাইকেলগান এক্কানা মেরামত গরাই দও, চাক্কা নষ্ট অই গেইয়্যি","বাবা, আমার সাইকেলটা একটু মেরামত করিয়ে দাও, চাকা নষ্ট হয়ে গেছে"
"আব্বু, আঁর সাইকেলগান ইক্কিনি মেরামত গরাই দও, চাক্কা নষ্ট অই গেইয়্যি","বাবা, আমার সাইকেলটা একটু মেরামত করিয়ে দাও, চাকা নষ্ট হয়ে গেছে"
"আজিয়ে শেষবারোর মতন হইদ্দি, আর হইতাম ন","আজকে শেষবারের মত বলছি, আর বলব না"
"আজিইয়্যে শেষবারোর মতন হইদ্দি, আর হইতাম ন","আজকে শেষবারের মত বলছি, আর বলব না"
"যা অইয়্যি বৌত বেশি অইয়্যি, আর গরন ফইত্তু ন","যা হয়েছে অনেক বেশি হয়েছে, আর করতে হবে না"
"দাদারে বৌত মিস গরির, দাদা মরি যাইবের পরুত্তুন ঘর ইয়েন কেন জানি আধার অই গেইয়্যি","দাদুকে অনেক মিস করি, দাদু মারা যাওয়ার পর থেকে ঘরটা কেমন জানি অন্ধকার হয়ে গেছে"
"দাদারে বৌত মিস গরির, দাদা মরি যাইবের পরুত্তুন ঘর ইয়েন কেন হইত পারি আধার অই গেইয়্যি","দাদুকে অনেক মিস করি, দাদু মারা যাওয়ার পর থেকে ঘরটা কেমন জানি অন্ধকার হয়ে গেছে"
আঁর লাগেজ ইবে হুনদি রাইক্কুম? বাসুত কি লাগেজ রাহিবের জাগা আছে?,আমার লাগেজটা কোনদিকে রাখব? বাসে কি লাগেজ রাখার জায়গা আছে?
"মাছ এগুন এব্বেরে জিয়াতা, নরেদ্দে সো","মাছগুলো একদম জীবিত, নড়ছে দেখেন"
"তোঁয়ার হতা আত্তুন বৌত মনত পরে, কিন্তু ইয়েন আঁই প্রকাশ ন গরি","তোমার কথা আমার অনেক মনে পড়ে, কিন্তু সেটা আমি প্রকাশ করি না"
"তোঁয়ার হথা আত্তুন বৌত মনত পরে, কিন্তু ইয়েন আঁই প্রকাশ ন গরি","তোমার কথা আমার অনেক মনে পড়ে, কিন্তু সেটা আমি প্রকাশ করি না"
কল দিয়্যুম ভাইয়ে? আঁই এহন বাইরে আছি,কল দেব ভাইয়া? আমি এখন বাইরে আছি
কল দিয়্যুম ভাইয়ে? আঁই এহন বাদ্দি আছি,কল দেব ভাইয়া? আমি এখন বাইরে আছি
"বদ্দা, বাসস্ট্যান্ড উত্তুন হোটেল উত যাইতে কি রিকশা পন যাইবু?","ভাই, বাসস্ট্যান্ড থেকে হোটেলে যেতে কি রিকশা পাওয়া যাবে?"
"বৃষ্টির দিনুত ঘরবন্দী অই বই আছি, হনো হাজ গরিত ন পারির","বৃষ্টির দিনে ঘরবন্দী হয়ে বসে আছি, কোনো কাজ করতে পারছি না"
"বৃষ্টির দিনুত ঘরবন্দী অই বই আছি, হনো হাম গরিত ন পারির","বৃষ্টির দিনে ঘরবন্দী হয়ে বসে আছি, কোনো কাজ করতে পারছি না"
ঝরোর দিনোত হর ফুঅতে বৌত হষ্ট অই যায়,বৃষ্টির দিনে কাপড় শুকাতে অনেক কষ্ট হয়ে যায়
"কী অইয়্যি ন বুঝির, বৌত হতক্ষন ধরি ফোন বন্ধ ফাইর","কী হয়েছে বুঝছি না, অনেকক্ষণ ধরে ফোন বন্ধ পাচ্ছি"
"আঁর ছোডো ভাই আরাদিন উদো ভাত আর ডেইল হায়, অন্য কিছু মুখুত ন তোলে","আমার ছোট ভাই সারাদিন শুধু ভাত আর ডাল খায়, অন্য কিছু মুখে তোলে না"
"আঁর ছোডো ভাই ফুরোদিন উদো ভাত আর ডেইল হায়, অন্য কিছু মুখুত ন তোলে","আমার ছোট ভাই সারাদিন শুধু ভাত আর ডাল খায়, অন্য কিছু মুখে তোলে না"
"আঁর ছোডো ভাই আরাদিন শুধু ভাত আর ডেইল হায়, অন্য কিছু মুখুত ন তোলে","আমার ছোট ভাই সারাদিন শুধু ভাত আর ডাল খায়, অন্য কিছু মুখে তোলে না"
তুরে দেহি রে অসুস্থ মনে অর,তোকে দেখে অসুস্থ মনে হচ্ছে
"আঁই তোঁয়ারে বাধ্য ন গরির, যদি তোঁয়ার ইচ্ছে থাহে তইলি গরো","আমি তোমাকে বাধ্য করছি না, যদি তোমার ইচ্ছা থাকে তাহলে কর"
"আঁই গম আছি, তুঁই কেন আছো?","আমি ভালো আছি, তুমি কেমন আছো?"
"আঁই ভালা আছি, তুঁই কেন আছো?","আমি ভালো আছি, তুমি কেমন আছো?"
এই ঈদুত আঁরা উজ্ঞো ফ্যামেলি টুর দিয়্যুম,এই ঈদে আমরা একটা ফ্যামিলি টুর দেব
"ইতেত্তুন ন লইয়্যুন, ইতের মাছ এগুন গত হালিয়ের মাছ","ওর থেকে নিয়েন না, ওর মাছগুলো গতকালের মাছ"
বন্ধু অক্কলোর লগে আড্ডা ন দি হারা ঘরোত আই রে ফইত্তু বই,বন্ধুদের সাথে আড্ডা না দিয়ে জলদি ঘরে এসে পড়তে বস
বন্ধু অক্কলোর ওয়ারে আড্ডা ন দি হারা ঘরোত আই রে ফইত্তু বই,বন্ধুদের সাথে আড্ডা না দিয়ে জলদি ঘরে এসে পড়তে বস
বন্ধু অক্কলোর ফুয়ারে আড্ডা ন দি হারা ঘরোত আই রে ফইত্তু বই,বন্ধুদের সাথে আড্ডা না দিয়ে জলদি ঘরে এসে পড়তে বস
বন্ধু অক্কলোর লগে আড্ডা ন দি তারাতারি ঘরোত আই রে ফইত্তু বই,বন্ধুদের সাথে আড্ডা না দিয়ে জলদি ঘরে এসে পড়তে বস
বন্ধু অক্কলোর লগে আড্ডা ন দি জলদি ঘরোত আই রে ফইত্তু বই,বন্ধুদের সাথে আড্ডা না দিয়ে জলদি ঘরে এসে পড়তে বস
"বন্ধু চল, আজিয়ে বহাদ্দারহাটুত্তুন ওরশ বিরেনি হায় আই","বন্ধু চল, আজকে বহাদ্দারহাট থেকে ওরশ বিরিয়ানি খেয়ে আসি"
"বন্ধু চল, আজিইয়্যে বহাদ্দারহাটুত্তুন ওরশ বিরেনি হায় আই","বন্ধু চল, আজকে বহাদ্দারহাট থেকে ওরশ বিরিয়ানি খেয়ে আসি"
আঁই ন জানি আজিয়ে কি অইয়্যি,আমি জানিনা আজকে কি হয়েছে
আঁই ন জানি আজিইয়্যে কি অইয়্যি,আমি জানিনা আজকে কি হয়েছে
আঁই ন হইত পারি আজিয়ে কি অইয়্যি,আমি জানিনা আজকে কি হয়েছে
ফইত্তুদিন বেইন্নে তারাতারি উডি কোরআন তেলাওয়াত গরিবে,প্রতিদিন সকালে তাড়াতাড়ি উঠে কোরআন তেলাওয়াত করবে
ফইত্তুদিন ফজোরত তারাতারি উডি কোরআন তেলাওয়াত গরিবে,প্রতিদিন সকালে তাড়াতাড়ি উঠে কোরআন তেলাওয়াত করবে
আঁই বেইন্নে উডি হেইল্যে ফেডে এক গ্লাস পানি হায়,আমি সকালে উঠে খালি পেঠে এক গ্লাস পানি খায়
আঁই ফজোরত উডি হেইল্যে ফেডে এক গ্লাস পানি হায়,আমি সকালে উঠে খালি পেঠে এক গ্লাস পানি খায়
আঁই বেইন্নে উডি হালি ফেডে এক গ্লাস পানি হায়,আমি সকালে উঠে খালি পেঠে এক গ্লাস পানি খায়
কুত্তর ফেডুত বলে ঘি অজম ন অয়,কুকুরের পেঠে নাকি ঘি হজম হয় না
"বদ্দা, পওরুটি ইবে হত্তের? মিয়াদ আছে না?","ভাই, পাওরুটি এটা কখনের? মেয়াদ আছে?"
যেন তোঁয়াত্তুন হষ্ট ন আয় এতেল্লে আঁই লই আইসসি,যেন তোমার কষ্ট না হয় সেজন্য আমি নিয়ে আসছি
"বদ্দা, হাম অইবু না?","বড় ভাই, কাজ হবে তো?"
"বদ্দা, হাজ অইবু না?","বড় ভাই, কাজ হবে তো?"
"কি রে, তুই এহনো সেই পুরন অভ্যেস ছারিত ন পারিলি","কী রে, তুই এখনো সেই পুরোনো অভ্যাস ছাড়তে পারলি না"
"কি রে, তুই এইজু সেই পুরন অভ্যেস ছারিত ন পারিলি","কী রে, তুই এখনো সেই পুরোনো অভ্যাস ছাড়তে পারলি না"
অসুখ লই বই থাহন ভালা ন,অসুখ নিয়ে বসে থাকা ভালো না
অসুখ লই বই থাহন গম ন,অসুখ নিয়ে বসে থাকা ভালো না
"আঁরার আ'তুত এহন বেশি সময় নেই, যা গরিবের তারাতারি গরন ফরিবু","আমাদের হাতে এখন বেশি সময় নেই, যা করার তাড়াতাড়ি করতে হবে"
হতা ন হইরে চুপ চাপ হানা হ,কথা না বলে চুপ চাপ খাবার খাও
হথা ন হইরে চুপ চাপ হানা হ,কথা না বলে চুপ চাপ খাবার খাও
"স্যার, বৌত হতক্ষন অই গেইয়্যি, এবার যদি আঁর হাতাগো দি দিতেন","স্যার, অনেকক্ষণ হয়ে গেল, এবার যদি আমার খাতাটা দিয়ে দিতেন"
"ভাইয়ে, এগুন সাগরুর মাছ, এতেল্লে দাম বেশি","ভাইয়া, এগুলো সাগরের মাছ, তাই দাম বেশি"
আঁরা দুবাই ন যাই আরও হম টিয়া দি অন্য হনোমিক্কে ঘুরি আইত ফারি,আমরা দুবাই না গিয়ে আরও কম টাকায় অন্য কোথাও ঘুরে আসতে পারি
আবির হাধুত ব্যাগ লই বাইর অই গেইয়্যি,আবির কাঁধে ব্যাগ নিয়ে বের হয়ে গেছে
"স, আত্তুন তোঁয়ার লগে মুখ লাগাইবের হনো ইচ্ছে নেই, এনেই মন-মেজাজ ভালা নো","দেখো, আমার তোমার সঙ্গে মুখ লাগানোর কোনো ইচ্ছা নেই। এমনিতেই মন-মেজাজ ভালো না"
"স, আত্তুন তোঁয়ার লগে মুখ লাগাইবের হনো ইচ্ছে নেই, এনেই মন-মেজাজ গম নো","দেখো, আমার তোমার সঙ্গে মুখ লাগানোর কোনো ইচ্ছা নেই। এমনিতেই মন-মেজাজ ভালো না"
দরজার পর্দাগান টানি দিলি কি সমস্যা? আত্তুন শরম লাগের তো,দরজার পর্দাটা টেনে দিলে কি সমস্যা? আমার লজ্জা লাগছে তো
দরজার পর্দাগান টানি দিলি কি সমস্যা? আত্তুন শরম লার তো,দরজার পর্দাটা টেনে দিলে কি সমস্যা? আমার লজ্জা লাগছে তো
আঁর ছোডোবেলাত্তুন স্বপ্ন ঢাহা বিশ্ববিদ্যালয় উত পরালেহা গরন,আমার ছোটবেলা থেকে স্বপ্ন ঢাকা বিশ্ববিদ্যালয়ে পড়াশোনা করা
ইতারা দুনুজনোর পাঞ্জাবি দেহি বুঝা যার ইতারা দুনুজন ভাই,এদের দুজনের পাঞ্জাবি দেখে বোঝা যাচ্ছে এরা দুজন ভাই
ইবে বৌত ফালতু উজ্ঞো মোবাইল,এটা অনেক ফালতু একটা মোবাইল
তুরা খেইলতো যাইবের পরে আঁরে হইস,তোরা খেলতে যাওয়ার পর আমাকে বলিস
তোঁয়ার দোয়ানুর ফুওয়া ইবের বেবার ভালা ন লাগে আত্তুন,তোমার দোকানের ছেলেটার ব্যবহার ভালো লাগেনি আমার
তোঁয়ার দোয়ানুর ফুওয়া ইবের বেবার গম ন লাগে আত্তুন,তোমার দোকানের ছেলেটার ব্যবহার ভালো লাগেনি আমার
"ফোওয়াত্তে সূর্য উডিবের আগেই আঁই উডি যায়, তারপর নামাজ পরি","ভোরে সূর্য ওঠার আগেই আমি উঠে পড়ি, তারপর নামাজ পড়ি"
"হ্যালো আসসালামু আলাইকুম, কেন আছন? হতোদিন পর","হ্যালো আসসালামু আলাইকু্ম, কেমন আছেন? কতোদিন পর"
ফঅলুর সুখ বলে মনে মনে,পাগলের সুখ নাকি মনে মনে
আঁর বিয়াক হর ফুরন অই গেইয়্যি,আমার সব কাপড় পুরাতন হয়ে গেছে
"বেশি গরম লার, ফ্যান ইবে চালু গরো","বেশি গরম লাগছে, পাখাটা অন করো"
"বাসা তোওয়াইতে তোওয়াইতে অরান অই গেই, তাও এক্কান গম বাসা ন পাই","বাসা খুঁজতে খুঁজতে ক্লান্ত হয়ে গেছি, তাও একটা ভালো বাসা পাইনি"
"বাসা তোওয়াইতে তোওয়াইতে অরান অই গেই, তাও এক্কান ভালা বাসা ন পাই","বাসা খুঁজতে খুঁজতে ক্লান্ত হয়ে গেছি, তাও একটা ভালো বাসা পাইনি"
"বাসা তোওয়াইতে তোওয়াইতে হয়রান অই গেই, তাও এক্কান গম বাসা ন পাই","বাসা খুঁজতে খুঁজতে ক্লান্ত হয়ে গেছি, তাও একটা ভালো বাসা পাইনি"
আঁরার এলাকাত রবি নেটওয়ার্ক এব্বেরে নেই,আমাদের এলাকায় রবি নেটওয়ার্ক একদম নেই
বাজারুত্তুন উজ্ঞো বরো সাইজুর কুরো লই আইয়্যো,বাজার থেকে একটা বড় সাইজের মুরগি নিয়ে আসো
বাজারুত্তুন উজ্ঞো বরো সাইজুর কুরা লই আইয়্যো,বাজার থেকে একটা বড় সাইজের মুরগি নিয়ে আসো
এই সমস্যা ইয়েনুর লাই আঁরা সামনে আগাইত ন পারির,এই সমস্যাটার জন্য আমরা সামনে এগোতে পারছি না
"মুরাদ হইয়্যি, তুঁই বলে ১০ তারিখ ঢাহা চলি যার?","মুরাদ বলল, তুমি নাকি ১০ তারিখে ঢাকায় চলে যাচ্ছ?"
"চুলোত অইন জলাই দ, এহন রান্না গইজ্জুম","চুলায় আগুন জ্বালিয়ে দাও, এখন রান্না করব"
ফেডুত এত বেশি ব্যথা গরেদ্দে বইতও ন ফারির,পেটে এত বেশি ব্যথা করছে যে বসতেও পারছি না
"বদ্দা, এক্কানা হম গরি দিলি লই যাইয়্যুম","ভাই, একটু কম করে দিলে নিয়ে যাব"
"বদ্দা, ইক্কিনি হম গরি দিলি লই যাইয়্যুম","ভাই, একটু কম করে দিলে নিয়ে যাব"
ক্যাশ দিলি কি এক্কানা ছার পন যাইবু?,ক্যাশ দিলে কি একটু ছাড় পাওয়া যাবে?
ক্যাশ দিলি কি ইক্কিনি ছার পন যাইবু?,ক্যাশ দিলে কি একটু ছাড় পাওয়া যাবে?
"হেইল্যে ফেডে আঁর মাথা হাজ ন গরে, কিছু হাইত ফারিলিই শান্তি","খালি পেটে আমার মাথা কাজ করে না, কিছু খেতে পারলেই শান্তি"
"হেইল্যে ফেডে আঁর মাথা হাম ন গরে, কিছু হাইত ফারিলিই শান্তি","খালি পেটে আমার মাথা কাজ করে না, কিছু খেতে পারলেই শান্তি"
"হালি ফেডে আঁর মাথা হাজ ন গরে, কিছু হাইত ফারিলিই শান্তি","খালি পেটে আমার মাথা কাজ করে না, কিছু খেতে পারলেই শান্তি"
ইবে এল্লেত দ্রুত হায় দে মনে অয় হানা চাবাইবের সময় ন পায়,সে এত দ্রুত খায় যে মনে হয় খাবার চিবানোর সময়ই পায় না
ইবে এতো দ্রুত হায় দে মনে অয় হানা চাবাইবের সময় ন পায়,সে এত দ্রুত খায় যে মনে হয় খাবার চিবানোর সময়ই পায় না
"আঁর হর আঁই ধুইয়্যুম, তোঁয়াত্তুন ধোওয়োনুর দরহার নেই","আমার কাপড় আমি ধোব, তোমার ধোয়ার দরকার নেই"
"এই মাসুত কক্সবাজারুত বৌত জাম অইবু, সামনুর মাসুত যাইয়্যুম","এই মাসে কক্সবাজারে অনেক জ্যাম হবে, সামনের মাসে যাব"
"হালিয়ে পরিক্ষে, এতেল্লে বেইন্নে তারাতারি উডন পরিবো","আগামীকাল পরিক্ষা, সেজন্য সকালে জলদি উঠতে হবে"
"হালিয়ে পরিক্ষে, এতেল্লে ফজোরত তারাতারি উডন পরিবো","আগামীকাল পরিক্ষা, সেজন্য সকালে জলদি উঠতে হবে"
"হালিয়ে পরিক্ষে, এতেল্লে বেইন্নে হারা উডন পরিবো","আগামীকাল পরিক্ষা, সেজন্য সকালে জলদি উঠতে হবে"
"হালিয়ে পরিক্ষে, এতেল্লে বেইন্নে জলদি উডন পরিবো","আগামীকাল পরিক্ষা, সেজন্য সকালে জলদি উঠতে হবে"
অঁনোর লাই অপেক্ষা গইজ্জুম আঁই,আপনার জন্য অপেক্ষা করব আমি
"বৌত বেশি হুয়া, হুয়ার লাই সূর্য দেহা ন যার","অনেক বেশি কুয়াশা, কুয়াশার জন্য সূর্য দেখা যাচ্ছে না"
বৌত হদুজ্ঞুন মাছ মরি ফইরুত ভা'আর,অনেকগুলো মাছ মরে গিয়ে পুকুরে ভাসছে
টিয়া হামন যে হত হষ্ট ইয়েন যে হামাই ইতে জানে,"টাকা আয় করা যে কত কষ্ট, সেটা যে আয় করে সেই জানে"
"জ্বর অইবের হারনে মুখুর রুচি চলি গেইয়্যি, এতেল্লে এহন হনো কিছুর স্বাদ ন লাগের","জ্বর হওয়ার কারণে মুখের রুচি চলে গেছে, তাই এখন কোনো কিছুর স্বাদ লাগছে না"
"জ্বর অইবের হারনে মুখুর রুচি চলি গেইয়্যি, এতেল্লে এহন হনো কিছুর স্বাদ ন লার","জ্বর হওয়ার কারণে মুখের রুচি চলে গেছে, তাই এখন কোনো কিছুর স্বাদ লাগছে না"
"আঁর হাজ আঁই ঠিক সময়ুত শেষ গরি ফেলাইয়্যুম, তুই একদম চিনতে ন গরিস","আমার কাজ আমি ঠিক সময়ে শেষ করে ফেলব, তুই একদম চিন্তা করিস না"
"আঁর হাম আঁই ঠিক সময়ুত শেষ গরি ফেলাইয়্যুম, তুই একদম চিনতে ন গরিস","আমার কাজ আমি ঠিক সময়ে শেষ করে ফেলব, তুই একদম চিন্তা করিস না"
"হবরুত উনিলাম নতুন উজ্ঞো ঘূর্ণিঝর আইয়্যির, বিয়াজ্ঞুনুরে আশ্রয়কেন্দ্রত চলি যাইতু হইয়্যি","খবরে শুনলাম নতুন একটা ঘূর্ণিঝড় আসছে, সবাইকে আশ্রয়কেন্দ্রে চলে যেতে বলল"
"তো মাসুদ সাব, কেন লার আঁরার আয়োজন?","মাসুদ সাহেব, কেমন লাগতাছে আমাদের আয়োজন?"
"তো মাসুদ সাব, কেন লাগের আঁরার আয়োজন?","মাসুদ সাহেব, কেমন লাগতাছে আমাদের আয়োজন?"
বাতাস বেশি অইবের হারনে ছাতিগান ভাঙি গেইয়্যি,বাতাস বেশি হওয়ার কারণে ছাতাটা ভেঙে গেল
গুরো থাকতে বলে তুই বিছেনুত মুতি দিতি?,ছোটবেলায় নাকি তুই বিছানায় প্রস্রাব করে দিতি?
"আঁর শরীল এব্বেরে ভালা ন, আঁর লাই এক্কানা দোয়া গইজ্জো","আমার শরীর একদম ভাল না, আমার জন্য একটু দোয়া করিও"
"আঁর শরীল এব্বেরে গম ন, আঁর লাই এক্কানা দোয়া গইজ্জো","আমার শরীর একদম ভাল না, আমার জন্য একটু দোয়া করিও"
"আঁর শরীল এব্বেরে ভালা ন, আঁর লাই ইক্কিনি দোয়া গইজ্জো","আমার শরীর একদম ভাল না, আমার জন্য একটু দোয়া করিও"
"আঁর শরীর এব্বেরে ভালা ন, আঁর লাই এক্কানা দোয়া গইজ্জো","আমার শরীর একদম ভাল না, আমার জন্য একটু দোয়া করিও"
"বসন্তর বাতাসুত ফুলুর গন্ধ বাই আইয়্যির, মন ইয়েন আনন্দে ভরি উইট্টি","বসন্তের বাতাসে ফুলের গন্ধ ভেসে আসছে, মনটা কেমন আনন্দে ভরে উঠছে"
"ইতের মাথা ঠিক নেই, মাথা ঠিক থাহিলি এল্লেত হতা হইতু?","ওর মাথা ঠিক নাই, মাথা ঠিক থাকলে এমন কথা বলত?"
"ইতের মাথা ঠিক নেই, মাথা ঠিক থাহিলি এল্লেত হথা হইতু?","ওর মাথা ঠিক নাই, মাথা ঠিক থাকলে এমন কথা বলত?"
এল্লেত মরার মতন হনে ঘুম যায়! হারা উঠ ঘুমুত্তোন,এভাবে মরার মতো কে ঘুমায়! জলদি উঠ ঘুম থেকে
এল্লেত মরার মতন হনে ঘুম যায়! তারাতারি উঠ ঘুমুত্তোন,এভাবে মরার মতো কে ঘুমায়! জলদি উঠ ঘুম থেকে
এল্লেত মরার মতন হনে ঘুম যায়! জলদি উঠ ঘুমুত্তোন,এভাবে মরার মতো কে ঘুমায়! জলদি উঠ ঘুম থেকে
এন গরি মরার মতন হনে ঘুম যায়! হারা উঠ ঘুমুত্তোন,এভাবে মরার মতো কে ঘুমায়! জলদি উঠ ঘুম থেকে
এইল্লেত মরার মতন হনে ঘুম যায়! হারা উঠ ঘুমুত্তোন,এভাবে মরার মতো কে ঘুমায়! জলদি উঠ ঘুম থেকে
ইল্লেত মরার মতন হনে ঘুম যায়! হারা উঠ ঘুমুত্তোন,এভাবে মরার মতো কে ঘুমায়! জলদি উঠ ঘুম থেকে
"আরে হাছান, কি হবর?","আরে হাছান, কি খবর?"
ফুরোদিন ফোন টিপন ছাড়া আর হনো হাম আছে?,সারাদিন ফোন টিপা ছাড়া আর কোন কাজ আছে?
ফুরোদিন ফোন টিপন ছাড়া আর হনো হাজ আছে?,সারাদিন ফোন টিপা ছাড়া আর কোন কাজ আছে?
আরাদিন ফোন টিপন ছাড়া আর হনো হাম আছে?,সারাদিন ফোন টিপা ছাড়া আর কোন কাজ আছে?
বন্ধুরে হইলাম এহেল্লে এহেল্লে ন থাহি উজ্ঞো বিয়ে গরি লইতো,বন্ধুকে বললাম একা একা না থেকে একটা বিয়ে করে নিতে
আল্লাহ যা গরে ভালার লাই গরে,আল্লাহ যা করেন ভালোর জন্য করেন
"এহন বর্ষাহাল, এতেল্লে বান্দরবন ফারুত ন যাইলি ভালা অইবু","এখন বর্ষাকাল, তাই বান্দরবানের পাহাড়ে না গেলে ভালো হবে"
"এহন বর্ষাহাল, এতেল্লে বান্দরবন ফারুত ন যাইলি গম অইবু","এখন বর্ষাকাল, তাই বান্দরবানের পাহাড়ে না গেলে ভালো হবে"
আঁর যদি দোষ থাইকতো তইলি আঁই মানি লইতাম,আমার যদি দোষ থাকতো তাহলে আমি মেনে নিতাম
"আঁরা বৌত সময় মানুষ উরে বেশি বিশ্বেস গরি ফেলাই, যার হারনে পরে যাই হষ্ট পাই","আমরা অনেক সময় মানুষকে বেশি বিশ্বাস করে ফেলি, যার কারণে পরে গিয়ে কষ্ট পাই"
"হ্যালো রাকিব, হনডে যর?","হ্যালো রাকিব, কোথায় যাচ্ছো?"
"হ্যালো রাকিব, হডে যর?","হ্যালো রাকিব, কোথায় যাচ্ছো?"
মাঝে মাঝে প্রতিবেশী অক্কলোরও হোচ হবর লন ফরে,মাঝে মাঝে প্রতিবেশীদেরও খোঁজখবর নিতে হয়
উইন্নিলাম আঁরার ভার্সিটি খুলিবু আগামী সপ্তাত?,শুনলাম আমাদের ভার্সিটি খুলবে আগামী সপ্তাহ?
"বর্ষাহাল আইলিই আঁর লাই সমস্যা, বিয়াক হাজ বন্ধ থাহে","বর্ষাকাল আসলেই আমার জন্য সমস্যা, সব কাজ বন্ধ থাকে"
"বর্ষাহাল আইলিই আঁর লাই সমস্যা, বিয়াক হাম বন্ধ থাহে","বর্ষাকাল আসলেই আমার জন্য সমস্যা, সব কাজ বন্ধ থাকে"
"আঁর ব্যাগ ইবে বেশি ভারী, আঁরে এক্কানা হেল্প গরন","আমার ব্যাগটা বেশি ভারী, আমাকে একটু হেল্প করেন"
"আঁর ব্যাগ ইবে বেশি ভারী, আঁরে ইক্কিনি হেল্প গরন","আমার ব্যাগটা বেশি ভারী, আমাকে একটু হেল্প করেন"
তোরে দেহিলিই আঁর মাথা গরম অই যাই,তোকে দেখলেই আমার মাথা গরম হয়ে যায়
আঁর ভাইয়্যুরে কিয়াই দেইত ফারিলি আত্তুন বৌত ভালা লাগে,আমার ভাইকে কেউ দেখতে পারলে আমার অনেক ভালো লাগে
আঁর ভাইয়্যুরে কিয়াই দেইত ফারিলি আত্তুন বৌত গম লাগে,আমার ভাইকে কেউ দেখতে পারলে আমার অনেক ভালো লাগে
"এহন বয়স অইয়্যি, এতেল্লে ওভাবে ঘোরাঘুরি গরা ন অয়","এখন বয়স হয়েছে, তাই ওভাবে ঘোরাঘুরি করা হয় না"
"তুঁই হনো চিন্তে ন গইজ্জো, তোঁয়ারে ফইত্তুদিনুর টিয়া ফইত্তুদিনই দিই দিবু","তুমি কোনো চিন্তা করো না, তোমাকে প্রতিদিনের টাকা প্রতিদিনই দিয়ে দেওয়া হবে"
অজমশক্তি দিন দিন হমি যার,হজমশক্তি দিন দিন কমে যাচ্ছে
বেইক্কে টিয়াগুন ফেরত দিলি ভালা অইবু,বাকি টাকাগুলো ফেরত দিলে ভাল হবে
বেইক্কে টিয়াগুন ফেরত দিলি গম অইবু,বাকি টাকাগুলো ফেরত দিলে ভাল হবে
"আজিয়ে এক্কান আকাম অইয়্যি, আঁর জুতা চুরি অই গেইয়্যি","আজকে একটা আকাম হয়েছে, আমার জুতা চুরি হয়ে গেছে"
"আজিইয়্যে এক্কান আকাম অইয়্যি, আঁর জুতা চুরি অই গেইয়্যি","আজকে একটা আকাম হয়েছে, আমার জুতা চুরি হয়ে গেছে"
"ভালা অই যা বন্ধু, প্রেম গরন ভালা ন","ভালো হয়ে যা বন্ধু, প্রেম করা ভালো না"
"গম অই যা বন্ধু, প্রেম গরন ভালা ন","ভালো হয়ে যা বন্ধু, প্রেম করা ভালো না"
লেবু বলে ৪গো একশ টিয়া,লেবু নাকি ৪টা একশ টাকা
তুই আঁরে নহস কা?,তুই আমাকে বলিস নাই কেন?
"আঁই যেহেতু প্রজেকট ম্যানেজার, এতেল্লে সিদ্ধান্ত আঁই লইয়্যুম","আমি যেহেতু প্রজেক্ট ম্যানেজার, সেজন্য সিদ্ধান্ত আমিই নেব"
দরদাম গরিত ন জানিলি তো টিয়া বেশি লই ফেলাইবু,দরদাম করতে না জানলে তো টাকা বেশি নিয়ে ফেলবে
"আঁর উজ্ঞো হালা আছিল, যিবে মুরি দি চা হাইতু","আমার এক খালামণি ছিলেন, যিনি মুড়ি দিয়ে চা খেতেন"
"আঁই বাইর অইর, এহন এল্লেত মুখ হালা গরি থাহিলি আঁই যাইয়্যুম কেনে?","আমি বের হচ্ছি, এখন এভাবে মুখ কালো করে থাকলে আমি যাব কীভাবে?"
"আঁই বাইর অইর, এহন এন গরি মুখ হালা গরি থাহিলি আঁই যাইয়্যুম কেনে?","আমি বের হচ্ছি, এখন এভাবে মুখ কালো করে থাকলে আমি যাব কীভাবে?"
"আঁই বাইর অইর, এহন এইল্লেত মুখ হালা গরি থাহিলি আঁই যাইয়্যুম কেনে?","আমি বের হচ্ছি, এখন এভাবে মুখ কালো করে থাকলে আমি যাব কীভাবে?"
"আঁই বাইর অইর, এহন ইল্লেত মুখ হালা গরি থাহিলি আঁই যাইয়্যুম কেনে?","আমি বের হচ্ছি, এখন এভাবে মুখ কালো করে থাকলে আমি যাব কীভাবে?"
নতুন স্যার উর পরা এগিন কিছু ন বুঝির,নতুন স্যারের পড়াগুলো কিছু বুঝি না
"আজিয়ে দইজ্জেত উত বেশি, মাছ ধইত্তু যন ঠিক অইতুনো","আজকে নদীতে স্রোত বেশি, মাছ ধরতে যাওয়া ঠিক হবে না"
"আজিইয়্যে দইজ্জেত উত বেশি, মাছ ধইত্তু যন ঠিক অইতুনো","আজকে নদীতে স্রোত বেশি, মাছ ধরতে যাওয়া ঠিক হবে না"
"মাছ এগুন কি ফার্মুর, নাকি দেশি?","মাছগুলো কি ফার্মের, নাকি দেশি?"
হোমওয়ার্ক ন গরিলি আঁই ম্যাডাম উরে হই দিয়্যুম,হোমওয়ার্ক না করলে আমি ম্যাডামকে বলে দেবো
"আঁর শার্ট ইবে এক্কানা ধুই দিও তো, ইবে বৌত হাচারা অই গেইয়্যি","আমার শার্টটা একটু ধুয়ে দিও তো, এটা অনেক ময়লা হয়ে গেছে"
"আঁর শার্ট ইবে ইক্কিনি ধুই দিও তো, ইবে বৌত হাচারা অই গেইয়্যি","আমার শার্টটা একটু ধুয়ে দিও তো, এটা অনেক ময়লা হয়ে গেছে"
গুরো থাকতে রমজান মাসুত মসইদুত তারাবিহ ফইত্তু গেইলি বৌত যারগই গইত্তাম,ছোটবেলায় রমজান মাসে মসজিদে তারাবিহ পড়তে গেলে অনেক দুষ্টামি করতাম
ঘরোর বিয়াজ্ঞুনুত্তুন গুরো ফুওয়া ইবে বৌত জারগো অই,ঘরের সবচেয়ে ছোট ছেলেটা অনেক দুষ্টু হয়
"এহন ভুক নাই, পরে হাইয়্যুম","এখন ক্ষুদা নাই, পরে খাবো"
তোঁয়ারে বৌতদিন ন দেহি,তোমাকে অনেকদিন দেখিনায়
আঁই চিনতে গরির এবার শীতুর ছুটিত আঁর দাদুরে একবার যাই সাই আইসসুম,আমি চিন্তা করছি এবার শীতের ছুটিতে আমার দাদুকে একবার গিয়ে দেখে আসব
দাত ন মাজিলি দাতুত ফুক অইবু,দাঁত না মাজলে দাঁতে পোকা হবে
দাত ন মাজিলি দাতুত ফুগ অইবু,দাঁত না মাজলে দাঁতে পোকা হবে
"আরাত্তুন এক্কান বাস দি ন অইবু, দুইয়েন লাগিবু","আমাদের একটা বাস দিয়ে হবেনা, দুইটা লাগবে"
মাঢ়োত যাইলি চল,মাঠে গেলে চল
"আঁই সবসময় তোঁয়ার দোয়ানুত্তুন হর লই, এবার দাম হম রাহন ফরিবু","আমি সবসময় তোমার দোকান থেকে কাপড় নিই, এবার দাম কম রাখতে হবে"
"সাম্মোদ্দি এক্কান এক্সিডেন্ট অইয়্যি, এতেল্লে রাস্তাত জাম লাগি থেইক্কি","সামনে একটা এক্সিডেন্ট হয়েছে, তাই রাস্তায় জ্যাম লেগে আছে"
আজিয়ে অফিসুত যন ফরিবু দে এতেল্লে আইইয় ফাইত্তাম নো,আজকে অফিসে যেতে হবে যে তাই আসতে পারব না
আজিইয়্যে অফিসুত যন ফরিবু দে এতেল্লে আইইয় ফাইত্তাম নো,আজকে অফিসে যেতে হবে যে তাই আসতে পারব না
"আইডি কার্ড ইয়েন লই আই, নইলি আবার বাইর গরি দিবু","আইডি কার্ডটা নিয়ে আসি, না হলে আবার বের করে দেবে"
রোগ প্রতিরোধ ক্ষমতা বারাইতু চাইলি ফইত্তুদিন তাজা ফলমুল আর শাকসবজি হন দরহার,রোগ প্রতিরোধ ক্ষমতা বাড়াতে হলে প্রতিদিন তাজা ফলমূল এবং শাকসবজি খাওয়া দরকার
"মেইফুওয়া ইবের আরাঁরাইত জ্বর আছিল, কিছু হাইত ন পারে","মেয়েটার সারারাত জ্বর ছিল, কিছু খেতে পারেনি"
আল্লাহ আঁর আফারে উজ্ঞো সুন্দর জামাই দক,আল্লাহ আমার আপুকে একটা সুন্দর জামাই দিক
"এই বিলেই ইবে এল্লেত জারগো, মাছ ভাজি রাইক্কিলাম দে এত্তুন চুরি গরি হায় ফেলাইয়্যি","এই বিড়ালটা এত দুষ্টু, মাছ ভেজে রেখেছিলাম যে ওখান থেকে চুরি করে খেয়ে ফেলেছে"
"এই বিলেই ইবে এতো জারগো, মাছ ভাজি রাইক্কিলাম দে এত্তুন চুরি গরি হায় ফেলাইয়্যি","এই বিড়ালটা এত দুষ্টু, মাছ ভেজে রেখেছিলাম যে ওখান থেকে চুরি করে খেয়ে ফেলেছে"
"এই বছর তো বৌত হম শীত ফইজ্জি, গত বছর আরও বেশি ফইজ্জিল","এই বছর তো অনেক কম শীত পড়ছে, গত বছর আরও বেশি পড়েছিল"
"বদ্দা, দয়া গরি এক্কানা সরি থিয়ন, পিছুদ্দির মানুষ এগুন সামনে আইত ন পারের","ভাই, দয়া করে একটু সরে দাঁড়ান, পেছনের মানুষগুলো সামনে আসতে পারছে না"
"বদ্দা, দয়া গরি ইক্কিনি সরি থিয়ন, পিছুদ্দির মানুষ এগুন সামনে আইত ন পারের","ভাই, দয়া করে একটু সরে দাঁড়ান, পেছনের মানুষগুলো সামনে আসতে পারছে না"
"যদি তুঁই আইয়্যু তইলি আঁই বৌত খুশি অইয়্যুম, বৌতদিন তোঁয়ারে ন দেহি","যদি তুমি আসো তাহলে আমি অনেক খুশি হবো, অনেকদিন তুমাকে দেখি নাই"
"দেরি অই গেলি সমস্যা অইবু, এতেল্লে যা গরার হারা গরন","দেরি হয়ে গেলে সমস্যা হবে, তাই যা করার জলদি করুন"
"দেরি অই গেলি সমস্যা অইবু, এতেল্লে যা গরার তারাতারি গরন","দেরি হয়ে গেলে সমস্যা হবে, তাই যা করার জলদি করুন"
"দেরি অই গেলি সমস্যা অইবু, এতেল্লে যা গরার জলদি গরন","দেরি হয়ে গেলে সমস্যা হবে, তাই যা করার জলদি করুন"
"যে পরীক্ষে দিই, মনে তো ন অয় পাশ গইজ্জুম","যে পরীক্ষা দিয়েছি, মনে তো হয় না পাশ করব"
"আঁরা এনডে উধো দুদিন থাইক্কুম, এতেল্লে বেশি জিনিস লই যন ন ফরিবু","আমরা ওখানে শুধু দুদিন থাকব, তাই বেশি জিনিস নিয়ে যেতে হবে না"
"সত্যি বলতে আত্তুন এনডে যাইবের হনো ইচ্ছে নেই, অঁনে জোর গরের এতেল্লে যাইর","সত্যি বলতে আমার ওখানে যাওয়ার কোনো ইচ্ছা নেই, আপনি জোর করছেন তাই যাচ্ছি"
আঁই কি চাই ইয়েন তুঁই আঁর চিয়ারা দেহি হইত ন ফারিবে?,আমি কি চাই সেটা তুমি আমার চেহারা দেখে বলতে পারবেনা?
এই বৃষ্টির দিনুত বিয়াজ্ঞুন মিলি লুডু খেলিলি মন এব্বেরে ভালা অই যাইবু,এই বৃষ্টির দিনে সবাই মিলে লুডু খেললে মন একদম ভালো হয়ে যাবে
এই বৃষ্টির দিনুত বিয়াজ্ঞুন মিলি লুডু খেলিলি মন এব্বেরে গম অই যাইবু,এই বৃষ্টির দিনে সবাই মিলে লুডু খেললে মন একদম ভালো হয়ে যাবে
এই বৃষ্টির দিনুত বেজ্ঞুন মিলি লুডু খেলিলি মন এব্বেরে ভালা অই যাইবু,এই বৃষ্টির দিনে সবাই মিলে লুডু খেললে মন একদম ভালো হয়ে যাবে
"বার বার হয়দি বাজারোত্তুন কিছু লইলি ভালা গরি চায় লইবের লাই, এহন দোয়ানদার বিয়াক পুঁচা আম দি দিয়ি তোঁয়ারে","বার বার বলি যে বাজার থেকে কিছু নিলে ভালভাবে দেখে নিতে, এখন দোকানদার সব পঁচা আম দিয়ে দিছে তোমাকে"
"বার বার হয়দি বাজারোত্তুন কিছু লইলি গম গরি চায় লইবের লাই, এহন দোয়ানদার বিয়াক পুঁচা আম দি দিয়ি তোঁয়ারে","বার বার বলি যে বাজার থেকে কিছু নিলে ভালভাবে দেখে নিতে, এখন দোকানদার সব পঁচা আম দিয়ে দিছে তোমাকে"
"আরাত্তুন আরো দুইজন বাকি আছে, ইতারা পটিয়েত্তুন উডিবু","আমাদের আরও দুজন বাকি আছে, ওরা পটিয়া থেকে উঠবে"
পিকনিকুত যায় রে আঁরা এক্কোওয়ারে বৌত মজা গইজ্জি,পিকনিকে গিয়ে আমরা একসাথে অনেক মজা করেছি
পিকনিকুত যায় রে আঁরা এক্কোত্তরে বৌত মজা গইজ্জি,পিকনিকে গিয়ে আমরা একসাথে অনেক মজা করেছি
পিকনিকুত যায় রে আঁরা একলগে বৌত মজা গইজ্জি,পিকনিকে গিয়ে আমরা একসাথে অনেক মজা করেছি
পিকনিকুত যায় রে আঁরা এক্কোফুয়ারে বৌত মজা গইজ্জি,পিকনিকে গিয়ে আমরা একসাথে অনেক মজা করেছি
"সাই এবার হ, এতদিন হন্ডে আছিলে","দেখি এবার বলো, এতদিন কোথায় ছিলে?"
তুঁই এই রাস্তা দি হনডে যার?,তুমি এই রাস্তা দিয়ে কোথায় যাচ্ছ?
"আঁরে বোকা বানন এতো সোজা নো, আঁই হর দেহিলিই কোয়ালিটি বুঝি যাই","আমাকে বোকা বানানো এত সহজ না, আমি কাপড় দেখলেই কোয়ালিটি বুঝে যাই"
"আঁরে বোকা বানন এল্লেত সোজা নো, আঁই হর দেহিলিই কোয়ালিটি বুঝি যাই","আমাকে বোকা বানানো এত সহজ না, আমি কাপড় দেখলেই কোয়ালিটি বুঝে যাই"
"কপি গরিলি গরো, কিন্তু শব্দ ন গইজ্জো","কপি করলে করো, কিন্তু শব্দ করবে না"
এই মোবাইল ফোন ইবের ক্যামেরা কেন? হারন আঁই ছবি তোলিবের লাই কিনতাম চাইদ্দি,এই মোবাইল ফোনটার ক্যামেরা কেমন? কারণ আমি ছবি তোলার জন্যই কিনতে চাইছি
"১০ তারিখ বলে সারা দেশ উত হরতাল দিইয়্যি, ওইদিন ন যাইয়্যু","১০ তারিখ নাকি সারা দেশে হরতাল দিয়েছে, ওইদিন যেও না"
"এহন সাগর গরম, বৌত বরো বরো ঢেউ উডের","এখন সমুদ্র উত্তাল, অনেক বড় বড় ঢেউ উঠছে"
"আফা, তুঁই আঁরে পরাগান এক্কানা বুঝায় দও","আপু, তুমি আমাকে পড়াটা একটু বুঝিয়ে দাও"
"আফা, তুঁই আঁরে পরাগান ইক্কিনি বুঝায় দও","আপু, তুমি আমাকে পড়াটা একটু বুঝিয়ে দাও"
"শরীলুত ভিটেমিনুর অভাবে চুল পরি যার, ডাক্তার সাপ্লিমেন্ট লইতু হইয়্যি","শরীরে ভিটামিনের অভাবে চুল পড়ে যাচ্ছে, ডাক্তার সাপ্লিমেন্ট নিতে বললেন"
"এই বাসুত কি এসি আছে, হারন গরমুর মধ্যে যাইতে বৌত হষ্ট অইবু","এই বাসে কি এসি আছে, কারণ গরমের মধ্যে যেতে অনেক কষ্ট হবে"
